user_type,sleep_hours,sleep_quality,screen_time,workload,energy_level,stress_level,previous_focus_hours,eye_strain,eye_discomfort,head_discomfort,mental_fatigue,neck_back_discomfort,difficulty_concentrating,focus_hours
Student,4.9840888006936055,3,9.777486400848158,4,2,5,3.608949054436514,3,2,2,4,3,5,0.0
Student,5.838369420154142,3,5.702735639977715,3,1,4,1.1244919765297192,2,2,3,2,4,5,0.0
Student,7.517808549586279,4,5.286566279115821,3,4,3,5.908325384815901,0,0,1,2,1,1,4.480783422574288
Student,5.819077844249222,2,7.607074527524861,5,2,5,1.5760701074090337,2,1,2,3,3,5,0.0
Student,8.12629531033597,3,4.542214257605256,2,4,3,4.313150474800624,0,0,2,0,2,0,4.624025568197188
Professional,8.34107177020511,4,3.1986459658388755,2,4,3,4.455053962572124,0,0,3,1,2,0,4.4748729889736545
Student,6.649791684003968,3,4.82727121822454,3,4,2,3.7660600506867046,0,0,1,1,0,0,3.788161735349902
Professional,5.868794710149986,1,9.219967359710123,3,1,3,2.1797844552976455,5,5,0,1,5,3,0.0
Student,7.4627152845188185,4,5.0663837788482065,5,5,2,6.693919573688606,3,3,2,2,4,0,3.0986087408995626
Student,7.5638367111945035,4,2.3825627840948638,4,4,1,6.456902895240021,0,0,0,1,0,0,7.893664423507959
Professional,7.52948438751356,4,3.0641126258204925,3,4,2,5.582003465366656,0,0,0,2,2,0,5.94537104360714
Student,5.843351242107953,3,9.496244591446013,2,1,3,1.9486453676899902,4,5,2,1,5,1,0.0
Student,6.239487417351864,1,5.20166926069226,2,1,3,1.4438750023282174,1,2,2,3,1,5,0.0
Professional,6.542018313972721,3,3.035108847791718,3,3,3,5.655716636122696,0,0,1,2,1,1,1.0074741149564495
Student,8.12612559442824,5,6.75272469009889,3,3,2,3.6454668648721666,2,2,0,1,1,0,3.4936418019945967
Professional,8.409107684835,5,5.571109653919711,3,3,2,4.131605347372917,3,2,2,1,1,0,4.862467771886566
Student,7.7164227535328935,3,3.970177106331883,3,4,3,3.175373961710631,0,0,0,3,3,3,1.8760193689049414
Professional,4.193707434480965,3,9.05365771745506,4,3,5,3.8019339224335575,3,4,3,3,5,5,0.0
Professional,5.167195247807761,2,9.910350655621118,4,1,4,2.330690036495508,1,2,1,3,5,5,0.0
Student,6.637507812844975,5,3.121663523231872,3,5,3,3.6119838108281623,0,0,2,2,0,0,5.395204027699598
Student,7.385352792973401,5,4.052759566839319,5,4,3,5.02863005920168,1,0,1,3,1,1,3.2803746956010573
Professional,7.400472573345235,4,5.838685374018098,3,5,2,3.2900836793627013,2,2,1,2,3,1,2.5424912402443898
Student,7.356703601137692,5,4.161020421490118,3,3,2,5.285669683132452,2,2,1,2,0,1,3.9594469452039123
Professional,5.218515757752019,3,7.286183467584047,5,3,5,2.3584744158529802,2,1,3,3,4,4,0.0
Student,6.496982339539136,3,11.10295894662074,4,1,5,1.463562489971557,3,2,2,4,5,5,0.0
Professional,7.517421894831269,4,5.638381564443778,3,4,2,7.812919339873706,1,0,1,2,2,1,5.669917111573825
Professional,6.926284238627874,4,4.1500447975350365,2,5,2,5.647846372551737,1,0,2,2,0,0,7.125597373971597
Student,6.475712926462354,2,8.854868562960846,5,3,4,1.0409850564118281,2,3,0,4,4,5,0.0
Student,4.84495387617459,1,7.937522285594902,4,1,5,1.7825477378862669,2,2,2,4,3,5,0.0
Student,6.778900472410321,3,3.976590242027629,3,4,2,5.154042534381005,0,1,0,3,1,1,3.655457058803391
Student,8.933244441792215,4,5.556048760443838,4,4,2,7.063307619097205,1,2,0,2,2,0,4.5063302399813185
Professional,7.48203952533782,3,5.844640350111065,3,4,3,5.924712818430705,2,2,3,2,4,0,0.2830524731572197
Student,6.515533284307938,4,5.384570598199588,3,5,3,4.186254810727134,0,0,1,2,3,0,3.2384969089233646
Student,5.0502251651181815,1,7.724005426380492,3,1,3,1.8134267601417642,4,5,1,1,3,1,0.0
Professional,5.258207348511318,2,6.793306815132295,2,2,3,3.574968816636574,1,0,1,0,2,2,1.2956424931801727
Student,5.260236589928209,3,9.31105711660969,3,2,3,3.078760687674366,4,4,4,3,4,2,0.0
Professional,7.448869828294348,3,5.073118882754844,3,5,2,4.707914953236606,1,2,2,2,0,0,3.8583201481100673
Student,7.508265683836877,3,3.2108790653380046,3,3,3,3.3998527742465194,0,1,1,3,1,3,2.361147302559188
Student,7.227931774238482,5,2.15502774221673,3,4,1,6.375090438278919,0,0,0,1,0,0,6.025265020742153
Professional,4.333540838808018,2,8.101636967187913,5,2,5,1.4365464483620776,5,5,3,4,4,5,0.0
Student,7.7862087052357,4,3.449588108704052,2,4,3,4.334518078021588,0,1,0,2,0,1,5.008603703233415
Student,6.145516977442575,2,8.704809868214943,5,2,4,3.36728833494627,4,3,3,2,3,4,0.0
Professional,7.528454022531955,5,5.600748665782613,2,3,2,5.2553837621017685,1,1,0,2,2,1,4.550589771255088
Student,5.659055185858625,2,9.64277766447068,3,2,4,3.794436977790042,3,3,2,4,5,5,0.0
Professional,7.113862145962465,4,4.262673924656264,3,5,2,3.307587594683404,2,3,1,3,2,0,4.641826836868768
Professional,8.145521065910174,5,5.355357347061082,5,5,1,6.651711903624093,0,0,0,3,3,0,5.532524091961381
Professional,7.592952722050753,5,5.735152803559498,3,3,3,3.5597702906195026,1,2,0,4,3,5,0.7554359181480634
Student,4.816847226421584,1,8.420291945202145,4,1,5,2.3222171232527904,4,5,4,5,4,5,0.0
Professional,5.734657904689331,2,10.380978731782696,4,3,4,1.2322346559542519,4,4,3,5,5,5,0.0
Professional,8.400614027472363,3,3.076671550099911,2,3,2,3.100270717306511,1,2,0,1,0,0,4.742293903087727
Professional,5.029285930369927,3,9.60571940090421,4,1,5,1.698637438455445,1,0,3,3,5,4,0.0
Student,8.968178927933028,5,5.9357237605696085,3,5,2,6.693782243870965,0,0,0,3,3,0,6.5032723612357115
Student,6.192050109075117,1,7.345298721950595,4,2,4,1.279052227788025,3,4,5,3,4,5,0.0
Professional,4.992957454920166,1,7.72491139050009,2,2,4,1.3738451895673742,4,5,2,2,2,2,0.0
Student,5.061958353810466,1,7.818081020691381,5,2,5,3.9398663420748354,2,3,2,4,4,5,0.0
Professional,5.457083486921088,1,7.150713660484131,4,2,5,2.7202954760669833,2,1,2,4,5,5,0.0
Student,6.5074048136648335,4,5.884218643591487,2,4,3,5.374088757368658,3,2,0,2,3,1,2.1087815993545536
Professional,8.32521005376622,4,3.0281716584965674,2,4,2,3.795512223550067,0,0,1,1,1,0,5.348972511128183
Professional,6.700309995013534,3,6.263823157660827,2,3,3,3.277585663100157,2,1,1,3,3,4,0.5577600070711002
Professional,8.073011427056244,4,4.223579253046079,2,4,3,5.125750637303476,1,2,3,3,0,1,3.662290081138936
Student,6.040141892785809,1,8.723848834499371,5,2,4,3.659786324507195,2,2,3,3,4,4,0.0
Student,6.923013498563536,5,3.6910270249848396,3,4,2,5.87725272684721,2,3,0,1,4,0,4.521504788584322
Student,5.556716549143564,1,5.727586501937124,2,1,3,1.6990568931905043,0,0,1,1,2,4,0.0
Professional,5.84732613837368,1,9.706191072169151,4,3,5,1.6127694038091893,4,3,3,2,2,4,0.0
Professional,8.1016361997195,4,3.0029908334821243,3,5,2,4.477101146103747,1,1,0,2,2,0,7.384883095158751
Student,4.323451542416752,3,7.747181292591471,4,1,4,2.3406225856013165,2,2,2,3,3,5,0.0
Student,7.76223405578447,5,3.437929464275976,2,3,3,5.886638730347834,1,0,0,1,1,0,5.656685977738108
Student,5.517246078476569,3,7.666541812293704,4,1,4,1.6362437124321332,2,3,2,2,2,4,0.0
Professional,6.819332698734302,4,5.968089807519041,3,3,2,4.8676409713868445,2,1,2,2,4,0,2.772034573928588
Professional,6.429590088075274,1,8.361741338214324,4,2,4,3.809479993930677,2,2,3,4,4,5,0.0
Student,7.099720292798328,4,3.5080308478349784,5,4,3,6.93545024990271,0,1,2,4,1,4,2.4361866182622354
Professional,6.52656240691716,3,6.612762762891142,3,5,2,3.216639556005564,2,2,0,1,3,0,3.4987792413721044
Student,8.24478912670963,3,3.3351638901930465,2,4,2,4.7547926819361646,1,2,0,2,1,0,4.486775122883293
Student,6.666127658122604,2,8.346328979218288,3,2,3,3.559854395701606,3,2,1,3,4,4,0.0
Student,7.193281168329743,4,2.94273013830354,3,5,2,5.38040539738028,0,1,1,1,1,0,6.6778113486417325
Student,7.211593040545598,4,2.3157194201536493,3,4,3,6.54055360022531,0,0,0,2,2,0,2.8383697592022865
Student,8.693570003739492,4,4.216750604019165,3,4,1,7.178183978187423,1,0,0,4,3,1,5.26317023666269
Professional,6.841076097796452,4,4.228350973440994,3,5,3,5.631929208579107,0,0,2,1,3,0,4.293691770547094
Professional,5.243791067186084,3,10.79760074358472,5,1,5,2.9920990993339527,5,4,2,5,5,5,0.0
Student,7.425220606513957,3,3.7927855456866726,3,5,3,5.462757640839001,1,1,1,3,0,0,4.118947746632432
Student,4.8092271265344015,3,9.882448305739436,2,1,4,1.3816746608110322,4,4,3,2,5,5,0.0
Professional,7.60013416581088,5,4.352504261871419,5,4,1,7.268930290940882,0,1,0,4,3,0,7.002557985045935
Professional,8.462195249027019,3,3.4720241064774995,3,5,3,4.536781691628781,1,2,0,3,2,1,3.903018534697481
Student,6.809572069692224,4,5.919694077143284,2,4,3,4.222223644064057,3,3,2,2,2,4,1.8353364004279114
Student,7.623189015424389,3,4.32663137670807,2,5,2,3.6303533278206435,0,0,0,2,2,0,4.994935371963697
Student,6.791257293410847,3,3.4037665022255954,3,4,3,5.812443517197314,0,0,2,2,2,1,3.185606232080494
Student,7.805052710980284,5,4.086847205467674,4,4,1,7.7799966616606095,0,0,0,2,2,0,6.438200740762999
Professional,8.040389215447771,4,3.4934126441273268,3,4,2,6.084821955276169,0,1,0,1,2,0,4.63366506458016
Professional,6.778354540541022,3,7.505813657287452,4,2,4,3.5294345950892363,1,2,0,4,2,5,0.0
Student,5.51679050492501,1,10.987102769708322,5,2,5,2.670516084070723,3,3,1,5,3,5,0.0
Student,8.17258262620492,3,6.531292650713975,2,4,3,3.4698384446779498,3,3,1,2,4,2,2.271652064299912
Student,7.90550867541748,5,4.363465069580458,5,5,1,6.865810201270127,0,0,1,4,2,0,6.352597948833134
Student,8.137625472867747,4,2.4099853167568512,3,5,2,5.908835503670252,0,0,1,3,0,0,7.594087847110366
Student,4.044284626523472,3,9.426333711713108,4,2,5,2.69681058324413,2,3,1,3,5,5,0.0
Student,7.53887889260731,4,3.3687456230346298,3,4,1,6.731560028669927,0,1,0,5,2,1,4.650941086950754
Student,4.483348084030131,1,8.577081956293418,4,2,4,1.7124581270865995,3,4,4,3,4,4,0.0
Professional,5.90611130484775,1,8.431399310559705,5,3,4,3.016059286541605,2,3,3,5,4,5,0.0
Professional,4.093821643829508,3,10.879361447720633,5,2,5,3.8650687588350054,4,3,3,3,5,3,0.0
Professional,7.6642896056294845,5,5.528489713796093,3,5,2,5.490608653037286,0,0,1,3,3,0,7.235842820334892
Student,6.555682102525172,5,6.568235440838777,2,4,3,4.671755499955232,3,3,1,2,2,1,3.120928356349328
Student,8.481285474344357,4,4.9927571966959166,3,5,3,5.5708503896081645,2,2,2,2,3,0,2.5262327378647598
Professional,8.881380375446463,5,2.833110700614183,5,4,3,5.597470692791201,0,1,2,4,3,2,3.4846002646033
Professional,6.616475661640551,4,5.346992475869372,2,4,2,5.842695378972129,1,1,2,1,3,0,4.29004857718077
Professional,5.544666636030092,1,8.893371049863918,5,3,4,2.588600845067372,2,3,3,4,4,3,0.0
Professional,6.0098011091555685,2,9.9842464214072,2,2,4,2.497509499787985,4,5,1,3,3,5,0.0
Professional,8.203938507111683,5,3.2822002548395783,2,3,3,5.178910501106454,1,2,2,4,2,4,3.201730433129499
Student,5.35019830480549,1,10.637815177161004,4,2,4,2.867726193498345,4,5,0,5,4,5,0.0
Student,7.8216327911348555,4,3.554699002683802,3,4,3,5.077516916660033,1,2,1,2,0,1,4.656617476443981
Professional,8.330277640809792,5,4.395481666421162,2,5,3,5.348545853959973,1,2,2,2,1,0,4.884542965717699
Student,6.873814592900237,3,6.631003200964951,2,5,2,4.096100524651958,1,2,1,1,3,0,4.144969103183129
Professional,7.419883902587926,5,5.493646925345058,3,3,2,5.901984334060409,2,1,1,2,5,0,2.5496537449392953
Student,7.168209304173127,3,4.934855329562852,2,5,3,3.0776882107484553,0,0,1,3,2,2,4.174019854448115
Student,5.508410762565883,2,5.774206973237275,3,2,3,2.6803479490280453,3,4,1,3,3,3,0.0
Professional,5.922303514611791,1,8.310559129040897,3,1,4,1.259859282564082,1,0,1,3,5,5,0.0
Professional,8.708799026651361,5,3.5613031170462186,5,5,1,7.705728715246666,3,4,1,0,3,0,5.845403534423932
Professional,6.74900148690809,3,5.976794804243042,4,2,3,1.7434373287207205,2,1,3,2,1,4,0.0
Professional,4.783078058147813,1,8.25934046823803,4,2,3,3.45508192418565,2,2,1,3,5,4,0.0
Student,8.359583445261006,3,5.557499202171102,3,3,3,4.829067183748704,1,1,0,3,1,2,2.836862796530243
Professional,5.743823290068632,1,9.49298455284485,3,2,5,3.676713746614319,2,2,2,2,4,5,0.0
Professional,5.3992935898207834,1,11.04178911249037,4,1,4,1.9172683825371242,5,5,1,3,5,5,0.0
Professional,4.604110055849951,3,7.856665024859643,2,2,4,2.665887475984544,3,4,2,2,4,2,0.0
Professional,5.858711071457536,2,8.950656868630542,3,2,5,1.850644032728943,5,5,3,5,2,5,0.0
Student,6.5497190318315885,5,4.51582363925003,2,4,3,5.553783502086181,1,0,2,2,1,1,4.500140900929602
Student,8.214058056661155,3,3.6158529546660154,3,4,2,3.6922037706211612,1,2,1,2,3,0,3.9450710764479577
Professional,7.174718156714559,3,5.198738454626313,3,4,2,4.378898263069381,1,0,1,3,2,1,2.331407482845605
Student,6.154609558237075,1,10.686864860153356,5,1,4,1.2222247216313433,4,5,1,5,5,5,0.0
Professional,4.89937365058486,2,5.3225037934328085,3,1,4,3.7172703719093434,4,4,2,3,0,5,0.0
Student,4.892293180093068,1,7.267081153121341,3,2,4,1.414849520214243,3,2,0,4,3,4,0.0
Student,7.165913228742836,3,3.426204988864452,2,5,2,3.7639850592973403,0,0,0,2,0,0,6.767577525105565
Student,5.338533338778669,3,11.090520841608742,4,2,5,2.0011126227268896,4,3,2,3,5,5,0.0
Professional,5.494032977331151,2,9.411126151686632,5,2,4,3.31068629694962,4,4,1,3,4,4,0.0
Student,7.146388499714755,4,6.61645464191802,3,5,2,3.3182753388387276,0,0,0,3,3,0,3.1580071229163487
Student,7.879647385795275,5,3.0776049824728617,2,3,2,5.206435164999743,0,0,1,2,1,0,6.226309018829018
Student,6.901264180293147,5,4.57135630592561,3,4,3,3.456870741202966,0,0,1,1,1,0,3.031143569552949
Student,4.951591744853288,2,8.843820903605803,2,1,3,1.6176619322997983,4,5,1,1,4,0,0.0
Professional,8.301520324901464,4,6.339597713457566,3,4,2,5.688708747438399,2,2,0,1,2,0,5.477906877888353
Student,4.130867946078283,1,8.370415978204978,5,3,4,2.449198735579908,3,3,2,4,3,5,0.0
Student,7.823893097224527,5,5.464092762722499,5,4,3,5.1186725196878395,0,0,1,3,2,0,3.6591852579107487
Professional,6.369059146301668,1,7.246747818487107,5,1,5,2.4938457777467917,3,3,1,4,3,5,0.0
Student,4.8412575302089556,1,8.55447165230271,4,2,4,1.7288360850611317,3,3,2,5,4,5,0.0
Student,5.828349883091523,1,9.844839310411498,4,2,5,2.26548950656796,3,3,4,3,4,5,0.0
Professional,7.785255870421864,3,5.186459758654684,2,3,2,4.137017499534599,1,0,0,2,2,0,2.6472124643890202
Student,5.176764868289844,2,7.155340651222281,5,1,4,2.0462837421882654,4,5,3,5,4,5,0.0
Student,7.283996087778297,3,6.0670734253533425,2,3,2,4.600663300660738,2,1,0,2,2,0,2.810025213077095
Student,7.508526921586063,3,3.1457017732068806,2,5,2,5.682546475849714,1,2,1,2,2,0,5.0738258431143
Professional,7.965400367741614,3,3.011646871335155,2,3,3,3.7781992164055618,0,0,3,2,0,4,2.740949721255055
Student,8.56794370101118,4,4.023091335476844,3,5,2,7.797944301627435,2,2,1,2,0,0,7.25378707343129
Professional,6.324676205734697,3,8.36396946349923,5,2,5,3.407968732456659,1,0,4,5,4,5,0.0
Student,6.762029237300931,5,4.351268173286256,3,4,3,3.4645280448606823,0,1,1,2,2,0,3.716386183684804
Professional,7.647950350063484,3,5.226837026211415,2,5,2,3.773432622070013,0,1,0,0,3,0,5.952983231703049
Student,4.817756534426851,2,7.962414969507982,3,1,4,2.962689933999623,1,2,3,5,3,5,0.0
Student,7.9479783284713825,3,6.673140141519831,3,5,2,3.475357320542289,2,3,0,3,3,0,0.9152506805283798
Professional,6.640921355333917,3,4.914806882277329,3,5,3,3.848002081623477,2,3,4,4,2,2,1.1115240378350313
Professional,5.672633788292369,1,10.871255738503354,4,1,4,3.324018811545395,4,5,1,3,5,5,0.0
Professional,6.424934045516502,1,6.19629431375732,2,2,4,1.8110457714867532,0,0,2,3,1,4,0.0
Professional,7.758438386016584,5,4.7540320667958795,3,5,2,5.579243417055201,0,0,2,3,2,1,4.56868993365981
Professional,7.193637461974437,5,5.847552954902832,4,5,2,5.631585465321839,1,1,0,0,0,0,5.989608328280794
Professional,7.50953517265724,5,4.239562127383142,3,5,2,7.272645179400114,1,0,2,2,0,0,5.700398272038482
Student,7.7718791534828675,5,5.07359850653226,3,3,2,3.8800458800102686,0,1,0,3,2,1,3.8988471919126324
Student,7.214828650872444,4,5.75081846151747,5,4,1,7.92018287430813,1,1,0,3,2,2,5.322193134701834
Student,4.857934643018209,3,7.046551453811769,4,3,5,1.8540632846328151,2,3,0,3,4,5,0.0
Professional,8.65091665159257,5,4.674186780455941,5,4,2,5.507374587932534,1,1,0,2,1,0,4.909297505924467
Professional,7.817586034542345,5,5.223564676787417,4,4,3,5.145688169886985,0,0,1,3,2,3,2.8345494817692343
Student,6.481494296454151,1,9.85156253913252,5,1,4,3.6430122544441232,3,2,0,2,5,5,0.0
Student,6.628505445909222,3,3.6428533967639427,3,5,2,4.959561567473438,2,1,0,0,1,0,4.720818051212033
Professional,4.578033900846869,2,7.209245172388663,2,2,5,2.0877496377840314,1,0,3,3,1,5,0.0
Professional,6.636020463904841,5,5.9713251058627606,2,4,2,3.5674160889802202,3,4,3,2,3,0,1.434413172222595
Professional,6.5995620030460875,5,3.7802188889454533,2,5,2,5.832123834842783,0,0,2,0,1,0,4.675726598900525
Professional,7.913285043497868,5,5.226728210727014,3,3,2,4.488885376501919,0,0,1,2,2,0,6.080114328587669
Student,5.351527485811823,1,7.972739848499557,5,2,4,2.4797424790779576,2,3,2,5,5,5,0.0
Student,7.2419213244769844,4,2.6544336833748488,4,5,1,6.76643081046867,0,0,2,2,1,0,7.287802421790575
Professional,6.6894778295586885,5,4.145036141532733,3,5,3,3.2402685290134836,1,0,3,3,2,1,4.298663003740939
Student,5.011298811145588,1,9.925389081866081,4,3,5,1.9982024619515666,2,3,4,4,2,5,0.0
Student,8.227909644019022,5,3.727233862667799,3,4,3,3.5887028450635667,1,2,0,4,4,3,2.7934885610532643
Student,7.4322519966975245,5,2.77378891204775,5,4,1,7.6902396497232335,0,0,2,1,2,0,7.785008065648447
Student,7.012042346123026,3,6.334296438582947,2,3,3,4.311444315135104,2,1,3,1,2,0,0.7082084745201429
Student,7.734555402561418,4,2.160498481044038,3,4,2,7.509860631102974,0,0,2,2,2,0,3.9296470244279016
Professional,5.6685388263345775,2,9.720915744884008,4,3,4,2.0288995591002346,3,2,2,5,3,5,0.0
Professional,5.998193794558979,3,5.546779515547394,3,1,3,1.510777456376308,2,2,0,2,3,2,0.0
Student,8.267466777662774,3,6.721794402180125,3,3,2,3.067705749607131,2,3,2,1,2,0,0.39603074025211793
Student,7.620697348700647,4,4.4193828937226325,2,4,2,3.8221247691128273,0,1,1,3,1,0,3.5929892646540877
Student,7.48471518905898,3,6.156162416808188,3,4,2,4.181045657971838,2,2,1,0,2,0,4.213877185730232
Student,4.763162906201063,2,7.04463617878336,2,1,3,2.348796718023212,0,0,2,1,4,2,0.0
Professional,5.355056660619955,1,9.103207801772394,3,2,5,3.8541891174532465,3,3,2,5,4,5,0.0
Professional,7.940203309078282,3,3.4806370349424878,2,3,2,4.252344851689387,1,1,2,2,1,0,3.430525996013335
Student,8.469701040999203,4,4.67207781005024,4,5,1,5.937630956710167,2,3,0,1,3,0,4.881406302781375
Student,4.947102671269499,1,9.203018113865959,3,1,3,1.9616085004194868,4,3,0,2,5,2,0.0
Professional,4.363918774583089,2,11.505888116086778,4,3,5,1.1228545964484393,4,4,3,5,5,5,0.0
Professional,5.889914622328121,1,9.572855581339002,5,1,4,3.056321567113874,4,3,3,4,5,5,0.0
Professional,7.742928845313569,3,4.196050718437384,3,3,3,3.832280204402937,1,0,2,4,1,4,0.9969757595414095
Student,7.555624216591242,4,6.737079165855508,2,3,2,3.220690062647297,3,4,3,2,3,0,2.1371033484762716
Student,5.265598113071001,1,7.847606393410163,2,1,5,3.6474105848294065,3,4,3,4,2,5,0.0
Student,6.489466827941255,3,7.770906277243994,3,1,5,3.5223552158173437,2,2,1,3,3,5,0.0
Professional,8.971048266510437,5,3.6295291164765615,3,5,2,6.701098350503683,1,2,1,1,2,0,7.293666266712126
Professional,7.18313926588855,5,5.535399274941296,2,4,2,5.180933758585293,1,0,0,2,2,0,5.21716999498007
Professional,6.527466376165156,4,5.649487439651014,2,3,3,3.384564218431385,4,4,2,3,2,2,0.0
Student,8.227691890015448,5,4.3086865064959845,5,5,1,6.978269740549749,2,3,0,3,1,0,5.728531501032344
Professional,5.122358811992182,1,6.671076686300573,4,2,5,2.891677703037215,2,2,3,3,4,4,0.0
Student,5.234080979399685,3,6.709672467873633,3,1,3,3.0367025266906222,0,0,2,4,4,5,0.0
Professional,7.526946891387697,5,5.202655766101245,3,4,2,5.945650212131858,1,2,0,1,2,0,5.473901585166926
Student,8.881074602205896,4,2.2814724316241173,5,5,2,6.143440646104207,0,1,2,4,0,0,5.168418861293882
Student,8.253120981577435,5,5.647513552178765,2,3,3,5.075591724482534,0,1,0,1,2,2,4.320914756051026
Professional,7.729082036442631,5,6.465709611595025,3,5,2,3.0409195375076434,0,1,1,0,3,0,4.888427337436216
Professional,4.840927762573646,3,7.046945655917092,4,2,4,1.0276026928761384,0,0,1,4,3,5,0.0
Student,8.552973762631334,4,5.7607193389169655,5,4,2,7.613794055810471,0,0,2,5,1,2,4.063622145899986
Student,7.288167297020063,5,4.927213770155765,3,3,2,3.8257083177933673,1,2,0,2,4,1,2.7500400984327835
Student,7.6540408033811165,5,6.12674839106559,2,3,2,3.1324366862623663,0,1,0,1,0,0,5.776587866393415
Student,8.074987507346469,4,4.718903184007033,3,5,1,7.041749278756302,3,3,0,3,3,0,5.559801082663952
Student,8.143602918508401,3,4.296540695331185,3,5,3,4.335319991153982,3,3,2,4,2,1,1.7031526195072324
Professional,8.308762269331046,3,5.499775081631328,3,4,2,4.990506208215772,1,2,1,3,1,0,4.363818645864404
Professional,6.454763305717357,1,7.642578342220582,4,1,5,1.098399622830688,2,3,2,4,4,5,0.0
Professional,8.41836140758881,4,4.461963838666877,5,4,3,5.659168250331191,0,0,1,5,2,4,2.820692699824598
Professional,7.45685170461684,5,4.434332618559633,4,4,2,5.819478861109835,0,0,0,3,1,0,5.534135919577867
Student,8.3451448098116,3,4.618580113760397,3,3,3,5.080529511138961,1,0,1,1,2,2,3.9085438128807666
Professional,7.946426373768798,4,3.0880102949239587,3,5,2,5.749561388234989,0,1,2,3,1,0,4.281645316517658
Professional,8.112193495921495,4,4.512827135492312,2,3,2,5.383152675278569,0,0,2,2,2,0,4.719617294022033
Student,7.915045637956085,5,4.88643428296437,3,5,3,3.381935636240175,1,2,2,2,3,0,3.1947707534698235
Professional,7.961296056624818,5,5.440294075959171,4,4,3,7.814161560661789,1,0,1,2,3,0,4.661504439383775
Professional,8.430872406553082,5,4.743505100345859,5,4,2,6.665479189370465,0,0,2,3,2,1,5.318341226770359
Professional,6.732411479262068,3,9.753031857899364,4,2,4,1.6891069460864032,3,3,3,2,5,4,0.0
Professional,7.818450960383592,5,3.7630197737652713,3,5,3,7.422036863601106,0,1,1,2,2,0,5.19359571149908
Professional,5.711932895697997,2,8.526072650644295,4,2,4,2.44818516243035,4,5,1,4,2,5,0.0
Student,6.735877349748467,3,3.1153453076868214,2,4,2,3.7869147941533186,0,0,1,3,3,2,2.9868742252048435
Professional,4.333857723763878,3,8.98123673408203,4,1,5,2.212445295331169,3,4,2,4,3,5,0.0
Professional,7.110865532175742,5,4.283741753277761,2,5,2,5.016601990695337,0,0,1,2,3,0,3.1587897514144228
Professional,7.9439539235970615,3,4.505247267819991,2,4,2,5.41711437744361,0,0,0,1,1,0,6.236620532076986
Professional,6.955976386293917,1,8.652573270131633,2,2,3,3.604891054483984,2,1,1,1,3,1,0.41088908379174965
Professional,4.5768356915152975,2,8.583421780084631,5,1,4,3.0669999549657048,3,2,2,5,3,5,0.0
Professional,5.668972371246917,3,5.78830513398454,4,2,3,3.694371504138636,2,3,0,2,1,3,0.0
Professional,7.385163264917056,4,2.996815082365149,5,4,2,6.6539521719884425,0,0,0,2,1,1,5.493421244108457
Professional,8.585406811561503,5,2.1966105148988415,5,4,2,7.032025538244549,0,1,2,2,1,0,6.106805776769201
Professional,5.99450593052152,2,7.053350635030814,5,1,5,3.579563471005365,2,1,2,3,4,5,0.0
Professional,4.856188047965761,2,9.473771202178519,4,2,4,2.5619660612023347,4,4,1,3,5,5,0.0
Professional,5.103185841875172,2,10.361394147370401,5,3,4,3.908318127027635,4,3,2,5,5,5,0.0
Student,6.556674900766769,3,3.0811212595783233,3,3,3,5.126030159896521,0,0,0,2,0,2,1.1313850274178
Student,7.953507751016656,5,4.559825540458282,4,5,3,6.187234489542063,0,0,1,3,3,1,4.102653698198225
Professional,6.9121475598743505,4,5.8467282374203435,2,5,2,3.377821923142502,2,3,1,2,4,0,4.207737157570749
Student,8.0716169684887,5,4.138383178143673,3,5,2,4.387857815801189,0,0,1,2,0,1,5.618863039902884
Professional,8.660065367256149,4,5.33655464209434,4,5,1,5.5919419117281794,2,1,0,2,2,0,4.570074849550381
Student,7.534241776226661,4,5.603210760573519,2,3,3,4.3464950795419455,1,1,0,3,5,1,2.0533640232439656
Student,5.193366904311573,3,5.803015732148245,4,2,3,1.512032305906701,3,2,2,2,3,2,0.0
Student,6.898088588309555,3,8.940798940678532,4,2,4,2.0734398391078286,4,3,2,3,5,5,0.0
Professional,5.559826337574165,2,7.5486158580178255,3,1,3,2.032226480111067,2,2,0,4,4,5,0.0
Student,4.6341061858534385,2,7.057630070264926,4,2,5,1.8050193738239724,2,3,2,1,3,3,0.0
Student,7.955412740121934,5,3.287258335055663,2,3,2,4.962069232976281,1,0,0,3,1,2,4.31142929064162
Student,6.183791967043147,1,8.474103649358604,4,1,3,3.7356174545350225,1,0,3,4,3,5,0.0
Student,5.331714201784539,2,11.97802100901753,5,1,4,1.92654182434486,4,3,1,4,5,5,0.0
Professional,6.45488154243038,3,9.781105868218138,3,1,3,1.3312284930301788,4,3,2,3,3,4,0.0
Professional,6.525758247808332,1,7.343258184981926,2,2,5,1.8626501182763295,2,3,3,5,4,5,0.0
Student,6.227133760849533,2,5.002051447195875,2,2,4,3.904623783110099,2,3,1,1,3,2,0.27230909084825095
Professional,8.192387732308747,5,4.956536126863629,2,3,2,4.279218169475918,3,4,1,2,3,1,3.058079790687011
Student,4.045080024563075,1,9.033029265230478,4,1,5,1.9716866577411376,4,3,4,2,5,5,0.0
Student,6.614271454291818,1,5.478450580290006,4,1,3,2.0724089365052247,0,1,0,2,1,4,0.0
Professional,7.338775663039372,3,5.624584367389769,3,5,2,4.626100035291606,0,1,1,1,1,0,4.412713414080795
Student,7.037159208665933,5,6.997265072758851,3,5,2,3.518460154369357,1,1,0,2,3,0,3.0421190042953916
Student,5.175810119843016,3,10.87988424907621,4,1,4,3.01224160141532,4,5,1,2,3,4,0.0
Student,6.382022486277525,2,5.773424240924306,2,2,4,3.0623944121491844,0,0,2,3,2,5,0.0
Student,7.040803221376413,5,5.199050971180959,3,5,2,5.850383447792238,0,0,0,2,2,0,5.513274619554453
Student,6.000910471138363,2,9.524374075476535,4,3,5,3.48147444528287,5,4,0,2,5,3,0.0
Professional,7.9372074813803914,3,3.7878145208348855,2,4,3,4.4986474868027475,0,1,0,3,1,2,3.7299213962739373
Student,7.016396642261924,4,3.991905210349573,4,5,3,7.121093507968653,0,1,1,2,1,0,4.805761329082912
Student,4.859219062960532,1,7.668627068357222,2,1,3,3.424471147072638,2,2,2,0,4,1,0.0
Professional,6.876117132958151,4,5.633135133704629,3,4,2,3.8794678267599054,2,3,1,0,2,0,4.0177801018849575
Professional,5.620366857622445,1,11.529868317546303,5,3,5,1.2033891874843379,4,4,5,4,5,5,0.0
Professional,6.708374252555259,1,9.11829625491987,2,2,5,3.1800114077746375,3,2,3,2,5,4,0.0
Student,7.305923741211488,5,3.008279547400686,3,4,2,6.173276732444662,0,1,0,1,3,0,5.951545142096004
Student,8.033093020778525,5,4.469850991652885,5,4,3,7.7946949400237555,0,0,2,4,2,1,3.511716150224703
Professional,7.770101358407233,4,2.8395713692199887,5,4,2,7.014104026690387,0,1,0,4,2,1,3.5959067702038747
Student,4.425381602861292,1,11.232175881536534,4,2,5,2.2342327952813967,3,2,4,5,4,5,0.0
Student,8.21577837049248,4,3.6542201536552725,2,5,2,4.4152689281726225,0,1,1,2,2,0,7.238963981150596
Student,5.508871552034221,2,7.501668278380112,3,1,4,2.429861368931621,0,1,2,3,4,5,0.0
Student,5.504879811538049,3,5.18260189690687,2,1,3,3.2782861148694593,0,0,2,1,3,2,0.0
Student,5.4635527493246965,1,6.957271353972356,2,1,5,2.2321012017596296,1,0,4,4,3,5,0.0
Professional,6.634074821319892,2,5.041828299920721,3,2,4,1.5562354534815226,0,0,4,3,1,3,0.0
Professional,6.30068092200602,2,7.621726587212054,4,1,4,2.8238731080508277,2,2,4,4,4,5,0.0
Student,6.081708059050128,3,9.260218882899007,4,3,5,3.7512955155153827,3,4,2,4,3,4,0.0
Professional,8.17024332185425,5,5.753446401184069,3,5,3,7.4312987407195115,0,0,0,2,2,0,5.7948049342694485
Professional,8.157170697185899,4,4.108903913001933,3,5,1,6.015579904180507,1,2,2,2,2,0,5.492643008006332
Professional,7.0556995551655115,5,2.8625590509033967,4,4,1,6.5422420868578195,1,0,1,2,1,0,6.2020113827072585
Professional,8.18866346785319,4,4.369763021593838,3,4,2,7.940155828929454,2,2,0,3,3,0,5.185594076570333
Professional,6.733836458746092,1,6.56684703215179,4,2,3,3.5907310094174374,1,2,2,3,1,4,0.0
Professional,6.510648381142128,5,6.093896071291072,2,4,3,4.685944024879138,3,4,2,0,4,0,2.333530057254362
Student,5.653810810365437,1,9.658003745089466,5,2,5,1.2002507645522709,4,4,4,4,4,5,0.0
Professional,7.940867404451556,5,4.4901098112111795,2,5,2,4.9460851275991065,3,4,0,2,2,0,5.95217164802296
Professional,4.630454954548173,3,10.39905445800665,5,3,5,1.8881965301168413,5,4,0,5,5,5,0.0
Student,7.304619067582932,3,4.992518696735921,2,3,3,5.782510653889727,1,2,1,3,4,4,0.15464808297011778
Professional,5.986994387051942,3,9.66760715490492,4,2,4,2.1458740571358064,3,2,3,4,3,5,0.0
Professional,4.979429355030008,2,11.230595927775559,4,2,4,1.43585802923736,2,1,0,3,5,5,0.0
Student,7.533472089880129,4,4.230896757457484,2,4,3,3.9450248255693223,0,0,0,1,3,0,4.95002028636225
Student,6.029532767364446,3,8.963675571121138,5,3,5,1.7601943226781178,3,4,3,5,4,5,0.0
Student,7.239997771919954,5,5.873789125209664,3,5,2,5.167835174503349,2,1,2,3,2,0,3.7734859353314145
Professional,7.298080904096608,3,6.209839261349481,2,3,3,4.298919149519119,2,3,0,2,2,3,1.303148361239785
Professional,5.806734435111343,3,6.621568319377903,3,1,4,2.0527662848970385,2,1,2,1,3,4,0.0
Professional,4.597261739168942,1,10.119444715814852,5,2,5,3.957974716511978,2,1,3,5,4,5,0.0
Professional,8.423524956690937,4,5.339970934423287,3,5,3,3.7499962056714953,1,1,3,3,4,0,4.022961625599839
Professional,5.2031848795690125,2,11.693800635818794,5,2,5,3.884921476945912,5,5,1,4,5,5,0.0
Student,7.370707951443699,5,2.5391431396697524,3,5,1,5.931194285887535,0,0,1,2,0,0,6.724652108020357
Student,7.493099627203662,4,6.415793852058174,2,3,2,3.856879799050731,1,1,1,1,2,0,3.2644201007312286
Professional,8.5958863785066,5,2.0342768432429628,5,4,1,6.223654780551077,0,0,0,3,1,0,6.938719940151224
Student,6.686574769443937,4,6.839666758568364,2,4,2,4.2396101417905765,4,4,0,3,3,1,2.590598021598936
Professional,8.317835488242908,3,6.184743793735481,3,5,2,3.070377065163463,1,1,0,2,2,0,4.572359474829713
Student,6.248632711384587,3,9.507237099208364,4,2,5,2.1518466827889178,2,3,3,3,5,5,0.0
Professional,4.836838316448198,1,11.205224912562802,4,2,5,2.477565562061525,3,2,2,3,4,5,0.0
Student,7.4970714878541855,5,2.865203761184648,4,4,2,5.7265876760394265,1,2,0,4,2,0,3.5930860823243878
Professional,7.292033811184217,5,2.8784761819173488,3,4,3,5.674717911655467,0,0,3,3,1,1,4.274308313297345
Professional,6.615795031952184,1,8.054732628513266,3,1,4,2.5360701673262778,5,5,1,4,5,5,0.0
Professional,4.221217239247535,1,8.325616307228698,4,1,4,2.021965231861898,2,2,2,5,4,5,0.0
Student,7.195199628917302,5,5.220022689337944,3,3,2,5.415053079703883,1,1,1,2,5,0,3.729334975970074
Student,7.1486631027206915,5,5.0202728165265,5,5,2,7.713815759338608,2,3,1,2,2,0,3.97720737348782
Student,6.848368376136033,4,4.242403885581318,3,5,3,5.081642066124967,1,1,2,3,0,0,4.583030302776498
Professional,4.990588811343259,3,7.561914874643547,5,3,4,1.6049656338006768,2,3,4,4,3,5,0.0
Professional,8.16050038556277,4,5.837188547670661,3,5,3,4.593992378019527,2,3,0,3,1,1,3.2867840894021043
Professional,7.095959589324539,3,3.713047125955094,2,5,2,4.12781512620988,1,1,2,2,1,0,5.663206399901556
Student,4.520270492215533,3,7.698079253009185,4,2,5,3.0607822503229074,2,1,2,3,4,5,0.0
Professional,4.648272237002742,3,7.339012060186696,2,1,5,3.310393875786758,4,3,5,4,2,5,0.0
Professional,7.119024885127949,4,5.291552273174008,5,4,1,6.984959601401753,0,0,0,2,3,0,4.272824407327687
Professional,4.964531304398223,3,8.1875806029703,4,2,5,1.042830945057497,1,1,1,4,3,5,0.0
Student,7.260389995950355,3,4.219517429564828,2,5,3,5.051098637173862,0,0,0,0,2,0,5.545056325353396
Student,8.267995553742374,5,4.263182578033005,2,3,3,4.189068515902425,0,1,1,1,2,3,3.837244809720114
Student,7.092127681425172,5,4.393911903182621,3,5,3,4.39281710797302,3,4,1,3,3,0,3.2676001754163613
Student,5.159189514432946,3,7.127103425897625,4,2,4,1.4809271185467066,3,2,1,3,2,5,0.0
Professional,7.79097815236714,5,3.9625899973629073,5,4,3,5.853830793680531,1,1,1,5,1,2,0.9800187821108208
Student,8.268486181955085,4,4.410103560501014,5,4,3,5.631159663482372,0,0,0,3,1,0,2.728205710887385
Professional,8.153807088053938,5,3.462700894592466,2,5,3,3.92994040930641,1,1,2,2,0,0,5.614959651236348
Professional,6.596743100737626,1,8.45350519749583,2,2,4,3.129715137338824,4,3,2,2,5,3,0.0
Student,7.674475501671684,5,2.6308144850379676,4,5,3,5.663369788667045,0,1,0,2,1,0,4.97845426143908
Student,5.977510185163518,2,9.229736526602869,5,2,4,3.1235863103626125,3,3,0,4,5,5,0.0
Student,7.980443949307482,4,5.0957445152946885,4,5,3,5.731528189898316,2,1,2,3,2,0,4.122286102089225
Student,5.1053903452820295,3,9.354604132088177,4,1,4,2.159330052792452,3,2,3,3,4,5,0.0
Student,6.7114491208622695,5,6.653651752656128,3,5,2,5.809057673474956,3,4,1,2,0,0,3.630949041463315
Student,4.940968844336188,1,9.081747493982158,4,1,4,2.7695031833192667,4,4,5,5,4,5,0.0
Professional,8.804244476490775,4,4.566702840645984,4,5,1,6.2010667828098756,2,1,0,4,0,1,4.046486688697155
Professional,7.53016875234357,5,4.5518086746195685,3,4,2,4.27498572125959,0,1,1,2,2,0,5.2586418785086835
Student,7.325339888007083,5,4.532405734362338,3,3,2,4.315966144051123,2,2,0,0,2,0,5.7748683312860525
Professional,8.118069100480684,3,3.7987417046727168,3,5,2,4.0383217223471854,0,0,2,2,1,0,4.549119472790744
Professional,7.4614281129687114,3,3.0697221820081837,2,5,3,4.887340859736357,0,0,3,1,2,0,4.1247481022276435
Professional,5.88674794145829,2,5.930825178730351,4,1,5,2.4089627708548704,1,2,4,5,3,5,0.0
Professional,7.850378767147316,5,5.407551929881533,3,4,3,7.063888520356127,2,1,3,2,3,0,3.1549130385516038
Student,5.921169489160334,2,8.347450250666817,5,2,4,1.209675435663843,3,4,2,5,5,5,0.0
Student,8.14099288931571,4,6.02172440248811,2,5,3,5.29807769855789,1,2,1,3,5,0,3.595004781283566
Student,6.2649728766230055,1,10.47820376722704,4,1,5,1.286631623694299,3,2,3,4,5,5,0.0
Professional,5.780073392636128,1,11.670182453295052,4,3,4,3.7910535313992035,2,1,2,4,5,3,0.0
Student,8.156547129631976,5,4.173584579143139,2,5,2,4.7880904828494035,0,1,1,3,2,0,6.34174284547996
Professional,5.234967950358728,3,9.378520390945281,5,1,5,2.0931589304193547,4,3,2,5,4,5,0.0
Professional,4.295863334294695,3,10.936251513346814,5,2,4,3.04181161035746,5,5,2,4,5,5,0.0
Professional,7.111471053002804,4,5.354003961772584,5,5,1,5.235581557824719,0,0,0,3,3,0,4.565787937116512
Professional,8.821595822097736,5,5.0737916018384706,4,5,1,5.7900908569942375,0,1,0,2,1,0,8.459099437480456
Professional,7.3457529369335575,4,5.250678162737234,3,3,3,3.164714672732323,0,1,0,2,1,1,3.1488732186647814
Professional,6.02965424958146,2,10.648033246176713,5,1,5,2.71983006625961,4,5,2,5,5,5,0.0
Professional,8.820543542507899,5,2.674058573836737,5,4,2,7.262693970048646,1,1,1,3,1,0,6.190317694183976
Professional,5.3580502359179025,1,10.024704065988775,4,1,5,1.7029152980115336,3,3,2,3,5,5,0.0
Professional,4.997293398788167,1,6.446762051111231,4,2,3,1.4043934852584312,0,1,2,3,4,5,0.0
Student,7.885700394950422,4,4.967225900984689,3,4,1,7.375148502752815,3,3,2,3,1,0,4.706361119954423
Student,7.1074661781770905,4,3.266511993641499,2,5,3,5.797475339333039,0,1,1,0,0,0,6.645348404986176
Student,7.658988365580522,5,4.248005224433801,2,3,2,4.824639817138726,0,0,0,2,1,0,6.058992417196935
Professional,8.812218161294076,4,5.430623952967309,3,5,1,6.192463977267884,2,2,1,2,1,0,6.004676530115031
Student,6.564219160964116,3,4.4740706313535235,3,3,2,5.110524432265023,1,2,1,1,4,0,4.224751348412437
Student,6.415140331912998,2,7.885216472641987,5,3,5,2.774797968750219,2,1,3,5,2,5,0.0
Student,5.761602639870189,3,9.389163017879072,2,2,3,3.8781395631608424,3,3,2,2,5,3,0.0
Student,5.173224777343707,2,8.16066956400078,4,3,5,2.9282381382258382,2,1,4,5,1,5,0.0
Student,4.469320188745684,2,9.63384453634746,4,1,4,3.183292121538832,2,3,2,2,4,5,0.0
Professional,8.799714563698391,4,5.745371013592911,3,5,2,5.260243303411922,1,2,0,2,2,0,6.1575672838181115
Professional,5.040296361079649,2,10.580869384782153,5,3,5,1.6810038980152617,3,2,1,3,4,3,0.0
Professional,5.3306145178544515,3,10.087786566048091,4,3,4,1.6338551127098133,3,2,1,5,5,5,0.0
Professional,5.212140327401899,3,7.460583285429308,3,2,5,3.0068611302048236,1,2,3,3,5,5,0.0
Professional,5.100319241365816,1,7.197259764613457,5,1,5,3.4821525808220746,4,4,5,5,3,5,0.0
Student,4.677888139706453,2,7.596400411976356,2,2,3,3.666079644354395,1,0,0,1,2,0,0.724185231607501
Student,5.638410336403751,1,8.080554002078605,4,2,4,3.7464306436549943,2,2,4,0,3,0,0.0
Professional,7.526283003026554,4,4.697585170994143,2,3,2,5.287957676268423,0,0,0,1,4,0,3.8532467455412247
Professional,7.780097593860113,5,6.3965289919540425,3,5,2,3.408700954637177,2,2,0,2,3,0,4.470907754058717
Professional,8.025306979822968,5,3.9793582032380823,3,5,2,3.5162995579495866,0,0,2,3,3,0,6.265184882163145
Professional,7.510452955603348,3,4.3248552584924855,3,5,3,5.672480260722805,1,0,3,3,1,0,3.0795680993765133
Student,6.976575552896136,3,4.0415894349802866,3,3,2,4.4189429441122074,0,0,1,3,1,3,2.3438178661722375
Professional,8.161239520964708,4,3.388188103815108,3,4,3,6.094871563004675,0,1,0,3,1,0,5.841552329809137
Professional,6.580975648656609,4,6.68974244401508,2,4,2,4.763657075789345,1,0,0,3,4,1,3.3406516364959575
Professional,8.14617505801376,5,6.8174774489129435,2,3,3,3.930441663272406,2,3,3,2,4,3,1.2346211215435505
Student,5.401157572873139,2,9.985109022808485,4,1,4,3.486789673579036,3,4,2,3,5,5,0.0
Student,8.191252600230037,5,6.282509573676148,2,4,3,3.2328956557493855,2,3,2,2,3,1,3.969439910914993
Professional,5.694692692806827,1,8.52797894888246,4,1,4,3.40154537379545,2,2,1,3,5,4,0.0
Student,7.72689094513598,3,3.3560127119307186,3,5,2,3.4408812177114347,0,1,0,1,1,0,5.758379118361993
Student,7.369215307734507,4,6.7096913459310485,3,5,3,4.5940824950858,1,0,2,2,3,0,4.644893126687958
Professional,7.200734990190108,5,4.966069009307962,4,5,3,7.87299042442692,0,0,0,3,3,2,5.9480900881369285
Student,7.730050608077646,4,4.219726577497373,5,4,3,6.774528596404948,1,1,0,4,3,1,2.4184138694965367
Student,4.548122409622235,2,5.71360926984269,2,2,5,3.6591291538731854,1,1,4,3,4,5,0.0
Professional,7.983622644644912,4,5.8769965552900345,3,5,3,5.586998886876027,3,3,1,3,4,0,2.429337498961469
Student,5.88460073057184,2,5.786367670381966,4,2,5,1.824208753888903,0,0,3,3,1,5,0.0
Professional,7.252776992883222,5,3.331708610038904,2,4,2,5.9699418449675425,0,1,0,0,1,0,7.871482913814007
Student,6.808032650748732,4,5.8643739299598465,2,3,3,5.835112396090813,0,0,1,1,3,0,2.1139395093795414
Professional,7.040984093755949,5,5.645816013819357,4,4,3,7.826427446841214,2,2,1,5,1,4,2.4114725861938986
Professional,5.0209019726871436,2,7.177180644510178,2,2,5,2.4617486810363527,3,4,3,2,4,3,0.0
Professional,5.1161947739418405,1,6.1773570850543855,2,1,4,1.9114213772091029,4,5,3,4,2,5,0.0
Student,5.282206506273934,3,8.367514329148536,4,1,5,1.5013972519407632,5,4,2,5,2,5,0.0
Professional,6.353145490106007,3,10.394515104298534,5,3,4,2.238289218246381,4,5,3,5,5,4,0.0
Professional,7.661265909719084,4,5.838290350516263,5,4,2,7.475904687028144,2,1,1,4,1,1,5.2035476756654315
Student,6.922527464617536,5,4.741557584512053,3,5,3,3.381877599285235,1,2,3,1,3,0,3.9570725308280803
Professional,6.993068011572829,1,7.719682061451341,2,2,4,2.7708972152667988,2,2,0,3,3,4,0.0
Student,6.977003389864844,1,5.049303641685698,2,1,4,1.48313864488204,1,2,2,5,1,5,0.0
Professional,5.238889225939825,1,10.500941296470266,5,2,5,3.0404285287350308,2,2,2,4,5,5,0.0
Student,7.8346958406082825,4,5.484748185401271,5,5,3,6.609664013032398,1,0,1,4,0,1,3.74245283590681
Professional,7.7152810991778225,4,2.439131814681618,5,4,2,5.910109836716038,0,0,1,5,2,1,2.9921306044029414
Student,7.864986067474297,3,4.775779841306876,2,5,2,5.293856202040855,2,1,1,2,2,0,5.139593192681077
Professional,5.922853926135671,1,8.000072387403177,4,2,4,3.1919107637886324,2,1,2,5,4,5,0.0
Professional,4.647598025301287,2,10.522930160666752,4,3,5,1.76922147456607,3,4,2,4,5,5,0.0
Student,6.876781874993406,2,7.379633486824817,4,1,5,1.4291820466141232,0,0,2,5,3,5,0.0
Student,8.25703441812803,5,5.909589175383806,2,4,3,4.329227798800346,1,1,1,4,4,5,2.0599057731268857
Professional,4.790451937529728,3,6.583735916287175,2,2,4,3.2862149603191773,1,0,1,3,2,5,0.0
Student,6.219545287412497,3,11.256289243498037,4,3,5,2.573348183416756,3,2,4,3,5,5,0.0
Professional,7.464187037589428,5,3.5804429419264205,2,3,2,3.496202713504077,1,1,0,1,1,1,3.6222002610553656
Professional,5.8944118977451545,1,6.424356034177382,2,2,4,1.5479548562313168,1,1,2,2,2,3,0.0
Student,8.090574089594446,5,5.583161431180292,2,3,3,4.447354411143353,1,0,1,1,2,2,3.1652628586101406
Student,8.088325417675218,4,4.975343762607693,3,3,2,3.952636972966014,1,1,1,2,2,1,4.319027155879794
Professional,5.583126856739376,1,8.536339593332196,2,1,4,2.0226296187518096,4,3,3,2,3,5,0.0
Professional,5.989817030291834,1,6.606204388942935,2,1,5,3.499628370730787,2,3,3,2,3,5,0.0
Student,4.138044066876014,2,11.083102520460683,5,2,4,1.0768967496532678,5,4,2,5,5,5,0.0
Professional,8.709215125466743,4,5.196293677944784,3,4,1,5.386439221288964,1,1,0,0,2,0,6.954134743226183
Professional,4.701475539935922,3,7.523189034638128,5,3,4,2.8183287995589192,1,0,2,5,3,5,0.0
Professional,7.791519143061375,4,3.2633686580346186,3,5,2,5.9707969191867845,0,1,1,2,2,0,4.315789782124806
Professional,7.31031241417233,5,5.778167896149096,2,3,3,5.194823833105572,1,0,2,2,0,2,4.2540579788755135
Student,8.076388743368806,5,4.6249595729934345,4,5,1,5.481122705500016,2,3,0,2,1,0,6.470135301784424
Professional,7.5078258493400565,4,2.3069094877128236,4,5,3,5.24446993192783,1,1,0,0,0,0,6.57029091745957
Student,7.511961517685995,5,3.486078300974293,5,5,1,5.576125980677013,1,0,0,4,2,0,4.432585358968228
Student,7.678987830119885,4,5.303033830467873,5,4,2,5.667563132532339,0,0,0,3,1,1,5.028426716013437
Professional,7.289575018341428,3,4.941489484818202,2,5,3,4.1365488357665665,1,2,0,1,2,0,2.9762011057063287
Professional,4.396894787780209,2,9.240643497325799,5,3,5,1.9508909610940048,5,4,3,3,5,5,0.0
Student,8.312194899287565,5,3.1720558575202213,2,3,2,5.404116749626377,1,0,1,1,2,0,6.223675304266204
Student,4.642942840061068,2,9.94052599120999,4,1,5,2.517896689060009,4,5,3,4,4,5,0.0
Professional,6.151629718469042,2,10.352077573294782,5,2,4,3.8590485281213285,4,3,2,1,4,1,0.0
Professional,5.672915121418496,2,8.534097225050719,4,1,5,1.0470171216661774,4,4,3,3,4,5,0.0
Professional,6.310790887518573,1,8.84187253792367,4,1,5,2.4710741054955623,2,2,2,4,5,5,0.0
Professional,7.344584225671664,3,4.489118627239632,2,5,2,3.2669266076080152,0,0,1,2,0,0,5.345484920074078
Professional,8.323193773120549,5,6.854198397563403,3,4,2,4.593328267632467,4,3,1,1,1,0,4.512511647112372
Student,7.784059069607182,5,5.0777466464043854,5,5,3,6.940018259479715,2,2,2,3,0,2,2.621123243034417
Student,8.652538299725162,5,2.2388436195055625,4,5,2,6.059072808075966,0,1,1,2,1,0,7.563472822279681
Professional,7.433621812008116,3,3.1215896592461045,2,3,3,5.6298158351117955,1,0,1,4,1,3,1.416734132231004
Professional,7.76845599762723,3,6.55553709633533,2,4,2,4.197424983281854,0,0,1,1,2,0,6.231188719939381
Professional,7.324459142192994,5,3.023939815163114,4,5,2,7.358301939823013,0,1,3,3,1,0,4.0621536036681
Student,8.164081478437552,5,3.713936297388339,2,3,3,4.988167270104533,0,0,1,2,2,2,2.6630623483007745
Professional,4.654200740632739,1,5.324496086158624,4,2,4,3.5299970646758125,1,1,1,4,3,5,0.0
Professional,8.28425829372852,4,3.3016198493183486,5,4,1,6.707200994726269,0,0,0,4,2,0,6.321297236479998
Professional,6.625751564228976,3,3.7546891649121306,2,3,2,5.35091490644351,2,2,0,0,1,0,5.0321240383107435
Professional,6.613802960995243,3,4.709691209477746,3,5,2,3.1968839860072213,1,2,0,4,1,2,2.200420675908747
Student,6.024233923435096,3,9.173342608948527,2,1,5,2.5306478022352126,5,5,1,3,4,5,0.0
Professional,5.670913066476083,1,10.866520200571877,4,1,4,2.0442111125834206,4,5,3,4,5,5,0.0
Student,6.072987852539846,1,7.170222531001324,5,1,4,2.8369401545407666,3,4,0,5,2,5,0.0
Student,6.397765995747731,3,5.568812312403259,4,1,3,2.3088269669186996,2,2,2,4,3,4,0.0
Professional,4.633534408123872,2,5.23699288965582,3,1,4,3.713968187226489,3,4,2,2,1,4,0.0
Professional,5.525409423076593,2,7.164255533978355,3,2,4,2.935411371807162,3,2,1,4,4,5,0.0
Student,7.28511251426988,4,5.11843457016986,3,5,3,5.391946495089945,1,1,2,2,2,0,4.7030622267142945
Student,5.7221296557516625,1,8.699135123367245,5,2,5,1.9379689430656584,4,4,3,5,5,5,0.0
Student,7.486977427476697,5,6.78523559683355,3,3,2,4.7899242161812055,3,4,0,3,4,1,2.869957098714317
Professional,8.516911494618252,5,5.009888060214953,5,4,2,6.259016876471804,0,0,0,2,2,0,5.594323356036237
Student,4.681692630986204,2,10.72151858668683,4,2,5,2.1503885036430774,4,5,4,3,5,5,0.0
Student,5.090624779274541,3,9.034395313123355,4,1,5,1.9349533018289553,4,5,3,5,5,5,0.0
Student,4.868184521245817,2,9.1740133397725,4,2,5,2.7707600957790834,4,3,2,3,4,5,0.0
Professional,6.697538102797503,3,3.351465323727771,2,5,2,4.127117416140812,0,0,0,3,1,0,4.805583714050241
Student,5.684279119302122,1,9.376464882827541,5,1,4,1.3918322801083973,3,4,3,2,3,4,0.0
Professional,8.419549963532637,3,4.936852263039162,3,5,2,4.252423668234499,1,2,0,0,3,0,6.489191108788813
Professional,4.576376622675917,2,9.804782497485732,4,3,5,1.9577701157436906,5,4,1,3,5,5,0.0
Professional,7.3032604166655375,5,3.6176597773599695,2,5,3,5.10889699063393,0,0,1,1,1,0,5.793179214685175
Professional,6.64200215901078,5,6.556742799363505,3,5,3,4.7207538208613675,2,3,1,2,2,0,3.6271291802620826
Student,6.7232748906423705,4,6.9973404913244615,2,3,2,3.9717159496896057,3,3,0,0,2,0,2.571264175491749
Professional,8.709640105984375,4,3.5877274495373945,4,5,3,6.126946206479003,2,3,1,3,1,0,4.71169272784153
Professional,8.67667564118677,4,5.855371406375438,3,5,2,5.251042964743092,1,2,2,5,3,2,3.381918956907795
Professional,4.303777923844166,2,7.365293230163907,5,1,5,2.2716992559909945,2,3,4,5,4,5,0.0
Student,5.912031952715456,2,6.688280844004698,4,1,3,2.0121784937462994,2,3,2,2,3,3,0.0
Student,5.109114116508697,3,8.433296242236263,4,2,4,1.383380464773466,3,3,2,5,0,5,0.0
Student,7.979731599085834,4,5.6550669444868,3,4,2,5.589163179347848,1,0,3,2,0,0,5.267378701071421
Student,5.164498554821681,2,5.65367369728925,4,2,5,3.7680274855727234,1,2,4,5,3,5,0.0
Professional,8.162079054214257,4,6.879283140964161,2,4,3,5.786412059993371,2,3,0,3,5,0,2.7107336404185673
Professional,5.6601757135780915,2,6.407871429277652,4,2,5,3.0975322943847186,3,3,1,5,3,5,0.0
Professional,7.509284875318112,5,5.909169908958274,3,4,2,4.148595646450617,1,2,1,1,1,0,4.58869988222601
Student,6.405271166743594,1,8.043437639414003,4,1,4,2.3677732729582512,3,2,1,5,2,5,0.0
Professional,6.844623674594899,5,5.467536287865579,3,3,2,3.492723201669463,2,1,0,2,3,1,2.604133031969088
Student,5.322113220522474,2,6.39797185261616,2,2,4,3.6553579627229382,1,2,0,2,2,3,0.0
Professional,4.370963445543694,2,8.910574322547593,5,2,5,2.1257233974907446,5,5,4,4,3,5,0.0
Student,5.131856671871133,2,8.766297692979094,4,2,4,1.0563529782615455,2,3,2,2,4,3,0.0
Professional,7.314709623258899,3,4.900909868006961,2,5,3,3.8233561506144356,2,2,2,4,2,0,3.05864849759995
Professional,6.486077506356908,1,7.811362862795374,4,2,4,1.7321903531287757,4,3,1,4,1,5,0.0
Student,6.7742957797694405,1,7.586433838839633,4,2,5,2.6958668798619465,2,3,5,3,3,5,0.0
Professional,6.144893638493771,3,8.48041044567725,4,1,5,3.1132166324877253,4,3,3,5,5,5,0.0
Professional,8.69255290933925,5,5.967988036059404,5,4,3,6.348759797335335,1,1,0,2,2,1,4.6020798077311555
Student,8.155899481695686,4,4.9038751173133885,3,5,3,5.316001682734893,2,3,0,5,3,3,1.4987318258765752
Student,4.773882923506627,2,9.933166564865083,5,3,4,3.4537438781399943,3,3,1,5,4,5,0.0
Student,8.066401328738081,5,5.482905226608782,3,4,2,5.279984360809479,1,0,0,2,3,0,5.002312450487345
Professional,6.201871442685474,2,11.511730282137933,5,1,5,2.595915203489495,4,3,3,4,5,5,0.0
Student,6.967284285545531,3,7.370800872590626,3,2,3,1.7231959909969703,2,1,3,1,3,1,0.0736305631611836
Student,7.789029648869593,5,5.698695968092647,2,5,3,3.192971091699857,0,1,0,5,1,3,3.8505479687339905
Student,7.826126098258384,3,5.724690201758019,3,4,2,5.871950553871656,1,0,2,2,1,0,5.001941130929361
Professional,6.709730593852762,2,9.574659508851482,4,1,3,3.993353163460194,4,4,0,3,4,4,0.0
Student,5.096786709837659,3,8.71689582487808,4,1,4,2.1378963780165625,2,3,3,3,3,5,0.0
Professional,4.9251450901154,1,8.670386087089236,4,2,5,1.408409321051534,3,3,2,4,5,5,0.0
Student,7.7202633755477486,5,5.871248547966092,3,4,3,6.767349031482986,0,1,3,4,1,1,3.282818741708489
Professional,7.858394910704559,5,4.5486215762159325,3,5,2,4.2932461394504715,2,1,1,3,3,0,5.588226903989403
Student,7.35819556697118,5,4.102743587610801,2,3,2,3.0572978395251447,0,0,1,2,1,1,4.785723018581746
Professional,5.799973077581811,2,9.643429268394097,4,1,4,3.713130500982978,4,5,2,4,4,5,0.0
Professional,4.660609842030531,1,7.8727294175174825,5,2,5,3.116302555283654,2,2,2,3,5,5,0.0
Professional,4.846699011142578,1,11.790435937937115,4,3,5,2.630631743948326,5,5,3,5,4,5,0.0
Professional,7.406599477293086,5,5.441647443042284,2,3,3,5.0363450827105405,1,1,1,3,2,3,3.854881988467047
Student,5.508973676912869,1,6.131521430756173,4,2,4,3.85690415380332,1,2,2,3,3,4,0.0
Professional,5.659451493402307,3,7.08958842415719,4,1,3,2.2129372936592766,3,2,3,3,3,5,0.0
Student,7.693280863926386,5,2.2973234894143206,3,5,3,5.2090185932707636,1,0,3,4,1,3,2.810394301130236
Professional,6.155758090065998,1,7.886046899106198,5,1,5,1.1493707595631273,1,0,2,4,2,5,0.0
Professional,8.199350614802249,5,4.706211416966559,2,4,2,5.7972164884398545,1,2,0,3,2,0,5.9108394807331575
Student,6.558627020473933,1,9.869702917866286,3,1,4,2.7378034887255978,3,3,4,2,5,5,0.0
Student,8.671484490449306,4,5.051421911585487,4,4,1,6.846525665795129,1,1,0,1,3,0,6.026566299267859
Student,8.415054455621693,3,5.946889706005586,3,3,3,4.462321421279365,1,1,0,2,2,1,2.1341101877602457
Professional,6.0704565112758875,3,6.232606479196842,3,1,3,2.130685050655641,2,2,3,4,1,5,0.0
Professional,5.561609928272624,2,8.02764637445636,4,1,5,1.8337660323080773,5,4,3,4,3,5,0.0
Student,5.775656615551624,3,9.530558757233287,2,2,4,3.823777192532943,4,5,2,4,4,5,0.0
Professional,7.136703429701132,4,5.4472607045836305,3,5,3,6.055480691260435,0,0,2,2,4,2,3.5331168171225835
Professional,7.203149088470763,4,3.3238516174337933,5,4,2,5.5875177256827016,0,0,0,4,1,0,3.753909439355154
Professional,4.439524708526475,1,8.060626993609699,4,3,5,2.8154265904086033,2,2,3,3,4,5,0.0
Student,4.70573385254494,3,6.047099084001404,4,1,5,3.3356590765556264,0,0,4,5,5,5,0.0
Student,4.749407510095334,1,6.857084559966161,2,2,4,3.3738932373518367,1,1,3,3,4,3,0.0
Professional,7.475626963615198,5,5.914569294867601,3,4,3,3.875469562721902,3,3,2,1,1,0,3.1650443173910876
Professional,7.012836739150841,4,5.807814135881303,2,4,2,3.287006131284638,1,1,0,3,1,0,4.15698541923166
Professional,5.2627917961766855,1,9.114350578650688,4,1,5,2.843443024608947,2,1,0,3,4,5,0.0
Student,4.850808799419565,3,6.004870163956198,3,1,5,3.7361933586291673,2,1,2,4,1,5,0.0
Professional,6.149328830651893,1,9.229334531024175,2,1,5,2.4009982585996608,2,1,3,4,5,5,0.0
Professional,7.57424149657348,4,6.244625046350023,3,4,2,4.431832897599706,1,2,2,2,2,0,3.1782825832071437
Professional,5.051476435392235,3,11.204444883557425,4,1,4,3.854391039237459,5,5,2,4,5,5,0.0
Student,5.378725738378343,1,7.07887194885723,4,1,5,3.882213516698414,3,4,3,5,1,5,0.0
Student,5.832184197903768,3,7.056136813158302,3,2,5,1.215131562654798,4,5,3,3,3,5,0.0
Professional,5.416667944686583,1,8.504848272890602,2,1,3,1.7952742057823499,3,2,3,3,4,3,0.0
Professional,4.657541947188427,1,7.811412513837614,4,2,5,2.4500629091766966,2,3,2,4,2,5,0.0
Professional,6.065673097936566,1,10.474826344093195,5,2,5,3.345166797963879,5,5,3,4,4,4,0.0
Student,4.722218248435567,3,11.632999403857841,4,3,5,3.3443804374919153,4,5,2,5,5,5,0.0
Student,6.903876323883732,5,4.321244021587386,2,4,3,4.202816207989079,0,1,1,2,3,0,4.103104064063234
Student,7.415670525116138,5,3.846114503453655,2,4,2,5.520025496771996,1,1,1,1,1,0,7.519832306038416
Professional,6.413746251013249,3,9.033573840223639,4,2,3,2.964715906353493,1,1,1,3,5,5,0.0
Professional,5.581606201510089,1,5.357006005434535,2,1,5,2.8122163017971906,1,2,0,3,2,5,0.0
Professional,4.503009034772544,3,6.178765900023917,2,2,3,2.9598146974982313,0,0,3,2,1,3,0.04302048623300392
Student,6.0418452014372575,2,6.283708006707746,2,1,3,1.9191431108088688,3,2,2,1,3,4,0.0
Student,5.962730509812475,3,9.930081887391482,5,2,4,2.233482897539047,3,3,3,4,5,4,0.0
Student,8.934638344461183,4,3.978543761662358,5,5,3,5.48532006915411,1,2,1,3,1,1,3.6268221314942264
Student,6.210963561480184,3,9.739585394672485,4,1,5,2.916097284649518,4,4,2,5,2,5,0.0
Student,5.689731277073727,2,6.925076856778086,3,1,5,2.8109335735179632,2,2,2,3,2,5,0.0
Professional,6.663407919204458,3,3.6227045021679016,2,4,3,4.695368012949151,0,0,0,2,1,0,4.57520782275008
Professional,4.717258872280255,2,7.144289566680623,4,3,5,1.4945702228396502,3,4,3,5,5,5,0.0
Student,6.6705164492737214,3,5.773580010393511,3,4,3,3.2085646207595864,1,2,0,3,3,2,1.821938733347795
Student,5.11836167785836,2,6.331141431587341,3,1,3,2.96507408921527,2,1,1,3,1,2,0.0
Student,8.726607029690248,5,5.012798807656917,4,5,2,7.649497033926853,2,3,0,1,2,0,6.371713886160193
Professional,7.779233464864124,4,6.006465574585107,2,5,3,5.202192105069324,3,2,2,1,2,0,3.397251637859104
Professional,8.465844519261138,5,3.035554967882018,3,5,2,5.422655361711196,0,1,2,0,1,0,6.863571127278906
Student,8.3237811094018,4,2.3696844018127146,4,4,3,5.216931724318375,0,0,1,2,1,2,4.486934061701935
Professional,4.302101128334898,1,9.848539252849665,5,3,5,1.9816000661167874,3,3,3,3,4,5,0.0
Professional,7.996178731406253,5,5.3308859039351155,2,3,3,4.101224852235104,1,1,1,2,2,2,3.544960662438283
Professional,8.453637281904474,5,5.348031183212469,4,5,1,5.640039723680379,3,2,0,4,1,0,6.302724632192794
Student,5.56907588725447,1,8.54646531861515,4,2,4,3.1531100851280107,4,4,2,1,3,2,0.0
Student,8.360122056613672,4,4.511194590812151,5,5,1,6.6281037417699356,2,3,1,0,1,0,5.635714543442317
Student,5.978934772325069,1,9.456193879755018,4,3,5,3.4713928463051023,2,2,1,3,4,4,0.0
Professional,6.542712367299124,3,7.96386149663766,2,2,5,2.44393113567488,3,4,4,3,3,5,0.0
Professional,4.367120422683565,3,8.06748696955498,5,1,4,1.5870956179091187,3,4,1,4,3,5,0.0
Student,4.533035489150361,2,9.00297687052636,4,1,5,2.5688748327046818,2,3,5,4,5,5,0.0
Student,5.729791049380942,3,7.053885447621453,2,1,5,2.0026458801122793,0,0,3,2,3,5,0.0
Student,5.300224844014586,3,7.698512141459511,5,1,4,1.5361183627978265,2,3,3,4,4,5,0.0
Professional,7.832610646256585,5,4.210917508758829,3,4,3,4.658926758052319,0,0,1,3,4,1,3.557065051715958
Professional,7.487597791431492,5,6.549164007109318,3,3,2,3.589802390444671,2,2,2,3,3,2,2.1680654366593783
Professional,8.935294185465617,5,3.6090912555618466,3,5,2,6.499466773245767,1,1,0,3,1,0,5.670786845355717
Professional,8.878961775429751,4,4.4529648231973535,4,4,3,6.895974032394406,2,3,1,1,2,1,5.009753339266772
Student,8.116097951258975,5,2.2596944919193644,3,5,1,7.020262400740611,0,0,1,2,2,0,7.896201208967772
Student,7.706689930623507,4,6.39768907781956,2,3,2,3.361693487466001,1,1,1,2,2,1,3.1226009310689142
Student,8.266772974098044,3,5.013081792402337,3,3,3,3.387271985184918,2,2,1,4,2,3,0.06933302349746095
Professional,8.299549669118653,3,4.856540748794928,3,5,3,4.629632961416413,2,2,1,2,3,0,2.6428661229666828
Student,5.593262066070811,2,7.905251802360738,4,1,4,3.290653702178156,0,0,3,5,4,5,0.0
Student,5.372346696296687,2,9.162871325016752,5,2,5,1.3376635220965474,2,2,1,3,3,5,0.0
Professional,4.914289642947618,2,10.172199705841763,4,3,4,2.923358395155938,2,3,1,4,4,5,0.0
Student,4.37635203316134,1,9.036674602516303,4,3,5,1.4209683248907847,1,2,3,4,2,4,0.0
Student,4.884969975693642,1,6.808226638775098,3,1,5,1.2628201073513956,2,1,3,5,3,5,0.0
Professional,7.006907387740729,5,4.091686910130948,2,4,3,5.647946291458512,1,1,1,0,2,0,5.592780896284945
Professional,4.320044271604164,2,7.820572197978952,5,1,4,2.056415450680731,1,2,1,5,1,5,0.0
Student,7.958552160587777,5,4.088294284549333,3,5,2,7.876402862776543,1,2,1,2,0,0,7.251410607031881
Professional,5.670648593020436,2,9.869571544731313,5,2,4,2.96139852800085,2,3,3,3,4,5,0.0
Professional,8.888664471496583,4,3.488747588272393,3,5,3,7.449392178175516,0,1,1,3,0,2,7.557568425106936
Professional,4.7476410855399696,1,9.021405467810865,4,2,4,1.5657967938147759,4,5,4,1,3,2,0.0
Professional,6.335545848822172,1,8.133884870231151,4,1,3,2.4116244581379256,3,3,0,3,4,4,0.0
Student,7.288688286467014,4,6.835618419380821,2,5,2,4.096132123604802,4,3,3,2,2,0,1.1510508437705858
Professional,4.7488700962722055,3,9.124692399086987,3,1,5,2.6256098291594565,3,2,3,4,5,5,0.0
Student,4.5243962875283374,1,10.32538719999214,5,3,4,3.0886917805724314,4,5,3,5,3,5,0.0
Professional,8.200079709986387,3,4.729390953352526,3,4,2,3.6223776044396354,2,3,2,4,1,1,1.6431398817997254
Student,5.269120215044062,3,8.693198473432343,4,2,5,3.6895295068415934,3,4,2,5,3,5,0.0
Professional,6.292210438993194,3,6.242028026234275,4,1,5,3.2159579517644263,2,2,3,3,2,5,0.0
Student,4.792684423407645,2,10.006180289794525,5,1,5,3.5620465913663777,2,1,1,5,5,5,0.0
Student,7.389250480123086,5,3.4569938130322253,3,5,3,3.18727555104754,0,0,3,4,2,2,3.1718842646533445
Professional,7.469244534012564,5,4.535153678180009,4,5,1,7.79570805326181,1,0,0,2,1,0,7.081240955087011
Student,6.89529556223923,5,4.74918406866756,3,3,3,4.0170856492317295,1,1,2,2,1,0,2.017530626499465
Student,8.421834863116123,5,5.71802929971353,2,4,2,3.550248885527329,2,1,1,1,3,0,3.633355973427813
Professional,6.610683997100906,3,5.717634230380519,3,5,2,4.619844681664153,1,1,0,2,3,0,4.644464145335767
Professional,6.540681662135202,3,5.704956741200443,2,5,3,5.617910063073594,1,0,0,1,1,0,3.742340857553028
Professional,6.828527327441248,4,3.010429853570535,3,3,2,5.558189895835643,0,0,2,4,0,4,3.0022574673801565
Student,6.6676168669743285,4,5.63331609169259,3,4,2,4.337895811213217,2,2,2,2,2,0,2.6203745755864225
Professional,7.109906907737253,4,4.203956977984893,3,5,3,7.191400103433112,0,0,0,4,2,2,4.561724452778917
Professional,7.209088412528656,3,5.549119240492351,3,3,2,3.4224355862789984,1,2,0,3,2,2,2.018477452004668
Professional,8.093823131485259,3,3.5712397031306784,3,5,3,3.9857764890841647,0,0,1,1,1,0,3.322415982971135
Student,5.238117636282298,2,7.178032487404829,4,2,4,1.62121652617073,1,2,3,5,1,5,0.0
Student,5.961275339193882,3,9.469456761031239,4,3,5,3.4985292786005124,5,4,5,4,3,5,0.0
Student,8.162244799858112,5,3.7824827683997286,3,5,2,6.396895764677411,0,0,0,1,3,0,7.757946069899273
Student,6.516201883294645,4,6.460597339085485,2,3,3,3.645818319869014,1,2,2,2,3,3,1.5551826860963083
Professional,8.243161450508966,3,4.617320237390169,3,4,3,4.112412592634542,0,0,2,4,2,3,0.7297682772699559
Student,7.489904267409983,5,3.7773285730950423,3,3,2,3.1390598083028385,2,3,2,1,2,0,3.2700471486243523
Student,8.330503768061517,3,4.574704735556086,3,3,2,3.561128055716143,2,2,0,2,2,1,3.412865682138972
Professional,6.762573742165278,3,6.4374408990112855,2,4,3,3.3346000210550297,1,0,2,4,4,2,0.45122479776204644
Professional,7.668323462552098,4,5.40430719602557,3,5,2,4.287143981916347,0,0,0,2,2,1,6.5126241612907565
Student,8.061435991413045,5,3.3986432993980515,3,4,3,4.914752956190966,0,0,1,2,1,1,4.876899082427316
Student,6.819285735630366,5,3.948526409533292,3,5,3,5.917749097653996,0,0,2,3,3,0,4.388242638494946
Student,5.599154960116352,1,7.992003646228582,4,2,4,1.5968491290159716,2,3,1,3,2,4,0.0
Professional,7.992380966634609,4,3.534233063453934,3,3,3,5.479667390358293,0,0,1,3,2,3,3.3256807207178514
Professional,5.684361575120045,3,9.08921030839857,4,3,5,1.4307323903457858,3,2,3,4,5,5,0.0
Professional,5.281841175713063,3,9.270310023616904,4,3,5,2.931826916007731,2,3,1,5,4,5,0.0
Student,7.002836440267831,4,4.365491080005622,3,5,1,6.145064917246987,1,1,0,2,0,0,6.49179507779891
Professional,6.6445483400824,3,6.446257136999826,3,5,2,5.7000887116041525,0,0,2,4,3,1,2.530404928077519
Student,7.602526795706725,5,2.7174134370582075,3,5,3,6.459700050823815,0,0,1,3,1,0,3.2496052208250954
Student,8.61836259501761,4,2.9058587667095797,5,4,3,7.135711227323915,2,3,0,4,1,2,3.6074970295027433
Student,8.373874730065346,5,3.605365034766132,3,4,2,3.934486274182806,1,2,0,2,2,0,4.086296700668005
Student,5.541670124800238,1,9.038298007873902,3,2,4,1.2989848406663218,3,4,2,3,4,3,0.0
Student,5.539541031488065,2,8.284037607619446,4,1,5,2.97046691954263,3,3,3,3,4,5,0.0
Student,6.997796770386384,3,4.272827183984349,3,5,3,3.9843104275254655,1,2,0,2,1,0,5.0208620213658595
Professional,6.673174716358701,4,6.0350550028075105,2,3,2,4.593440290113037,2,3,1,1,1,0,2.677246602206207
Professional,5.018496794572841,3,9.977601141321895,3,2,4,1.891060686432449,3,4,1,2,5,4,0.0
Professional,8.955335435398121,5,5.578670497256054,3,5,2,5.109894919548858,1,1,1,1,1,0,6.619081816880564
Professional,8.316989734906588,4,4.2500218279408095,3,3,3,3.9359352049436955,1,0,0,4,0,4,1.7031622294537838
Professional,6.785193757327186,5,3.1389685836893078,2,4,2,3.410640959075483,2,1,1,2,1,0,5.4132908653167275
Student,5.843723711149798,3,11.901957596803467,5,3,4,3.181793975778249,4,5,4,4,5,4,0.0
Student,6.1736477913447185,1,8.414430360342775,5,2,5,2.2248003217792776,3,3,3,5,4,5,0.0
Professional,7.51422932600829,5,2.177376850249357,3,5,3,6.553524165820598,0,0,2,2,0,0,6.093254315769514
Student,5.268182111058101,3,7.517487517967838,4,2,5,1.442907892240791,3,2,3,5,4,5,0.0
Student,4.120610307841354,3,7.6137002733731025,5,2,4,1.4802269769061047,3,2,3,4,5,5,0.0
Professional,8.383140755536113,5,2.9232711407511265,4,4,2,5.5943261440147225,0,0,2,2,2,0,5.442317102214193
Professional,6.926026168065152,4,3.191244254809919,2,5,3,4.878231873168396,0,0,2,1,2,0,5.832066227681551
Student,7.358685566741549,4,6.123983924112689,2,5,3,3.2804770847519693,3,2,2,2,2,0,2.866521244070934
Student,8.995392437322426,4,2.3469730904934103,3,4,3,7.88960792291425,0,0,2,1,2,0,5.218945000734905
Student,6.833754691756088,1,6.113870701341086,4,1,4,3.2866976861325785,3,3,1,3,3,4,0.0
Student,4.023014168476608,3,7.4979432416416945,4,1,5,3.5112233374572837,2,3,3,5,5,5,0.0
Professional,4.886799514747004,1,9.765917461288648,4,2,5,3.251166781272105,2,2,3,5,4,5,0.0
Student,7.692820053169292,3,6.19979259316953,3,3,2,5.735213124832061,1,2,2,2,2,0,2.0137802089612977
Professional,4.541894278304962,2,8.74047773753937,4,2,4,2.3904331936920036,3,2,1,3,2,5,0.0
Professional,4.397911845221635,2,7.674374232040239,4,2,4,2.6557036554855173,2,1,2,2,5,4,0.0
Professional,6.946997508709289,3,5.248577818034303,2,4,2,4.218037608564657,1,0,1,3,0,0,4.44092548359655
Student,6.863653992482303,5,6.194818295370556,3,3,3,5.593468606786371,3,4,3,4,1,5,0.0
Student,4.366951804089481,3,8.07379699981236,5,2,4,2.725076368784918,3,2,2,4,3,5,0.0
Professional,7.625404010742136,3,4.739782121629499,3,4,2,5.205347474521188,0,0,0,1,2,0,3.7351102823388014
Student,7.344047131939375,4,6.75294128902253,3,5,2,4.054584124790641,1,0,1,1,4,0,5.467855558124712
Professional,7.847501292517718,5,5.762210561598579,2,5,2,4.4817679363486365,1,1,0,2,2,0,4.9755186192876115
Professional,6.8029654333077705,4,5.747284863969184,3,5,3,5.195712597039096,0,1,4,5,3,3,1.0816076913656205
Student,6.519616229427953,5,4.637985113382207,2,5,3,3.9603751487841334,1,1,2,3,3,0,4.711935848104866
Student,6.207069111421365,2,7.481821862331535,4,1,5,1.0407447636963092,2,3,1,4,3,5,0.0
Professional,4.09959772709515,3,7.471111893737537,4,2,4,2.041500519022878,3,4,3,0,3,1,0.0
Student,8.289710613394252,5,5.057600445557224,4,4,1,5.666621620987946,1,2,1,1,1,0,5.112837433013856
Student,7.808384268373361,4,2.095224173033372,5,5,3,5.138839638467743,0,1,2,4,0,2,3.7532110598051807
Student,5.377238439423924,1,11.9319928824265,4,3,4,2.9353096154738,5,5,5,5,5,5,0.0
Professional,7.68827116794759,3,6.578856419022451,2,3,2,4.748171521851747,2,1,0,0,3,0,3.800844676112786
Student,5.101634018872767,1,10.766182071543804,4,2,4,2.27624648281755,4,5,3,2,4,3,0.0
Professional,6.079664675183013,1,9.158077586861745,4,3,5,3.4878600325915423,2,3,2,4,2,4,0.0
Professional,7.716293732803386,4,4.768718934174968,4,4,3,6.467052141039783,0,1,1,5,2,1,3.4425971823219825
Student,6.444940298382419,1,8.226149791158393,4,3,5,1.707760331420151,3,2,3,5,4,5,0.0
Student,6.744423167170734,4,3.7253034244172527,2,3,2,5.678491878789718,0,0,0,2,2,2,6.31061806069002
Professional,7.94819448554477,5,5.877074023794459,3,5,3,5.141826239480262,1,2,1,1,1,0,4.795299589645857
Professional,4.3452091415050225,1,10.702323254723652,4,1,4,1.9200058909393491,4,4,3,4,5,5,0.0
Professional,8.354319915844641,5,2.601383498927066,4,5,3,7.535864324060389,0,0,0,2,2,0,8.497816958951978
Professional,4.055098009169086,3,11.760292091486054,4,1,5,2.5715292362105346,4,5,2,4,5,5,0.0
Professional,5.307945024598752,2,8.676083424130042,4,2,4,3.0190273028891568,1,2,2,2,5,4,0.0
Student,6.591300486118947,3,9.601881751607458,3,1,5,1.912210854340771,4,5,4,3,5,5,0.0
Professional,8.967041042050603,4,2.2082095934692285,3,4,2,5.189225523028901,0,1,0,2,0,0,7.620855460131644
Professional,7.609161343071249,3,5.442024696167277,2,3,3,3.1739959633710857,2,2,3,3,4,2,0.0
Professional,7.485751794270598,4,4.522303765512428,2,3,2,4.448614363668731,2,3,0,0,0,0,4.815675868892497
Professional,6.9973375669951405,4,4.835159461161432,3,3,2,5.682163838106433,1,0,0,2,2,0,3.129257958348462
Professional,6.890060463578308,3,5.539814851889156,3,3,2,5.907038890509,2,1,2,1,3,0,1.040813055207166
Professional,8.329631951529961,5,3.5576137680460187,3,3,3,4.68159481648649,0,1,1,2,2,1,3.66358066197502
Student,7.210923280511291,4,3.876153446568234,2,5,2,3.9561079678841504,0,1,2,1,1,0,5.681635026054108
Student,8.417596524381493,5,6.960348982531085,2,3,2,5.271499876237559,2,2,0,1,3,0,3.369323403678233
Student,7.438205949902979,3,4.3909591291837025,2,5,2,4.396786514513773,2,3,0,2,1,0,5.513462855616205
Student,5.970136914617039,1,6.197323897672334,2,2,3,3.758676588439855,0,1,2,0,2,3,0.7947238765888941
Professional,7.633334907500329,5,4.230998066431281,2,4,2,4.968435127678075,0,0,0,1,2,0,4.454632068523184
Professional,6.121569496802445,3,9.34144283836434,4,2,5,1.4472692463047432,2,1,3,3,4,5,0.0
Professional,6.130888650968712,2,7.716750770268607,4,1,4,1.3917590726839306,2,3,2,5,3,5,0.0
Professional,6.690097785661063,3,7.42370678699846,3,1,3,2.246180289906395,2,3,1,2,2,2,0.0
Professional,8.428440399676063,5,5.8348171568545855,3,4,3,4.457146138188021,2,1,3,3,1,1,3.3250855362912977
Student,5.1093984444508385,2,9.580622921012434,5,1,4,1.1355032694924332,3,2,2,4,2,5,0.0
Professional,5.284546950817904,2,8.759168555298256,2,2,5,3.273813218818498,3,2,4,3,5,5,0.0
Professional,5.42777915944147,3,9.495444799802966,2,1,4,3.03421753696575,1,1,4,2,2,3,0.0
Professional,5.006547047813196,2,9.291398614279775,3,2,4,3.6269601630237576,2,2,2,2,5,4,0.0
Student,6.544500703852662,3,4.229798379845407,3,4,3,3.50430764941554,1,1,1,4,1,3,2.0662850835720254
Professional,7.038737090405387,5,3.49601197849657,3,4,3,3.0360274892527923,0,0,0,5,2,2,2.3932613966476484
Professional,7.112058266497828,5,4.543800921815379,3,4,1,6.874469426280314,2,2,0,3,0,0,4.6502441751028565
Student,4.882125759876264,3,9.653628972726985,3,2,3,1.3199652088890719,4,5,0,3,4,2,0.0
Professional,4.257122430154512,2,11.455253084652673,4,1,5,2.282293213480643,5,4,4,4,4,5,0.0
Student,5.929730365813136,2,11.134973049525001,5,1,4,1.0750753046916,4,5,2,5,5,5,0.0
Professional,8.463082786088625,3,4.938153924502586,3,5,2,5.605396023637105,3,2,0,1,3,0,4.6255918365303605
Student,8.717824652191283,5,5.875872521287983,3,4,1,6.740130665894295,2,1,0,1,3,0,6.993262303910171
Student,7.226667563832528,5,4.609722902591168,3,5,2,5.5108165344298685,1,1,1,0,2,0,6.8347786526740215
Student,8.441456327971588,4,4.9431364574209296,2,5,3,5.9882373867204794,0,0,0,2,2,0,5.460174931293418
Student,4.9836203830590895,2,9.538419123175423,5,2,5,1.8906754881982866,4,5,0,4,3,5,0.0
Professional,6.326770029220834,3,7.8741845773310555,5,3,5,2.996669166366233,3,3,1,5,4,5,0.0
Professional,7.687391957631712,5,5.858166805800021,3,4,2,3.5884180492016147,4,3,1,3,4,0,2.793200768246956
Student,7.65095055577273,3,5.760843106797871,3,5,3,5.770780891383982,0,1,1,2,1,1,3.7816721809996
Student,8.548431116332718,4,5.289564371785129,5,5,2,7.197598487903075,1,0,1,3,3,0,4.600996363085563
Professional,7.0618748766844375,4,4.8715701125281,3,3,3,3.2264337432720867,0,0,0,2,2,1,2.832115809188179
Professional,4.192276596838337,3,10.258872394095516,5,2,5,2.3576009320879017,4,4,1,5,3,5,0.0
Professional,7.284255709973577,5,3.984749429845012,2,3,2,4.538936525743026,2,3,3,3,5,2,1.478294141784655
Professional,5.144797917999052,2,8.249280550804173,4,2,4,2.507595052771225,3,4,2,3,5,4,0.0
Student,4.502708721015114,1,11.79286921564679,5,2,5,3.994806928612206,5,5,3,5,4,5,0.0
Professional,7.164895436495277,3,6.489638707507826,2,3,2,5.5073623093566,1,2,1,2,3,1,1.7213177217266553
Student,8.2251136650477,3,4.645290787293078,2,3,2,4.478977287313596,0,0,2,2,2,0,3.9002268847750057
Student,7.164674360440644,4,4.376399056118946,2,4,2,4.638163777309693,2,1,0,2,3,0,6.337689112225025
Professional,7.597949269972278,3,4.5945158465763,3,3,2,4.698142718772553,1,2,0,4,2,2,2.22864820127211
Student,4.963950591958889,2,7.734979251692602,4,1,4,2.5118973394761803,3,4,3,3,3,5,0.0
Professional,8.310053194886397,4,4.089538317053158,2,5,2,5.773942435677469,2,2,0,3,0,0,6.422904699040757
Student,6.518285751922631,1,7.359214874188069,2,1,5,3.9198611498175464,4,3,3,3,2,5,0.0
Professional,7.407631827448741,5,5.158302518248245,2,4,2,4.415301453449471,1,2,0,1,1,0,5.0920709725096875
Student,7.200036180048644,5,5.013188482196328,3,5,1,5.4221234924767225,1,0,0,1,2,0,7.18171566599163
Professional,7.086446302835558,5,5.606272342111154,3,4,1,7.009779026483969,1,1,1,1,2,0,6.108190409920997
Student,5.488433416372233,2,8.129891923275917,4,2,5,2.965978214147958,2,1,5,3,4,5,0.0
Student,6.165472288163952,3,9.630876603347957,5,3,5,2.6744244802088266,4,5,3,3,4,4,0.0
Student,6.160289490490962,2,7.285898272651332,5,1,4,2.2252323635445777,5,5,2,5,2,5,0.0
Professional,7.184763532018376,5,4.99248206570345,3,4,3,3.0869782349969395,2,3,3,2,1,1,2.72284071449273
Professional,6.954023568330036,1,9.612713844264132,4,2,3,3.1304256476875842,3,2,1,4,5,5,0.0
Professional,5.118669323753344,1,7.155532436727687,2,2,3,2.324556089532595,1,0,2,1,3,3,0.0
Student,4.923118993607236,3,6.525791652686449,4,2,5,1.2546851633509108,2,1,1,5,2,5,0.0
Student,7.847033054944218,5,3.6229040476933823,3,5,2,4.655346685182311,1,2,0,1,0,0,6.014232510775779
Student,8.825717379928776,5,4.424258784739671,4,5,2,6.302229182590759,0,0,0,3,2,0,7.217707292364346
Professional,6.644502343206477,1,6.415382196251884,3,2,4,1.2928299946891224,2,2,1,3,3,5,0.0
Professional,6.89317384582172,4,4.3954483870810925,2,5,2,3.560503218883749,0,0,2,1,3,0,6.246907930230476
Student,6.631580484032851,3,4.0433243201000355,2,5,2,3.455718152966819,0,0,1,2,2,0,5.684714365256588
Student,8.87150594294307,5,4.566948179256093,5,4,2,6.96090933473015,3,2,0,3,1,0,4.780316428304205
Professional,4.001385461463135,3,11.771185158273159,4,2,5,2.1255291949393076,3,4,3,3,5,4,0.0
Professional,5.485148799589643,1,7.682151983947461,2,2,3,2.20512860024002,3,2,1,1,5,2,0.0
Student,6.937096923041126,3,4.39596043205663,2,3,3,4.436498447495045,1,1,0,0,1,0,2.448435588392324
Student,7.383928018246305,5,2.049664356677694,3,5,1,7.216244087106868,0,0,0,4,0,0,6.857119355921336
Professional,8.269745681092617,3,5.213569760919055,2,4,2,4.025107137327595,0,0,1,0,2,0,4.799208681181695
Professional,7.176419819979468,4,4.574653656222563,2,5,3,5.1594909352498615,1,2,2,2,1,0,4.543463338443724
Professional,7.262671634244569,4,5.127890634467811,3,5,2,4.195133026978292,0,0,3,2,2,0,5.038379894385874
Professional,6.3143913047624345,1,5.0201263942698535,2,2,3,2.4206615006417143,1,2,3,1,4,2,0.0
Student,7.435582000024759,4,5.55555175862593,3,4,1,7.82546380689418,2,2,1,2,2,0,4.885712724824117
Professional,4.728257021762876,2,9.764982913444609,5,1,4,2.0951519623165926,3,4,3,3,5,5,0.0
Student,6.330705360176951,1,9.183532928447462,4,2,4,1.9533562257605916,2,2,2,3,5,5,0.0
Student,4.878705282574895,2,7.4140874717520555,3,2,4,3.3734790612702046,3,3,1,4,3,5,0.0
Professional,6.200744293546352,1,10.623547437321887,4,1,5,3.3927980484693654,5,5,2,5,5,5,0.0
Professional,5.66953574045243,1,9.746681542624621,3,1,4,2.478475227698458,2,3,2,2,4,5,0.0
Professional,5.757116767942123,1,8.885181790921264,5,3,4,3.484375575570703,3,2,2,5,4,5,0.0
Professional,5.271444804671788,2,11.411265616712987,5,3,4,1.5494061147153095,4,5,1,5,5,5,0.0
Student,4.193179315667942,3,11.596386055913662,4,1,4,1.5720278402643744,5,4,3,3,5,4,0.0
Professional,8.377200631589455,4,4.458956117759154,3,4,3,4.137417947317777,1,0,2,4,0,1,3.5419132542568206
Professional,8.6293089011881,4,4.436482488853187,3,4,3,5.184042673887938,0,0,1,3,4,1,3.9729175954742573
Professional,5.639622371434685,1,9.281741205351238,4,2,5,3.7069239203262963,4,4,3,5,3,5,0.0
Professional,7.831537287624083,3,5.682902960314893,2,4,3,5.262603275977334,1,0,3,3,2,0,3.004645250109925
Student,6.348162876814619,3,9.538626715646714,2,2,4,2.4843305304209866,3,3,1,2,4,3,0.0
Student,6.238247094272367,3,7.979360925395687,5,1,5,2.3899867046388192,2,2,2,4,4,5,0.0
Student,4.276857800477964,1,8.039440276315723,5,1,5,1.0955252336442936,2,3,2,4,4,5,0.0
Professional,6.607431005121407,3,6.007635014591212,3,1,4,1.337321235108957,1,1,3,4,4,5,0.0
Student,8.471395010612508,5,4.281798939489378,3,5,2,5.926595603036473,0,0,0,0,0,0,8.342073181979757
Professional,7.962151763469097,3,4.90121469867048,2,5,3,5.628669879394923,0,0,1,2,1,0,5.205489229459328
Professional,5.133673361789159,2,5.827817575426771,2,1,5,2.3815274797245363,0,1,3,3,3,5,0.0
Student,7.05205909963427,4,5.0750279061255,5,4,3,7.1873098507846285,1,0,2,4,0,2,4.007791275561168
Professional,8.247188386583247,5,5.176998857982554,3,3,3,4.386692897723408,3,3,2,3,4,1,0.6935270787779368
Professional,8.228855257044208,5,5.361786753047904,2,4,3,5.2843427463813635,0,0,2,3,4,1,4.697899077628309
Student,8.307084293413068,5,3.1410546477661314,5,5,2,7.122615468844021,0,1,0,3,0,0,5.336754955507907
Professional,7.088590861993985,4,3.845983193805344,3,5,1,5.104354942576202,0,0,1,3,2,0,5.2948687849026825
Professional,5.344331426958003,3,7.254870178958307,4,1,4,2.179739394376113,1,1,2,3,4,3,0.0
Professional,5.142704554628421,2,8.753446092443609,3,1,5,2.2110209728720838,5,5,3,5,4,5,0.0
Student,7.191327172837683,5,2.345064564252386,5,4,3,7.8882107341917695,0,1,2,3,0,1,4.565196346211932
Professional,6.772455556636898,5,4.793664831876221,3,4,2,4.652297179116459,1,1,1,2,2,0,4.791304711396027
Student,6.56639297221094,3,3.3958092067461396,3,4,3,5.1985348103638245,0,1,3,2,2,1,2.47063083192692
Professional,7.596946842350793,3,3.7992836813654565,2,3,3,3.6621011989667016,1,2,1,3,0,4,1.873842929233335
Professional,7.3562651939934,4,3.7398364254048673,4,4,3,5.523164798748852,0,0,1,4,0,3,3.3638920660481597
Student,7.922045435204488,4,6.741369125587621,2,4,2,3.615841069859102,2,2,1,2,3,0,4.402807984937567
Professional,5.901619848945064,2,7.364799319564774,4,2,5,2.3571225310699018,3,4,3,4,4,5,0.0
Professional,7.646177494589105,5,3.356662364169298,3,4,3,7.1657719097868,0,0,0,3,0,1,4.868683890673761
Professional,6.627265805377499,1,5.119979729000365,4,1,4,2.176786437303082,0,0,2,4,3,5,0.0
Student,8.16056921272496,4,3.6715156043313852,3,3,2,3.670114313482107,0,0,2,3,1,2,2.471364581641226
Professional,5.373162264619097,2,5.817279291669541,2,1,5,2.5007935224323856,3,2,2,5,1,5,0.0
Student,6.965559368874958,4,4.960515445346386,2,3,2,4.877308245245876,0,1,0,2,3,0,3.665595317022743
Professional,5.939375208800776,1,8.095800123313522,3,2,3,3.784396558046332,4,3,0,2,4,2,0.0
Student,7.153757579530639,4,3.573193372057301,2,3,2,3.0941988894382235,1,1,0,1,2,0,2.9362095129901458
Student,4.3552673995814555,2,9.731239838014442,5,2,5,3.8071775471752423,3,2,2,5,5,5,0.0
Student,7.442979450040285,5,3.4459537198609906,5,4,2,6.14352500289554,1,1,0,3,2,1,4.637231249473251
Student,7.4342073846285395,4,3.710479277820809,3,3,3,4.058768679279305,1,0,2,1,2,1,2.385372916886411
Professional,7.543577634274689,5,3.294839274688975,2,4,3,4.7150469782978135,0,0,0,3,2,1,3.5318831852005657
Professional,7.122275260024447,5,3.298019122480038,4,4,3,6.005372800088674,0,0,0,3,1,1,4.947402984339083
Professional,8.392751699741131,5,4.285027606521512,4,4,3,6.51600596293143,0,0,2,3,1,2,4.671622920394477
Student,8.644884249297853,5,5.239505660154277,4,5,3,5.328793611005381,0,0,2,4,1,3,4.033112865738743
Student,8.515167665438115,5,3.36734183504401,4,4,1,7.175020473341936,0,0,0,3,1,0,7.352905756460865
Student,5.3983729796206985,2,7.369944421009525,5,3,4,2.8337481185011804,3,3,0,5,3,5,0.0
Professional,7.7842675905882315,3,6.11387335966074,3,3,3,3.7436267169718525,1,1,1,3,3,2,1.348921807104639
Student,7.6906390915657905,4,4.571749220111227,3,5,2,4.317159119854185,0,1,0,2,2,0,5.406862195602209
Student,8.057070742006811,5,4.717535986662133,3,4,2,5.173146154549901,0,0,0,0,1,0,6.840944818782256
Professional,5.291486133524449,1,8.397759311425926,3,1,5,2.584420171821261,4,4,3,5,3,5,0.0
Student,5.602229162093018,1,7.562023556389744,4,2,4,2.0420012971931905,2,2,2,4,2,5,0.0
Professional,4.983731677796524,1,7.335925982619506,4,2,5,2.6619161637583817,4,5,4,3,4,5,0.0
Professional,5.346750465228464,1,10.266699622094054,4,2,5,3.4711896404025095,4,4,1,3,4,5,0.0
Student,6.4792947039088205,1,8.430198493740143,2,1,4,3.7286157097401658,2,1,3,4,4,5,0.0
Student,8.029299223180715,3,6.482529394927968,3,5,3,5.926195432815678,2,2,0,4,2,2,2.6319431156238333
Professional,4.253759645758839,3,9.140238959710373,5,2,4,2.808118808218593,3,3,2,3,4,3,0.0
Professional,6.382685805555157,2,11.515065195840462,5,3,5,3.367541957317945,5,5,2,5,5,5,0.0
Professional,8.963857448700352,5,3.5604528537357325,3,4,1,5.952400230897666,0,0,0,1,3,0,6.476828774217678
Professional,7.997670571793434,5,4.756768662730668,2,5,2,4.809881043145994,3,3,1,1,3,0,5.079965244455433
Student,5.179091993530242,2,5.858175087076865,2,1,5,1.5296625767285215,2,3,3,3,4,5,0.0
Professional,6.981967545658966,2,8.97662677004094,4,1,4,1.9610859114769186,4,3,3,4,3,5,0.0
Student,5.7537994427795365,1,8.929276883608681,4,1,5,3.647854825654523,2,3,2,5,4,5,0.0
Professional,8.300283469293928,5,3.7188032281726393,5,4,2,5.038455000396781,0,1,1,4,1,2,2.367906879899683
Student,6.815435110174384,1,8.234301120086108,3,2,4,2.049785601314223,2,3,1,4,4,5,0.0
Student,8.044578946622345,5,4.999357134581697,3,5,3,6.252687858344048,1,1,2,3,1,1,4.278650588273928
Professional,7.222445470468573,3,3.133191134260688,2,5,3,3.0504999595816846,1,1,1,1,0,0,4.594046080626232
Professional,5.908849337728466,1,9.64627770475375,4,3,5,1.366337864097982,5,5,5,4,5,5,0.0
Student,8.277145475411265,5,3.0054960291616553,5,5,1,6.425566736741047,0,0,0,3,2,0,7.8191310745653375
Student,5.134594703142451,3,11.340490471420232,4,1,5,1.7982379308991543,4,3,3,5,4,5,0.0
Student,8.300876527533173,4,4.445323013211411,3,4,3,7.849082542757637,2,3,0,2,2,1,3.9155930630244407
Student,6.6147491149038125,1,6.454398661221097,4,2,3,2.363210676459591,3,3,0,3,3,3,0.0
Professional,4.677283682950169,2,5.784168499481815,2,1,3,1.205338764787159,3,3,1,2,5,3,0.0
Professional,6.301102591209046,2,8.22901928138933,4,3,5,3.347988780688324,3,3,2,5,5,5,0.0
Student,7.300650366655577,5,4.139873110309246,3,4,3,3.049130719435435,0,1,1,3,2,3,1.8081887198184254
Professional,5.252466273154459,2,6.898722672744784,4,2,4,2.5311262198865867,2,3,2,4,3,5,0.0
Student,4.9473212789020895,2,9.432180276776952,3,1,5,3.4024797293256315,2,3,2,2,5,5,0.0
Student,8.25953387581913,4,4.884116336417507,3,5,2,4.640804557344632,0,0,1,3,2,2,6.043047930357378
Student,6.079832407128611,2,9.70800519393687,4,2,5,1.293984226089139,2,1,2,4,4,5,0.0
Professional,5.483989738183995,2,7.120754400291332,3,1,4,3.9560728293242176,2,1,2,1,3,2,0.0
Professional,4.325017388081925,2,11.818435829783255,4,3,4,1.2238397219720716,5,5,2,4,5,3,0.0
Professional,5.844965955687904,3,10.039941155982689,4,2,5,3.990444928212849,3,3,3,5,4,5,0.0
Student,4.673024797785995,3,7.032962026694695,4,2,4,2.1230111888805885,0,1,1,3,3,5,0.0
Student,7.8062613405793115,3,5.088005800608217,2,5,2,4.8808435657252645,1,2,1,2,3,1,5.078632975644963
Student,8.497295769868442,5,4.88494797120148,3,4,3,4.577678905736999,0,0,2,1,1,0,5.217469998860523
Professional,6.876105585225258,3,8.898241028739836,4,1,5,3.709944002698557,2,1,3,4,5,5,0.0
Professional,7.22252345814079,4,3.3839027867844518,2,4,2,3.427930312069529,1,0,0,4,1,3,3.4349661746942957
Student,6.931382735945771,3,4.013514379431806,2,5,2,3.0623036601311737,3,3,1,2,1,0,1.104943931626194
Professional,4.075791510837889,3,7.728228980132489,5,3,5,3.246170905889988,3,3,1,4,5,5,0.0
Professional,5.755786295964374,1,10.744195942309256,4,3,5,3.8699029685918105,4,3,2,4,5,5,0.0
Professional,5.487401069025871,1,6.4854548439016035,4,1,4,2.4742412638686453,1,2,2,4,4,5,0.0
Professional,7.834003065361729,3,4.161282415734265,2,3,2,4.730369125491709,2,2,1,2,2,2,2.722913797776355
Professional,7.15671470465441,4,6.664604107257605,2,3,3,4.366075163985373,1,2,0,1,1,2,3.310667330119639
Student,8.471116396535834,4,5.212077529197466,4,4,2,6.516623449319873,0,0,1,2,0,0,5.390807766437149
Student,5.944725355980438,2,11.165248155344955,5,2,5,3.9851461702231474,4,4,1,5,5,5,0.0
Student,7.7240018751137365,5,5.979704900781934,2,5,2,4.901558702650627,1,1,2,3,3,0,3.42935883829127
Student,4.601712273058352,1,9.888345851165845,4,2,4,3.6836740086321487,3,3,1,3,3,4,0.0
Student,7.496883680869988,4,5.353775310562092,2,3,2,4.646103766818709,1,0,1,1,2,0,5.049103316595728
Student,7.074531661983496,5,3.182290086455281,2,4,3,4.753980309515285,1,0,2,2,2,1,3.7188397843929053
Student,5.716791649012121,2,10.785160272305166,5,1,4,1.0365626530352277,5,5,5,3,5,4,0.0
Professional,4.301721169615601,1,7.391028284555474,5,2,5,1.2032718483358058,2,2,3,5,4,5,0.0
Professional,4.733972830181057,3,5.186156008761459,3,1,4,1.07414313816545,2,2,3,3,2,5,0.0
Student,4.725902282020488,2,10.49410290622141,4,1,5,2.2640712632368203,3,4,3,5,4,5,0.0
Student,6.216040969515937,3,10.585075188319706,4,3,4,3.0006858126110267,4,5,0,4,5,4,0.0
Professional,7.865229865744091,5,4.673941709227115,5,5,3,7.437367851209337,2,1,2,4,1,3,2.589881436637449
Student,8.203061610574988,5,6.320261488783117,3,5,3,3.206341973092977,3,2,2,2,2,0,2.633010372697076
Student,8.364452753411982,5,3.8785155225694607,5,4,1,7.692842025027156,0,1,0,3,1,0,6.791286024888572
Student,6.893882346489783,5,5.646328085502374,3,5,2,4.404920780517439,2,3,1,2,1,0,3.47289097385684
Student,6.35746330842651,3,5.833727843129683,2,2,4,1.7769465322959002,0,0,2,2,2,2,0.0
Professional,6.740383082891078,5,6.757726508399186,2,3,2,4.880795492789573,2,3,0,2,2,3,1.9147965275510277
Professional,4.1980663447022994,1,10.039398219367774,4,3,4,2.345664568137115,4,4,3,5,5,5,0.0
Professional,7.554219650707269,5,6.303421683437808,2,5,3,3.2984982427698473,1,1,2,3,1,0,4.659183791511985
Professional,4.933654995287032,1,9.449823037504544,2,1,5,3.6318406940541004,2,2,3,4,5,5,0.0
Student,5.696355074476897,1,9.246680297177171,4,3,5,2.143429945878936,4,4,2,4,5,5,0.0
Professional,6.422106017745978,2,7.466274348926854,5,3,5,2.1615609292415763,2,2,1,4,4,5,0.0
Student,7.822804066237566,4,5.185473964104549,2,4,2,5.497954506757921,2,2,1,3,2,1,4.428993000968077
Student,7.760688342499078,5,2.8610750961314393,3,5,3,5.543634852113622,0,0,2,2,1,0,5.815636814464468
Student,7.4387887570626585,3,6.96034549831633,2,4,2,3.6726294366265293,2,2,1,2,4,0,2.6287700159223344
Student,6.369111531491932,1,6.769977847723334,4,1,4,1.964751821087395,1,0,3,2,3,4,0.0
Professional,8.389817373499827,4,6.617855034209315,3,3,3,5.3833236027641815,3,2,1,3,2,2,2.328612131576982
Professional,7.168001437653188,4,3.5521236607865463,2,3,2,3.857514433991786,0,1,0,1,1,0,4.725300063119143
Professional,7.221339328618606,5,5.603874287629879,3,3,3,3.471250942886729,0,0,2,3,2,1,3.3546554287589743
Professional,4.826847858914913,3,11.261870487412793,4,2,5,2.12325753070689,5,4,3,5,5,5,0.0
Professional,4.76068662543164,1,8.856334620575355,5,2,5,2.713277826958762,2,2,4,5,3,5,0.0
Student,8.429996116685773,4,6.5930906579702135,3,5,3,4.709485440818536,1,2,2,3,3,0,2.109149479175997
Professional,8.331544842121579,5,3.702137190884798,3,4,2,6.118794705699834,0,1,1,1,1,0,5.425802534055808
Student,6.479465888219824,1,8.652238488093237,5,1,4,2.0574541827941855,2,2,2,3,3,5,0.0
Student,6.393856393617682,1,9.572510824285459,4,1,5,2.34986135734255,3,4,3,4,4,5,0.0
Professional,6.155127142440319,2,8.194299398166127,4,1,5,3.769677635458698,3,3,1,5,4,5,0.0
Student,5.457215003868044,1,10.643546242376763,4,1,4,1.0482402592177178,3,4,1,5,5,5,0.0
Professional,4.516369924422239,3,9.529053417598575,5,2,4,3.0958390037761605,4,4,1,4,2,5,0.0
Professional,6.936184256812932,4,6.239526342822844,3,5,2,5.508404606336222,1,2,2,3,4,0,2.8952960118728774
Professional,8.47863236701842,5,6.371762559509046,2,4,3,3.7432084921053472,1,2,1,2,2,0,3.0501253698898987
Student,5.479370219013029,3,6.29855552033165,3,2,5,2.3002246521155207,2,2,4,2,3,3,0.0
Professional,5.895480588249394,1,9.375294820844715,3,1,4,3.2595631115445225,1,1,1,4,3,5,0.0
Professional,5.264815636230426,1,10.626552877703503,4,2,5,1.4404599569240375,2,3,1,3,5,5,0.0
Professional,8.389473580567852,3,4.078544660866704,3,5,3,4.4727752819589925,0,1,2,2,1,0,5.184307973004416
Professional,7.5133970929291305,5,4.385506470773027,3,5,1,6.703761509820224,1,1,0,1,2,0,5.853831234128339
Student,4.699824054141109,3,10.191161231801011,5,2,4,2.458494065360946,4,3,1,3,5,4,0.0
Professional,6.514260040442013,5,6.34237612094485,3,4,2,4.077517951677901,1,2,0,1,3,0,3.8858884937768297
Professional,8.043812486800178,4,3.759527944903471,2,5,3,5.260865641753077,0,1,1,2,1,1,4.3235778818186406
Professional,7.322148356138937,5,4.380315742015419,4,4,2,5.197330110233434,1,0,4,2,0,0,3.4603288686498104
Professional,7.48764770520081,4,3.5155295182049393,5,4,3,5.229705925460348,0,0,0,5,0,4,2.7340105938931827
Student,7.1349985751891385,4,3.5905739705486353,2,3,3,3.210991776262317,0,1,1,3,1,3,2.828180587640008
Professional,8.414471222968054,3,5.774904245849768,3,3,2,3.6892039623555855,2,3,2,1,1,0,2.9817259816294204
Professional,7.136992626527757,4,6.746824173528902,2,3,2,3.893757582936319,1,0,0,1,2,0,5.5792925646935965
Professional,7.038252701247461,4,5.9340948869918515,4,4,2,5.937709200568872,0,1,0,3,1,2,2.989709572541723
Professional,7.732587112370593,5,5.800136163859422,3,4,2,5.988814703409613,3,2,0,2,2,1,3.7659523821298935
Professional,7.6740087211833865,5,4.917784914948023,3,3,3,5.641136175558523,3,4,2,2,2,1,2.026119328298209
Student,8.0904221576348,5,4.44077932659452,4,4,3,6.623308749362453,0,0,0,1,3,0,6.036826206930125
Professional,7.609684380743216,3,5.925948527573828,2,3,2,4.526220868290426,0,0,1,2,0,1,5.175304055494495
Student,8.986967043412498,4,3.962335518418035,3,4,1,5.6208594558458875,0,0,1,0,2,0,7.143016096253616
Professional,8.041050558615261,3,3.615843976417705,3,4,2,4.5834575736735506,1,2,3,3,3,1,2.985720380684832
Student,8.067921574122035,4,6.618910429691784,3,3,2,4.828339221527017,3,3,0,2,2,1,3.004535301525107
Professional,6.970337739123373,4,3.422468181046944,2,5,3,4.845396554440052,1,2,3,3,1,3,2.677292519069416
Student,8.68120124500829,5,2.7305559028071937,3,5,2,7.546063780648798,0,0,1,1,2,0,9.205683048454581
Student,6.965658661381931,3,7.22192513319028,4,1,5,3.2694515472997496,2,1,2,5,1,5,0.0
Professional,6.872742722321066,1,6.002683359539667,4,2,3,2.9348913122355884,1,2,3,5,2,5,0.0
Student,4.325535320821765,3,7.081529508932524,5,2,5,3.5717197467979815,2,2,1,4,4,5,0.0
Professional,8.670252326686409,4,4.291106066387973,3,5,2,7.756804229331491,0,0,1,2,1,0,9.516168789112537
Professional,7.638983677040019,3,5.17173354957185,2,5,2,3.3464093255336635,2,3,0,2,1,0,2.6630643505697966
Professional,8.046647105408153,3,4.404304954972953,2,4,2,5.907349592822216,1,0,3,1,1,0,5.767987449616091
Student,4.657538476732026,2,9.99361627268857,3,1,3,2.925239327503172,4,4,0,3,4,4,0.0
Student,7.664793208472429,3,6.519942766243346,3,4,2,5.968649373974481,2,2,2,0,2,0,4.285079544237351
Student,7.022254923118161,4,6.601621274260269,2,4,3,5.515732999114275,2,2,0,2,2,0,5.430630957895068
Professional,7.6979332726477505,5,6.022308781135492,2,4,2,4.298119347746111,2,2,2,2,4,0,4.292904723844172
Student,7.0402941609882195,3,5.298812815677952,3,5,2,4.450731873444178,2,1,2,3,3,0,3.933073653317773
Student,8.060147871246581,4,6.806119345673202,2,5,3,5.448376720961861,2,2,0,3,3,0,4.112414893236478
Professional,5.418349823922339,2,11.972414412260669,4,1,5,1.8543759672001427,4,3,3,5,5,5,0.0
Student,5.809677595786793,2,7.87538972590254,4,1,4,3.7526232447899077,1,1,2,4,3,5,0.0
Student,4.570460130862792,1,8.136685552126599,2,2,3,3.4520389701483682,3,4,3,2,3,2,0.0
Professional,5.395807321473458,1,6.880908952429759,4,1,3,2.414929291305171,1,0,1,4,3,5,0.0
Professional,6.5191653754263115,4,6.9873017472449614,2,3,3,3.757858381805324,4,3,3,2,4,1,0.0
Student,8.493122839027713,4,3.635710200681611,2,4,3,4.643147124537707,1,2,2,2,1,1,2.624863204158867
Professional,5.015687001398966,1,8.977889573480619,5,1,5,1.8380689697222796,3,4,2,3,3,5,0.0
Professional,5.63712015597282,3,7.815699381139415,5,2,5,2.5792408311846344,2,3,2,5,2,5,0.0
Professional,8.347668872846729,3,6.488441635172109,3,5,3,4.763961934827416,3,4,1,2,2,0,2.715568800476735
Professional,8.912015849032404,4,3.851749334308734,3,5,3,5.887315704147778,0,1,0,3,1,2,5.8558718730678
Student,4.919223806340883,3,8.551389178878301,5,3,4,2.1865508293226714,3,2,2,3,4,4,0.0
Student,5.641175984717357,3,10.550177923011006,5,1,4,2.933291480543856,4,4,2,5,3,5,0.0
Student,5.902408294402022,1,11.066265786725102,5,1,4,3.2657095935998557,3,2,1,5,3,5,0.0
Professional,7.302459999223384,5,3.4429464980416813,3,5,2,4.923644970705074,0,1,2,2,0,0,6.222635690707493
Student,4.612483659049856,2,5.743496591487741,4,1,3,2.4817565025065065,0,1,0,2,2,5,0.0
Professional,7.735063895856234,4,4.181013785047881,3,4,3,7.281596606313309,1,0,0,3,1,1,5.204235129438534
Student,8.4351983866405,3,6.722957585449651,3,5,3,4.4838339387706325,1,0,2,3,3,0,3.1898494234367236
Student,5.119043497652361,2,9.785532764280163,4,1,5,3.7950429868628976,4,5,3,5,5,5,0.0
Student,5.481539528995366,2,9.414174507008466,4,1,5,2.9867426425644408,3,4,4,5,5,5,0.0
Student,6.271763001372507,3,8.725707742102394,2,2,5,2.2765949344026497,2,1,3,2,3,5,0.0
Professional,8.474213960806606,4,4.670115272896679,5,5,1,7.935240182968811,1,0,1,2,3,0,5.63986414048045
Student,5.246878852727421,1,11.558872735120715,5,3,4,3.7348235708724666,4,3,1,4,5,4,0.0
Student,7.594078287241312,3,3.1420134748745294,2,3,2,3.0485540067956736,1,2,0,2,0,0,4.447761259053202
Professional,6.563195459635167,5,3.3408563476070836,2,4,3,5.740824071643434,0,0,0,2,1,1,4.515272670096587
Professional,5.59999725899187,2,11.899591593646477,4,1,4,3.9848499583658255,5,4,3,2,4,2,0.0
Professional,8.497546643643616,5,2.2522758210565237,4,5,3,6.024653695565315,2,1,1,2,2,1,6.122020665725199
Student,7.9674720234527125,3,6.631337715165749,3,4,2,5.7781282387413215,3,3,0,3,4,1,2.1673312868334387
Professional,7.781744754905425,5,6.934393315512615,3,3,3,4.769525735664655,2,2,2,2,3,3,0.4233866237258128
Student,5.324825052106187,2,9.5971065799735,4,2,5,1.6254586202283685,4,3,5,3,5,5,0.0
Student,6.1765145243033635,1,8.653318108630284,4,2,5,2.6819287754379584,2,2,2,5,4,5,0.0
Professional,5.803673844678718,1,10.93065211231091,4,3,5,3.0048681584130974,5,4,3,4,4,5,0.0
Professional,7.2997329260731885,5,4.945142289405386,3,3,2,3.4410900276454384,0,0,0,1,3,0,5.143048410643696
Professional,8.489087784181208,3,4.433608954775266,2,3,3,5.779476649101896,0,1,2,3,2,3,3.1257890108588744
Student,7.054587793812952,5,3.395563359929268,2,4,3,4.2896755806922755,0,0,0,1,1,0,5.465678150802968
Student,5.903134551986253,2,5.448391283296901,3,1,5,2.24314950806883,1,2,3,3,3,5,0.0
Professional,7.938953786352929,4,3.5482977707418915,3,3,3,4.42671023026096,0,1,0,0,0,1,4.755247507619208
Professional,5.648699195716965,3,10.343037961334153,4,3,5,3.236703855206053,4,5,4,4,5,5,0.0
Student,7.9547070341519195,4,5.95641142986357,3,5,3,5.577233083351028,1,0,0,2,3,0,4.068723365893816
Professional,5.949402638197805,1,7.999520728624196,5,3,4,2.7940550945099103,2,1,1,4,5,4,0.0
Professional,7.776815667743904,4,3.19179704094201,5,4,2,6.15256745616194,1,2,2,4,1,2,2.389283071604827
Professional,6.18245576818412,1,6.338240811834246,3,1,3,2.012516735342418,2,3,1,2,1,3,0.0
Student,8.325516463893477,3,4.291351110925239,2,3,3,5.260486684441675,2,1,1,3,3,4,2.448516049939418
Professional,7.797651753001228,3,3.397888599678006,2,4,3,4.135060809785736,1,2,1,3,2,1,1.8427631609901045
Professional,6.72947192252183,5,4.036912780268524,2,4,3,3.0286851385514346,0,0,2,1,2,0,4.979984794686471
Professional,6.045081210452843,2,9.83582027568026,2,2,3,3.728654772325304,4,4,1,2,4,1,0.0
Professional,5.485283458781821,1,7.17129880093432,2,1,3,3.822240169232998,2,1,0,3,1,5,0.0
Student,5.063645831586085,3,7.917137078062281,5,1,5,1.4294689349922158,0,0,3,5,4,5,0.0
Professional,8.900502387067116,5,4.645399360332252,5,5,2,7.081817383948453,1,2,2,4,1,0,5.196536289164238
Professional,7.745554091578573,4,5.03622163884239,5,4,2,6.90355686321874,1,1,2,4,1,0,1.9192829534651838
Professional,7.905488744239443,3,6.527563859792346,2,5,3,4.38617940568389,1,1,1,1,4,0,2.8879721709395985
Student,4.662598248376758,2,8.331174520028938,4,1,5,3.452087210118353,4,3,1,4,4,5,0.0
Professional,4.59296115386816,1,9.30990412833205,5,2,4,3.4164450799357304,5,5,1,4,3,5,0.0
Professional,5.150258247940656,3,11.77740447390415,4,3,4,1.686574827470491,4,3,1,4,5,5,0.0
Student,5.949789447763525,2,8.170395296011398,5,1,5,1.8156527357886572,0,0,1,5,5,5,0.0
Professional,8.488347583363469,4,5.360860942514428,2,5,3,5.7152988638029285,0,0,2,3,2,0,6.0251174623739745
Student,7.30068903643275,4,5.028174147746839,2,3,3,3.410747377430672,4,3,1,2,1,3,0.06463910966954345
Student,7.227486038827449,4,2.204638056785085,5,5,3,6.063988255294877,0,1,1,5,0,3,3.1506665384984203
Professional,6.6172591181972304,4,5.796555318803197,2,5,2,3.993895021382019,2,3,0,0,2,0,6.088981760751113
Professional,8.499535116668493,4,4.41825065841695,4,4,2,6.81772682963989,0,0,1,2,1,0,5.847702676595198
Professional,8.174775631883767,5,6.902306537742236,2,4,2,5.5458262705175905,3,3,2,3,2,1,4.496706545368932
Professional,5.644042373315786,2,11.253002741507784,4,2,5,2.151221708538494,4,3,4,3,5,5,0.0
Student,6.912817735383791,3,6.82603498493898,2,5,2,4.301087751024707,2,3,1,2,2,0,4.229568156547192
Professional,4.08995899052171,1,7.613696597721544,5,1,5,2.717999510415678,3,2,2,4,4,5,0.0
Professional,8.711098980871057,4,2.7057067864096056,4,4,3,5.850011417825931,0,0,2,3,1,2,3.796511903353776
Student,8.03430620428645,5,6.447639793217517,3,5,3,3.713866414352853,3,3,1,3,4,2,1.3285304684112462
Professional,4.662968099427944,1,11.83527701614155,5,3,4,1.2746671818128532,5,4,1,4,4,5,0.0
Student,5.109997551866815,3,10.74356548512523,4,3,5,1.8635030209045353,4,4,2,5,5,5,0.0
Student,8.85635187813247,5,3.3333269324611434,4,4,2,5.831675022265647,0,1,2,3,1,1,3.662473063911571
Professional,6.779008794649059,2,6.8211394057310555,3,1,3,1.3640324708210865,0,1,2,3,4,4,0.0
Student,8.813820863659172,5,2.07041009480538,3,4,2,5.9959308564836995,0,0,0,3,1,0,7.282696981629462
Student,7.991564316002544,5,6.1179533858861355,2,5,3,4.418747912935373,2,3,1,2,3,0,4.156926767242883
Professional,7.689650578547543,5,3.3657002966520126,3,3,3,3.344649273236367,0,0,1,4,1,2,1.3795787118092617
Professional,7.006696728945718,4,5.514419704252932,2,4,3,3.6396610472100024,2,3,1,0,1,0,3.005746678179342
Student,6.314158940802228,1,8.392813567248677,5,3,5,3.031964763884423,1,0,2,5,5,5,0.0
Professional,7.054581712536847,3,4.328428046151186,3,3,3,3.120503441851744,1,1,1,3,3,3,0.9421362351363287
Student,5.939742705972961,1,11.911297039353514,5,3,5,3.1937549723101064,4,3,1,4,5,5,0.0
Professional,4.083465456578203,2,7.29314350211292,5,1,5,1.9014370110593866,3,2,2,5,2,5,0.0
Professional,8.04533746972834,5,6.55333850711504,2,3,2,4.833490088374893,1,2,0,3,2,2,3.000507814011163
Professional,8.4332125511301,5,3.0149948815795677,4,4,2,5.279287995629051,3,3,1,4,2,1,3.5089967800347046
Professional,7.4539357821918895,5,4.964153879352491,2,3,2,3.334529713108706,2,3,0,0,2,1,2.7834603958669932
Student,8.499742876548268,4,5.759651890226153,2,4,2,4.06346865234759,1,2,1,1,2,0,4.934527394563343
Student,7.501003193769407,4,4.379233263119566,3,4,2,5.0859377939307695,1,0,1,4,2,2,2.683573130718888
Student,5.8023882762091805,2,11.233862907954366,4,2,4,3.0374662082188904,5,4,2,4,5,5,0.0
Student,8.94169480297002,5,2.7528375058173817,3,4,2,6.5575945355371195,1,1,0,2,2,0,7.215207626840357
Professional,5.915431473242952,2,9.059613139470812,4,1,4,1.072677587238398,2,3,5,3,4,4,0.0
Professional,6.9874372911627605,4,5.576092866542192,2,4,3,3.0018349054667612,0,0,2,3,1,2,2.805850355297293
Student,4.8506704040885715,1,5.623058382318334,4,1,4,1.06799596320703,2,3,2,4,3,5,0.0
Professional,7.781601106920211,4,2.818614118585308,5,4,1,7.575936401487452,2,1,0,2,1,0,6.867477522113406
Professional,7.562303006829292,5,3.1526277978469794,4,4,1,6.258502220634016,1,0,0,2,1,2,6.9776264075276675
Professional,7.0263230502915475,4,6.726127205638316,2,5,3,4.001494571106216,1,0,1,3,3,0,3.0536353681384445
Professional,5.275989056300247,3,10.038607021309847,4,2,5,2.2244939947046647,3,3,3,4,5,5,0.0
Student,6.107959066643378,3,9.526053095159755,5,2,5,1.5648410466919662,1,2,3,5,3,5,0.0
Professional,8.318521416621984,5,5.577912103919534,3,4,3,4.314627843333635,1,2,2,3,2,2,3.259374206215952
Student,4.764697553684505,2,9.231230236310054,4,1,3,1.2055204167730178,3,2,1,2,3,4,0.0
Professional,7.158906871915081,4,3.6444396207433325,3,3,3,4.509654152235649,0,0,0,2,1,3,2.8313596295908585
Professional,5.867015323786212,1,7.319732708610065,2,2,5,2.500507687552405,2,2,3,4,4,5,0.0
Professional,6.24233655127229,2,8.938707641634368,5,2,4,1.7209172485478172,3,4,3,5,5,5,0.0
Professional,7.266721038270074,4,6.767931542293047,2,3,2,4.677009210224492,2,3,1,2,4,0,2.6956105234219208
Student,4.672583871939777,3,11.1791663045492,4,3,4,1.1563339858295096,5,5,1,2,5,2,0.0
Professional,5.121668715432098,3,8.194392028032638,2,2,3,3.211809049377113,2,2,2,2,2,2,0.0
Professional,8.42974082135477,5,3.8659638413476647,5,5,1,7.709963315807763,2,3,1,3,3,0,4.671153050906502
Student,6.281882505149829,3,8.658598085541326,4,1,5,3.0510175652185203,2,1,2,3,4,5,0.0
Professional,8.90636519382177,4,2.2170734829297474,5,4,2,5.365550750775268,0,1,1,1,1,0,5.630910300284422
Student,7.905743169170265,4,2.8246593785248284,4,4,2,7.548881164833274,0,1,0,4,1,2,5.078689775044847
Student,6.873319446363649,1,8.632354660902216,4,1,5,2.1488422260942888,5,4,3,4,4,5,0.0
Student,7.152722576449234,3,6.203547081916717,2,4,2,3.420204016489777,1,0,0,1,3,0,4.920164932798723
Student,5.383979022446775,1,7.866789651056913,5,3,5,1.1318122196655835,4,5,3,5,3,5,0.0
Student,7.3871809327603035,3,3.1804439820815755,2,5,3,5.896472815313354,0,0,0,3,2,1,4.640785900158715
Student,6.330299501026575,1,9.899856448045252,3,2,5,3.4874542094654597,3,2,3,2,5,5,0.0
Student,6.30220768627031,3,6.404070156044564,4,1,4,2.654213424717702,3,2,1,2,1,4,0.0
Student,8.427617939242,5,3.105177762673547,3,5,2,3.8472817990280244,0,0,1,2,1,0,7.019355054870253
Student,7.485643710022467,4,5.884116524980399,3,4,2,6.72892645966717,3,4,0,3,1,1,2.2181471774289268
Student,6.193586711115751,1,5.1527098907486915,4,1,3,2.19508385880022,0,0,0,3,3,5,0.0
Student,7.897230612022241,4,4.659834008810078,2,3,3,3.191414232293805,0,1,2,1,3,1,3.914000060594688
Professional,5.336967188582788,2,8.054451524504955,4,1,4,3.2023459031932573,4,4,2,5,4,5,0.0
Professional,5.769149991128078,2,6.599252464228748,4,1,3,3.4262208776989826,2,2,2,4,1,5,0.0
Student,6.985659088386681,3,6.110300108156201,3,5,2,5.628623179162918,0,0,1,2,2,0,3.014119835025217
Professional,7.845066709769954,4,5.645753231767055,3,5,1,7.044096726741679,0,0,0,2,3,0,7.051128909073862
Student,7.0531406308566,4,4.836797533581548,2,3,2,3.9824291601438695,1,0,0,1,2,0,4.687562003576884
Student,5.784761781374182,1,7.519060453881936,3,2,4,1.5655663333254002,2,3,3,1,3,3,0.0
Professional,4.602184943714083,2,7.823643001994974,4,1,3,1.0732429444666662,3,3,1,4,5,5,0.0
Student,6.271724650357919,1,6.996195848345896,3,1,3,2.8658540494314066,1,0,0,3,4,5,0.0
Professional,5.680602983491381,3,7.956627513452284,4,1,4,1.4059032167020602,2,1,0,5,3,5,0.0
Student,6.078747766683744,3,9.658016613036377,2,2,4,2.0602436935008526,2,2,2,4,5,5,0.0
Professional,4.524181347117298,1,9.718250359055922,3,1,3,3.0560163457640686,2,1,2,4,4,5,0.0
Professional,6.639625381696674,5,4.12757508239733,2,4,3,4.339001221322484,0,1,3,3,3,2,2.4159782759320025
Student,5.7388475321355035,3,8.3003300081675,4,1,5,2.1871094633197563,2,2,1,4,3,5,0.0
Professional,7.939556253644939,4,4.8193190897545986,3,4,2,4.6870089821753345,1,2,0,1,1,0,6.033392479729594
Student,4.83341659519049,1,10.760221684413136,5,3,5,2.684265033995036,4,5,1,3,5,4,0.0
Student,8.059283644832778,3,5.653994521507787,3,3,2,5.018603881367248,3,4,0,2,2,1,2.4170177492960074
Professional,7.098330166128293,3,4.92471863644877,3,3,3,3.6696881755827997,1,1,3,2,2,1,0.9721717071703542
Student,7.848420320775295,3,5.610039971147012,2,4,2,5.994144065182721,0,1,1,0,1,0,4.987615219167866
Professional,7.207067974370109,5,3.9338762572934045,5,5,1,7.701133186642793,1,0,1,2,3,0,7.1387148550733155
Professional,7.015638954173635,5,6.452103844480703,2,3,3,4.119987577275091,3,2,0,1,3,0,2.2717661436985717
Professional,8.30837571120587,4,4.39072851211123,4,5,1,5.009879686591654,0,0,0,2,3,0,6.141902266040408
Professional,6.559105581883237,5,6.293534870016235,3,5,3,3.1909899997230227,1,0,2,4,4,2,0.4325172566237756
Student,7.869736680053695,5,4.2254012327407775,2,4,2,4.177768202725979,0,0,0,0,2,0,5.67732403684744
Student,4.008459966434944,1,9.152797319899973,4,3,4,3.7487464098479046,5,5,2,5,4,5,0.0
Professional,7.345009893969786,5,5.070701732149116,5,4,3,6.403369311417625,1,2,0,3,0,0,4.467783102383731
Professional,6.826280287109919,3,4.494788678944892,3,3,2,5.66878938940858,0,0,0,2,2,1,2.6298105639003104
Student,8.297597249157777,4,3.7045856331220075,4,4,1,7.69088936513185,0,1,0,1,1,0,8.163022968476179
Student,6.69954994176363,2,5.122156546538441,2,1,5,2.561176677978887,3,4,3,2,2,4,0.0
Professional,7.035269658104693,4,2.747522848202221,4,4,3,6.834292421683667,0,0,1,3,0,2,4.683074003178526
Student,6.905938828328367,5,3.7525564832252907,2,3,2,4.458626065559528,1,1,0,1,1,0,6.9896703132498
Student,6.892058403407015,3,6.58864877931046,2,3,3,5.029374703388709,3,3,1,2,3,2,1.3116030960920249
Student,5.469750912346586,2,6.306171005091422,2,2,4,2.595424026516002,1,2,3,3,1,3,0.0
Professional,8.277102765406736,5,4.3992131521875315,2,3,2,5.577115108638899,1,0,0,1,0,0,6.523823562268348
Student,6.490092887158905,3,7.894944579993451,4,2,4,1.3528259038994621,2,1,3,2,1,4,0.0
Student,4.448518102255264,3,7.863136351346119,5,3,5,2.4803251016876975,2,2,3,4,4,5,0.0
Professional,6.956172114466734,3,6.3494859477788905,3,1,5,1.4652828125821284,1,1,2,3,3,5,0.0
Professional,7.2609247228394524,4,5.215137514103722,4,5,3,6.013204806444663,1,2,2,3,2,0,3.1979854781719874
Professional,5.770772166890071,3,5.870251651932816,2,1,4,1.168584810199771,2,1,1,4,2,5,0.0
Student,6.251711370719029,2,11.060522694320449,5,2,5,2.7179023271493143,4,5,3,4,4,5,0.0
Professional,8.539088434927189,5,4.087719811215041,5,4,1,5.405928208062913,1,2,0,5,2,2,2.9444742833279944
Student,6.257441809043641,1,11.8545989426344,4,2,4,1.8196054950189462,4,4,3,4,5,5,0.0
Professional,6.320577670264269,2,8.217531303692974,5,1,5,2.6014351427750344,2,1,3,4,5,5,0.0
Student,8.89760165935527,4,5.230228565911161,3,4,3,6.477992677491586,1,2,2,3,1,1,3.110868765378697
Professional,6.158201592144546,2,7.575424713588172,4,1,4,1.3496400631455925,2,2,3,2,2,5,0.0
Professional,6.930457420467603,2,5.133622521225874,2,2,3,1.9595077698759011,1,1,2,2,2,2,0.0
Student,8.33129319228895,5,2.4499918312555415,4,4,1,5.375607946665102,0,1,1,2,3,0,5.783661961058243
Professional,6.4987067600596315,2,8.44635846862239,4,3,5,1.9019556190154918,3,4,1,2,5,3,0.0
Professional,6.282204363056742,3,9.189930107809829,4,2,4,3.3190956961171514,3,2,2,5,3,5,0.0
Professional,7.938853503317917,4,3.1825359403873623,5,5,2,5.495713670631202,1,0,0,3,3,0,4.40208165163798
Student,6.668426908141374,4,3.8355641369736198,3,3,2,4.1082258336148145,1,1,2,2,1,1,3.869136948590653
Professional,7.490738381268758,3,5.505460431523623,3,4,3,5.302072983128236,1,2,3,2,2,0,1.9371052271846043
Professional,4.155669105464305,3,7.3906071539487215,4,2,5,2.2285634417805675,2,3,3,5,1,5,0.0
Professional,8.384246627515008,3,4.241240526173957,2,3,3,4.000548973165378,0,1,1,3,2,3,2.724192593948551
Student,6.665310123579642,4,6.69928640772468,2,4,2,5.678613756984305,2,1,0,3,2,1,3.6160953031726475
Student,8.27012175240723,5,5.698966909752353,2,3,2,4.576631209379159,3,4,0,2,1,0,5.0412718400809595
Professional,8.455360176408137,4,4.537478702937385,2,5,2,3.108888835232248,0,0,0,0,0,0,7.663265532822487
Student,8.218333724652515,5,3.774915144786357,3,3,2,5.475090936730334,1,2,0,1,3,0,6.224242260175616
Professional,4.763664075023549,1,9.924767164627752,3,1,5,2.17405401610174,4,5,3,3,5,5,0.0
Professional,5.508748237429252,1,7.236742023732846,4,3,4,2.2417285703080587,3,4,1,5,4,5,0.0
Student,5.632639769987668,1,7.350176126655825,4,1,5,2.15952744494472,3,4,2,3,2,5,0.0
Student,8.248039988228127,5,3.1808360035134498,3,5,2,5.538928946951124,1,0,2,2,0,0,6.841497082125671
Professional,6.942996290685972,3,4.760530818470679,2,3,2,5.584909870062926,1,1,3,2,3,1,1.884205438918369
Student,5.385164654483959,2,5.4316834482580125,4,2,5,3.4679390414388984,1,2,1,3,1,5,0.0
Student,8.279792872166503,4,5.0462032621844095,5,5,3,5.431659123066018,2,1,1,4,3,1,3.2732282528860503
Student,6.813344268695036,5,4.7479863029526,2,4,2,3.0711157286992457,2,2,0,1,4,0,4.034671105822974
Student,6.292076439283617,2,8.654892126190264,4,3,5,3.8473964587499934,4,3,2,3,4,5,0.0
Professional,5.751948727351504,2,8.490842055479913,4,1,3,2.561721811944488,3,2,3,4,4,5,0.0
Student,5.678150527204334,2,6.743952942660105,2,1,5,2.164512728553219,1,2,1,3,3,5,0.0
Student,4.36426313122301,3,9.651095239104968,5,1,5,2.79812683020107,5,5,2,3,4,5,0.0
Professional,8.563220098461105,5,2.5357099726626195,5,5,2,5.830892842526621,0,0,0,1,0,0,8.501957044087213
Professional,8.212592617597943,3,4.879007781197764,3,4,3,3.901588649151441,0,1,1,3,2,1,2.7716675245957862
Professional,4.557019151719057,2,9.310032361342941,3,2,5,2.250521977781103,3,2,4,4,4,5,0.0
Student,7.35292960045411,3,3.4523885123850313,2,4,2,3.990383063786315,1,1,2,0,2,0,5.1936649270946385
Student,5.51501443320519,3,9.944017626163255,3,2,5,2.6080748829311524,4,4,3,3,2,5,0.0
Student,8.219003192781162,5,3.5271177540394176,3,5,3,5.159448776518843,0,0,1,1,2,0,6.443768572191525
Student,7.2944049221958185,4,5.096521524247402,3,5,2,7.906260327328409,1,0,1,1,2,0,6.951204673992137
Professional,5.106343039443233,1,8.477544275238968,5,1,4,1.1903486826298106,4,3,3,4,5,5,0.0
Student,6.731735988382772,4,6.383183730787858,2,4,2,4.757907536099687,3,2,0,1,4,0,2.6725232301408153
Professional,6.966986556619501,4,6.139984693568881,2,4,3,5.490672291856326,3,3,2,2,2,1,2.11657759017771
Professional,7.890816724791335,3,4.953877928999741,3,4,2,5.920738073281639,2,2,2,2,3,0,3.1615103269352347
Professional,7.442224040544483,4,6.495597470005796,3,3,3,3.4854268784315976,2,3,2,3,3,2,0.43562274292986825
Student,8.332192435515843,4,5.942049161553914,4,5,2,5.382265483872759,0,0,2,2,0,0,6.273073281951651
Professional,6.223194272083999,1,9.643039113459645,4,1,5,2.7698819394282657,2,3,4,4,4,5,0.0
Student,7.307767133772176,3,3.405632584950123,2,5,3,4.102130659942153,2,3,2,2,2,0,2.005040470454321
Student,4.842436252427662,1,5.280557392598701,2,2,5,2.7885893401674773,1,1,3,3,4,5,0.0
Professional,5.061829110429245,2,7.009980686892782,3,2,5,3.6551936527500026,4,5,2,3,4,5,0.0
Student,4.946579282817213,3,9.587032291845942,4,2,4,3.553591262436285,4,4,2,5,3,5,0.0
Student,5.41048675322971,2,9.680433679563631,4,2,3,1.8834781450106202,2,2,0,3,4,4,0.0
Student,8.36674414618444,3,6.723891656971377,2,5,2,4.033914661638895,2,3,2,3,3,0,2.3739703598906834
Student,4.757419175489579,1,11.380022067323754,4,3,5,2.0528599741821387,4,5,2,5,5,5,0.0
Student,7.416535642535138,4,3.838907295796808,3,5,1,6.460488283812264,0,0,0,4,1,0,6.080292634108449
Student,7.802138621313565,4,2.6847667183621007,5,4,1,6.101387268310759,0,0,0,1,3,0,6.154927539973512
Professional,7.8211120892024235,5,5.036018486248239,2,4,2,3.496683810926403,1,1,1,2,2,0,4.278421294378393
Professional,5.376275400241901,3,7.034768912371279,3,2,4,3.944230961103717,2,1,1,3,1,4,0.0
Professional,7.98752534850578,5,4.931071591523818,2,5,3,4.402711084839891,0,0,3,3,2,0,5.150640851785602
Professional,7.39827707428893,4,4.810218647794271,2,5,2,3.96375652879006,1,2,2,3,2,0,4.079129323135768
Professional,4.453469967578201,2,7.810659726375851,5,3,4,1.1256580913653063,1,1,3,5,3,4,0.0
Professional,6.328449298177384,1,9.704601535136835,5,2,4,1.434726521218519,3,3,1,3,2,5,0.0
Student,6.235234433890962,3,9.030848829786173,5,2,4,3.066679324097342,3,4,2,4,4,4,0.0
Student,7.941865096683823,4,6.7355958852158775,2,4,3,5.019616229890651,3,4,1,3,3,1,1.0472532665215044
Professional,5.712115467481224,2,7.389414973159949,3,1,4,1.6150576746162701,3,3,1,3,3,4,0.0
Professional,6.53092154940922,3,3.9997643384742374,2,5,3,3.9078168627261114,0,1,2,0,3,0,3.3132700549681067
Professional,8.200207655645807,4,4.376054833084757,3,4,2,4.959550806241319,0,0,1,3,2,1,4.106313186827891
Student,6.8921998638599264,1,7.05658499303585,4,1,4,3.7560195177338933,3,2,2,3,4,5,0.0
Student,4.757215613305128,1,9.40309416080845,2,1,4,3.365089040494939,4,5,4,1,4,4,0.0
Professional,5.412410250008949,3,9.69913321322124,2,2,4,3.284880918367884,3,2,1,1,4,2,0.0
Student,6.230540154611194,2,6.110179531852301,2,2,4,3.8395286235395965,3,2,2,2,4,4,0.0
Professional,8.985474608950973,4,2.4194848840448584,4,4,1,6.843939897448712,0,0,0,1,0,0,7.390024787004233
Professional,4.0302827902497285,2,8.967572100652248,4,3,5,1.1454921066818144,3,2,5,3,4,5,0.0
Professional,8.130672954982199,5,6.972254866869443,3,5,3,5.206035965442607,2,1,4,4,3,2,1.5426581790362595
Student,4.647770016838253,2,10.478114014291238,4,1,4,1.3074107989767518,4,4,2,4,5,5,0.0
Professional,4.384248709387565,3,11.835578086856806,4,3,5,3.91698205269151,4,5,1,5,5,5,0.0
Professional,7.129944401101454,3,6.077298015614723,2,4,3,3.99227486160133,4,3,2,4,4,5,0.6684571146537475
Student,7.739495746125279,4,2.6038599725211795,3,5,3,6.775917778628175,1,2,1,2,1,1,3.8601444669402367
Professional,6.264208414427063,2,8.994964583351235,5,2,5,1.5892422604441032,1,0,2,4,3,5,0.0
Student,8.463798108955995,5,3.0592136912738566,2,5,3,4.984029215014423,1,2,1,3,1,0,4.5255038214896155
Student,6.790126672185307,5,6.483358143468962,2,4,3,4.613744100593216,2,3,0,3,5,2,2.103381829402216
Professional,8.692464176249734,4,3.050872070732733,3,5,1,5.8361841300061394,0,0,0,2,0,0,7.257133524144117
Student,6.584255473905991,4,3.078117121187676,3,3,2,5.9255374087640735,1,0,1,2,2,1,3.4319341170423843
Professional,4.908049914875178,1,9.350112635945859,4,1,3,3.0136842335700105,3,4,1,5,4,5,0.0
Professional,5.0465090434599205,2,10.131830769257453,5,1,4,2.9909469685121155,2,1,2,3,5,5,0.0
Professional,4.704463741511397,3,9.055783189776534,4,1,4,1.9288049443989506,3,2,2,2,3,4,0.0
Student,6.412235308694538,3,9.20181965589399,4,2,5,2.440866459371621,3,4,3,5,5,5,0.0
Student,6.434746672417058,3,7.488531256880423,2,1,5,3.7854059571854703,2,3,2,5,5,5,0.0
Professional,6.772707590221515,5,4.533741215606597,3,4,3,3.646989479452242,1,1,2,2,1,1,2.9360866928352367
Professional,7.603241474170666,5,4.81512402013866,3,5,2,7.105861331985759,0,1,0,2,2,0,6.393594303067778
Professional,4.776323923355014,1,9.365825241170358,5,1,5,3.7653976870399988,4,5,3,5,4,5,0.0
Student,7.318991699582956,3,3.8529394617821233,2,5,2,4.242166773716441,2,1,0,2,3,0,3.9739402437888076
Professional,6.960441607237206,3,7.282436783301417,3,2,5,3.252364529362002,3,2,4,3,5,5,0.0
Professional,8.59865033451724,5,5.279377406902935,4,5,1,5.032168408683155,2,2,0,2,0,0,5.747465410329016
Professional,7.326762912929101,5,3.3519620003110777,5,4,1,6.613878894932297,1,1,0,3,1,0,6.195301780869967
Professional,6.247383161299341,1,8.562705277718075,2,2,4,3.100965905900826,3,2,1,2,4,4,0.0
Student,4.505632456532309,3,6.04166428744268,3,1,4,2.818798190597115,2,2,3,2,4,4,0.0
Professional,8.9135364344297,4,2.6622845032781646,3,5,1,7.420551803416297,1,2,0,2,0,0,8.141605887138628
Student,6.4957828344083675,3,5.752902470517114,2,2,3,1.132025546160253,2,3,3,3,3,3,0.0
Student,8.519161500030146,4,5.841656748505543,5,5,2,6.075910603623726,3,4,0,3,2,0,4.071292135551709
Professional,7.49648506436222,4,4.004281282829108,3,4,2,5.476032935581867,1,2,0,3,4,0,4.586518558314953
Professional,8.279687012555794,5,2.246998816671111,4,4,2,5.58028877503987,0,1,0,3,0,0,5.898349209563276
Professional,8.74989998298056,4,2.0744440654246294,4,5,3,5.969753707695309,0,0,0,3,0,2,5.402177760236352
Professional,7.067183532657773,5,5.556460513559212,2,3,2,3.7932231421678524,1,1,1,2,3,1,1.8730211316784962
Student,4.532684049013618,1,6.085767749175937,3,1,4,1.3288354239960316,2,3,2,2,4,5,0.0
Student,6.950052736896862,2,5.471620483258861,2,1,3,3.917858389668919,1,2,1,3,1,5,0.0
Student,6.902527204521785,3,3.288449722749852,3,4,2,5.335666379734615,0,1,0,3,1,0,5.305578176205169
Professional,5.398159436813994,3,9.58847076697512,4,1,5,3.4149358142036306,4,3,1,3,5,5,0.0
Student,6.680972583699106,5,3.93067668010906,3,3,3,5.18628437499715,0,0,1,1,1,0,4.500134964711691
Professional,8.346813212636789,3,5.63807981867982,3,4,2,5.550451493131922,3,3,0,3,2,0,2.2667354254976337
Student,8.962775473569708,5,3.0267626954642526,4,5,1,5.543734314645315,1,0,0,2,2,0,7.256332999174125
Student,7.971433694209876,4,6.117463342991503,2,4,3,5.187756808209708,0,0,2,2,2,0,3.9378389554628668
Professional,6.596438553681281,1,5.012477268004146,3,2,4,2.4007173154813333,2,2,3,2,3,3,0.0
Professional,4.8586981743640205,2,7.411268692803109,2,2,5,3.8211319325099797,2,3,2,4,4,5,0.0
Student,4.440241200668647,3,10.107978854723488,4,1,4,2.6327338629508437,4,5,2,3,5,5,0.0
Student,7.587631013685332,3,4.057799803036394,2,3,3,3.772395997595777,0,0,2,2,0,3,3.8719412154341617
Professional,6.926743814709725,5,3.9917805750163247,3,3,3,3.0576315992205445,1,2,1,2,4,3,0.0
Professional,7.181248873440429,4,2.2858043499482292,4,4,2,6.687743161293989,1,1,1,4,2,2,2.550450811856163
Professional,4.6412773523113,2,9.476597776786127,3,2,4,1.8505301069548301,4,3,3,4,2,5,0.0
Student,7.780829970731113,4,3.5905994332920512,3,4,3,5.026037724787626,1,2,2,2,1,0,3.6785897723950547
Student,6.691079290994621,3,6.034750218593096,2,3,2,3.5624379924957603,3,4,1,3,1,3,1.322590993313843
Student,8.934090107808727,4,2.6332381255356405,4,5,2,7.0077736511221005,0,0,0,2,0,0,6.626576738161287
Student,5.491051236559918,3,7.411906260106392,5,1,5,3.275340100022727,1,2,3,4,2,5,0.0
Professional,7.117792650855431,4,5.623361168569216,4,5,1,6.60619130307227,3,2,1,4,2,0,3.568245532314809
Student,8.13942324550665,4,3.051747569101424,2,4,3,3.5038871891876315,0,0,2,2,2,0,4.120058125846779
Professional,8.53422912236,5,5.584226749991938,3,5,1,5.406862878513787,3,2,0,1,1,0,6.050334652412183
Student,5.003772251186272,1,11.22862616456061,4,2,4,1.620297578301102,5,4,1,5,5,5,0.0
Professional,6.4212030732182654,3,9.923327472278508,2,1,3,2.3068239326505187,4,5,1,3,3,3,0.0
Student,7.881752120031926,4,3.1089484103368563,2,3,3,5.706387576879784,0,1,0,2,0,2,4.676013918698604
Student,7.7021498113231335,5,3.471643751264283,3,4,1,7.774774144142051,0,1,0,2,1,0,7.04590036534583
Student,5.760153706709982,2,9.987512517405985,4,2,4,2.935919590817347,3,2,2,5,4,5,0.0
Student,7.578818922559973,3,4.685824185507122,3,5,2,5.188259979762771,1,2,2,1,4,0,4.482827328579077
Professional,5.164238266403709,1,7.349950444092935,4,2,3,1.0949068516387972,4,5,3,2,5,4,0.0
Student,7.322168493834223,4,5.312600016675256,4,5,3,5.442241299453282,2,3,0,3,2,2,4.182503939581375
Student,6.69407155701985,4,3.010683973470653,3,3,3,3.190954111003882,0,1,1,4,2,3,0.27373550626373433
Professional,7.11676341371947,4,4.204078704108486,3,5,2,5.924971395806091,1,2,3,0,1,0,6.3320505560018
Student,7.591228720421692,5,5.127736564112318,5,4,3,5.780255408409339,0,1,1,2,3,1,3.81975721537715
Professional,6.778782347460702,4,3.7233013246094955,2,5,3,4.828400409319419,0,0,2,2,0,0,4.090553113030346
Professional,5.732830437984003,2,11.115564454261325,4,1,4,1.2443626442032012,4,5,2,4,4,5,0.0
Student,7.7545532811930284,5,3.1624004076823984,3,3,2,5.100853296207892,0,0,0,2,2,0,5.48013455475421
Student,7.082959725788905,4,2.004938098411554,3,4,1,6.3842169015155505,1,1,0,1,0,0,6.717862136482706
Student,7.647763181530515,5,6.271385772241721,2,5,3,3.139708409587312,2,3,1,1,2,0,5.015610139462009
Student,4.6882808086428245,1,8.97873603894755,4,2,4,3.708253044922233,3,2,1,5,5,5,0.0
Professional,4.72321474729484,1,8.077384451309442,2,1,4,3.449380760298504,3,2,1,3,4,5,0.0
Student,5.903422543045917,1,7.089971289400079,2,2,4,2.7469948667020265,3,3,3,2,2,4,0.0
Student,8.613623367496144,4,5.558436109262589,4,5,1,7.751154776121139,0,1,2,2,1,0,7.817817516991297
Student,7.083952017331129,5,6.660399630431451,2,3,3,4.746103041674877,1,2,3,1,2,0,3.246070903741067
Professional,8.211222614973288,4,5.1154945930238505,4,4,2,7.69985044017098,3,3,1,2,3,0,4.084680800077002
Student,7.416902121898326,5,4.329017272757536,2,3,3,3.112457841376021,1,2,3,3,1,2,0.0
Student,8.105004067730881,5,4.671269807124498,3,3,2,4.5863838354112465,1,1,0,2,3,1,4.1205349512894145
Student,8.40300842407032,3,3.646095689197045,2,3,3,3.213746213731178,2,2,2,2,1,1,3.426802685386251
Student,5.646487952971178,1,7.380170316543173,5,1,4,2.405289821485752,3,2,1,4,3,5,0.0
Student,7.919864393250777,4,3.4661074347281193,3,5,2,5.824655274822199,0,0,1,2,2,0,6.196019158801043
Professional,8.43864510760944,4,3.3057977670054774,5,4,2,7.583952788597522,1,2,0,1,1,0,4.8908363368023275
Professional,5.117235400141441,1,7.803496632413518,5,1,5,2.250169843408002,2,2,1,5,5,5,0.0
Student,6.5676887416660055,3,4.541002873447688,2,5,2,3.2469458948619865,1,1,3,2,2,0,3.148978059278373
Professional,6.817961862650523,2,9.491610098456846,3,2,3,3.437185725238141,3,2,3,3,5,3,0.0
Professional,6.405654162844748,3,8.98929009118628,4,2,5,3.834858255467013,1,2,1,3,4,5,0.0
Student,5.272129113124704,1,9.088918356566138,4,3,4,3.9144761694196415,3,2,2,3,5,5,0.0
Student,8.421184575712358,3,5.15036264054127,3,5,3,5.1696004281796615,1,2,1,2,2,3,2.030509723709591
Student,7.403804306799879,4,3.117019123657812,4,4,1,5.46478906053417,1,2,0,3,2,0,4.604062975368011
Student,8.731150125394242,5,5.152862725578016,4,4,2,6.021160129725452,2,3,1,1,0,0,5.747627986145431
Student,6.995292234091311,3,4.558190055595752,3,4,2,4.975519341577188,0,0,0,2,2,0,5.34469486949536
Student,6.62904482219529,5,4.804840573030268,2,4,3,4.5684178490169405,2,3,1,1,0,0,3.2587320196763683
Student,8.155155319763937,5,4.968716153180626,3,4,3,7.4540819697583345,1,0,2,3,0,1,5.018526589766309
Professional,8.431554703332164,4,2.592351352160641,5,5,1,7.735905739589677,1,1,0,3,1,0,7.240802174976509
Student,6.670064907003875,5,5.549713905501077,2,3,2,4.2713152403385655,3,2,2,1,2,0,3.370703269474334
Student,5.968465476897018,2,5.490346849531772,3,2,3,2.6504190244759505,2,3,2,5,3,4,0.0
Professional,8.494227268025478,3,5.239347211414358,2,4,2,3.935850027557448,1,1,1,3,2,0,4.833080867717298
Student,4.03392392476004,3,9.490842078436726,4,3,5,3.211656149310821,4,4,3,3,3,4,0.0
Student,6.06240879273304,3,9.206797994796663,3,1,3,2.939266162346677,2,1,2,1,2,2,0.0
Professional,4.828066290737409,2,11.900463569296376,5,3,5,2.9042707586794587,5,5,4,4,5,5,0.0
Professional,8.960124630774569,5,3.560188260655379,3,4,2,5.123263348902276,0,0,0,0,2,0,6.956445499907037
Student,6.173207307559721,2,11.476635899719556,4,1,4,2.8558650562241663,3,4,2,4,5,5,0.0
Student,6.870045553975518,5,5.69801511506495,3,5,2,3.2824914265584892,2,2,1,2,3,0,3.284311271161125
Student,6.747477640130235,3,9.873429292441958,4,1,5,3.905232366073454,3,3,3,0,5,3,0.0
Professional,5.029152762924966,1,7.313855782495958,5,3,4,2.8731782928875274,3,4,1,3,2,4,0.0
Professional,5.883822405290334,2,7.632632665875877,4,1,3,2.5173808013589447,3,3,1,4,4,5,0.0
Student,7.3660362366386405,5,6.758556766198312,2,3,3,3.0628565108835746,3,4,2,0,3,1,3.9117298784929506
Professional,6.538831119753131,5,4.29786196509556,2,3,2,5.988345510578737,2,1,0,0,1,0,5.5254270416856714
Professional,6.9706167961507415,5,4.093268892056402,2,4,2,5.316598965628015,0,1,0,0,0,0,6.839260503510833
Professional,7.161838824351358,4,5.88190658576713,3,5,3,7.43931613818358,2,3,2,4,1,3,2.589833425121649
Professional,6.1654448041126315,1,11.87061943173053,4,1,5,1.6857611761144506,5,4,4,3,5,5,0.0
Student,6.852338690313286,2,8.981509482116406,4,2,4,3.265576778877235,3,4,2,3,4,4,0.0
Professional,4.29691853235155,2,7.835683945921682,4,3,5,3.647263625460851,2,2,4,4,5,5,0.0
Student,6.464570809725661,3,7.934446587127523,4,2,5,1.322497962976727,2,2,2,5,5,5,0.0
Professional,7.674206710126075,4,5.129538852297791,3,3,2,5.209318926339806,3,3,0,2,2,1,2.438863649449833
Professional,6.137122331939951,1,8.986498290909967,2,1,5,2.2947862317930086,4,5,3,2,5,5,0.0
Professional,8.095215972169353,5,2.0475079629661317,3,4,2,7.263613928453311,2,3,0,2,2,0,7.087452992518239
Student,7.860876013022962,5,3.287187634350435,4,4,3,7.453253741719712,3,2,2,2,2,0,3.8255337574484884
Professional,5.559054794303174,3,7.046934184082246,3,2,4,3.051310036264426,2,3,2,5,3,5,0.0
Student,8.93829436191649,5,4.43930686176984,4,4,1,5.833992302059814,0,0,0,1,2,0,7.116162448189655
Professional,8.548720772363176,4,4.268099650890442,5,4,2,6.379317629774781,0,1,2,3,2,1,3.6417801266843224
Student,6.867418770898784,3,4.093335838944725,3,5,3,5.449701629217714,2,3,1,4,1,1,1.8526378442880502
Student,6.737081873951297,3,5.770172552824148,2,3,2,3.079895060742315,3,3,0,2,1,0,1.9977921635036358
Student,5.680459016586169,3,6.275776693771899,4,1,5,1.6274880502967952,0,0,2,5,1,5,0.0
Professional,8.638572472568207,5,5.015305046772113,4,4,1,6.040406659364011,2,3,1,0,3,0,5.516051588994137
Student,7.558662037060682,4,3.4157047801775278,3,5,3,7.468566570935722,0,0,3,1,1,0,4.969470405495766
Professional,5.906681059941385,1,10.870718098707819,5,2,4,3.243497082804664,2,2,1,4,5,5,0.0
Professional,7.614497103237091,5,3.7840745812194325,2,4,3,4.646445990489639,0,1,1,2,0,0,6.107899271719216
Professional,7.677674938683662,5,3.549474618299611,2,5,2,5.174940737996506,1,1,0,0,1,0,7.364179454033215
Student,8.328144735367712,5,3.3492019913600886,4,4,3,7.661209288747205,1,2,1,3,1,2,4.757553139252319
Professional,6.466974863925207,3,10.218316836321868,4,1,4,1.0209723561975221,3,2,2,4,5,4,0.0
Student,7.402490106730897,4,6.670903236364943,3,4,3,5.7085943813749225,2,3,1,1,4,0,2.562256082211001
Professional,4.327571264530747,2,9.115084762194066,5,2,4,3.2309129966791588,4,4,3,4,4,5,0.0
Student,6.5197757300338415,4,4.807076469582742,3,3,2,5.744069463433433,0,1,1,1,2,0,3.475022809136691
Student,5.162387559044326,1,9.217600921953748,4,2,4,2.5234086543955407,3,2,2,5,5,5,0.0
Student,6.993213527360471,5,3.2756387824127287,2,4,2,4.151860358650266,1,2,0,1,1,0,5.767609410852433
Professional,8.775160097179135,4,2.6274146094742887,4,5,2,6.2400267924464465,0,0,0,3,0,1,5.943362479882461
Professional,7.8033043223014324,3,5.234787855921059,2,5,2,4.351401983114274,1,1,0,0,3,0,7.0186913781546
Student,6.116894826468362,3,10.644827135489406,4,2,4,1.034275562211253,5,5,3,3,5,4,0.0
Student,6.718886654206537,3,6.1022725912377265,3,3,3,5.6600720799503605,1,2,2,2,3,2,1.3623801203473354
Student,8.438491868422181,3,6.237012910602619,3,5,2,5.175403879745045,0,0,0,4,2,1,4.603195276110541
Professional,6.344462392004037,2,7.674666714801572,5,1,4,2.844833084973714,1,2,1,5,3,5,0.0
Student,5.388779265181006,1,9.092754875833883,4,2,4,3.644172995910691,2,2,3,4,2,5,0.0
Professional,7.734774578303916,4,2.904653001841421,4,4,2,6.008388266084261,0,1,0,2,0,0,5.030132227954766
Student,6.624156968064073,5,6.281445393583301,2,4,2,4.769186476397641,2,2,0,2,4,0,2.6224271230758323
Professional,8.077344999963245,5,4.34118256152904,5,4,2,5.869252666336861,0,1,2,3,0,0,5.743538180328237
Professional,4.832221223012169,2,5.523819288405594,3,2,4,2.2253355173440594,2,2,2,4,3,5,0.0
Professional,8.829641787172415,5,5.022282812398097,3,5,3,6.864065464977664,1,1,0,2,1,0,7.0484485418204725
Student,8.377739347818629,3,3.9003890015679543,2,3,3,5.372330425717737,1,2,1,3,2,2,2.241269422406805
Student,4.553191888430583,2,8.213898910710398,4,1,4,2.987571731151112,3,3,4,3,3,5,0.0
Student,8.000044380775561,3,4.377255114606168,2,5,3,5.896907486124343,2,3,0,0,2,0,2.8881455090586736
Professional,7.301274088376056,3,6.573482088562343,3,4,3,4.756671561959605,2,3,0,1,3,0,1.8788887683717976
Professional,5.86921430757286,2,8.152080142095592,3,1,3,3.618394893697064,3,3,0,3,4,5,0.0
Professional,8.184957590113799,3,5.429234971685101,2,3,2,4.3635000351612305,2,1,0,2,1,1,4.608520060245031
Student,4.11658190683448,1,11.506588325817921,5,3,4,2.603139446029778,2,3,0,2,5,4,0.0
Professional,7.915074008954081,5,5.45933525830594,5,4,1,7.044589193373665,3,2,1,5,4,1,2.143066050357191
Student,7.009532260963073,5,2.0479147578806574,5,5,3,5.791875404741124,0,0,2,4,1,0,3.6601139407593717
Student,5.815216258927177,1,8.975956221562775,4,2,5,3.1158778680836057,4,5,3,5,5,5,0.0
Student,7.290067264553505,4,6.124391020496787,2,4,3,5.377874704352486,2,3,2,0,2,0,3.1784403748780146
Professional,7.930694042574949,3,4.37817066719437,2,5,2,5.693851030146134,0,1,1,2,1,0,6.238313301728378
Professional,4.782207281489832,3,11.61108801157226,4,2,5,2.379070876483866,3,3,2,4,5,5,0.0
Professional,7.459254474434845,5,4.829867969211641,2,3,2,5.28440798681195,0,0,0,3,1,1,4.93435753135492
Student,5.594364165614294,3,7.2367193227471995,4,2,5,3.17849925909748,2,1,1,3,4,5,0.0
Professional,6.994676314102789,4,3.0184397438926727,2,3,2,3.9812933282933756,0,0,1,1,1,0,5.9698622590579316
Professional,7.898392946705709,3,5.355477560828845,3,4,2,5.266983755753831,1,1,2,2,3,0,3.656215624700308
Student,6.368069503652475,1,9.519909628431813,5,3,5,1.242556099118855,4,3,2,5,3,5,0.0
Student,8.267692599474493,3,3.089000501980901,2,5,3,3.4472772623109407,0,0,0,3,1,1,3.3599644028381155
Professional,5.858749660710242,3,11.365920460003162,5,1,5,3.7055865354103354,4,5,3,4,5,5,0.0
Student,8.278310691300579,4,5.863540051773369,5,5,3,5.5126890446364465,1,2,0,4,4,2,2.2214271599346476
Professional,4.698792961311565,3,9.603442205848477,4,1,5,3.09577425575957,2,2,2,3,5,5,0.0
Student,7.408533996731118,4,6.952217842782037,2,4,2,4.941186621147148,4,5,1,1,3,0,3.015028911383549
Professional,7.810855002206209,4,3.057229140186488,2,3,2,4.629868965120974,0,0,1,2,2,2,4.453955604907727
Professional,6.756432976424777,3,5.040852809457242,3,3,2,4.346079410890404,1,0,2,0,3,0,3.7207532262582728
Professional,8.549719807301717,4,2.639716154305357,3,4,2,6.738618030481176,0,0,1,1,1,0,7.155398842635192
Professional,7.028740411853498,4,3.840508866667177,4,5,3,7.980890425776118,0,0,1,2,1,0,6.824096889615262
Professional,6.67233338680283,5,5.596144703674087,3,4,3,5.761523368459747,1,2,3,4,2,1,2.4907406664815688
Student,5.838787254192885,1,7.456364590522359,3,2,4,2.4640997394556328,2,3,3,4,5,5,0.0
Student,7.815344499751001,3,4.367705218312256,3,4,3,4.725973736229191,2,1,0,5,1,3,1.6471231326767681
Student,5.057008681122046,1,7.933407724085654,4,3,4,1.1544001155279071,4,4,1,3,4,5,0.0
Student,7.266812962556426,4,3.9013738949462113,3,4,1,7.777520324894312,1,2,1,2,3,0,5.057630670058079
Professional,5.647286183161546,3,5.018890926017385,3,2,3,1.9854967590934829,1,0,2,3,3,3,0.0
Student,7.130480908350966,5,4.718569856285301,3,5,3,5.756513316995558,0,1,0,3,2,3,4.972866679839367
Professional,6.665420279480159,2,7.929411224947961,3,1,3,1.8593944514350653,3,4,2,4,4,5,0.0
Student,7.744887492521654,4,6.938789557886198,3,5,3,5.996767525389998,2,2,3,5,5,4,0.791028370023612
Professional,6.4048084543078705,2,9.871518702517967,2,2,4,2.4739471532473645,3,2,1,3,4,4,0.0
Student,7.163011196850507,5,5.349557897824852,2,3,2,4.925951663942415,1,0,0,2,2,0,5.274025610247531
Student,6.832269957607589,3,5.54507372267253,4,1,5,2.627237178488088,2,2,3,4,2,5,0.0
Professional,5.433321231527909,2,7.918123646920932,4,1,5,3.542050084429266,4,4,3,2,4,4,0.0
Student,6.968400511338336,1,6.844645976571974,3,1,5,3.390170089928094,2,3,3,4,1,5,0.0
Student,5.147129544115324,3,11.688184851582903,4,2,5,1.8408698529411716,5,5,5,4,4,5,0.0
Professional,7.828627015611284,5,3.3600370676316214,4,5,2,7.403659074045026,0,0,0,3,1,0,5.989044913569946
Student,5.723528273869553,1,7.102906131417937,5,3,5,2.938391105101616,2,2,1,3,2,5,0.0
Student,7.409440812834737,5,5.037077678653567,4,5,3,6.224276408914096,2,2,2,2,4,0,3.248366407578525
Professional,8.366060308533944,5,5.179340618755977,3,4,2,3.318115442546437,0,0,1,3,2,1,5.303761896121175
Student,8.067275106734108,3,5.6804271828890665,3,3,3,3.4858724953182234,2,2,1,3,3,2,2.1810002405731588
Student,6.521785068980652,3,4.509564441694765,2,3,2,3.3151994437452563,1,0,1,2,2,0,4.071611729426387
Professional,8.410128794507814,5,6.1283925883504065,2,5,3,3.6987136716465483,0,0,1,2,2,1,6.6434158510024615
Student,6.565117966343116,1,6.657721018477007,2,1,3,3.167936318742605,1,1,1,2,5,5,0.0
Student,8.174022521006034,5,4.966987400416641,3,4,3,4.535214362108755,1,2,1,1,2,0,5.526598572283369
Student,6.907163924453618,1,9.872499416313914,4,1,5,3.199364575240808,3,4,3,3,4,5,0.0
Student,7.517791534132545,3,3.7229612261568863,2,3,2,3.0122569648941386,0,0,2,2,1,0,5.587936828792207
Student,7.599484633787821,5,6.193141106593963,2,3,2,5.7837347702892465,2,2,2,4,2,2,3.254906146823414
Professional,8.833562449562223,5,5.553803459729545,4,4,2,7.81459674627683,1,0,1,5,2,1,2.3988273202229076
Student,8.14254723840993,4,3.0626790234257664,4,5,1,5.717559346815741,0,0,0,2,2,0,5.885431649170318
Student,5.523390934819981,3,10.46804297241918,5,2,4,2.7261052209311356,5,4,0,5,4,5,0.0
Student,6.437436406507276,3,10.586722591982294,4,1,5,2.599663006924394,3,2,2,3,5,5,0.0
Professional,7.88797725393755,5,5.920561153453361,3,5,1,5.238510749618414,0,0,1,1,3,0,6.375177994171049
Student,7.549186175917286,5,5.063936344837453,3,4,2,4.771594498809543,1,0,1,1,3,0,4.786638499611742
Student,6.4153761870078085,3,9.13684455683094,3,1,5,3.2800672572637106,2,3,1,3,4,5,0.0
Professional,5.274057232315391,3,8.439897888227787,2,1,5,3.127364823516583,3,4,3,2,3,5,0.0
Professional,7.659444917655335,5,2.274905119506515,5,4,2,5.5534196307995725,0,1,2,4,1,2,3.1206677997561156
Student,8.17304396764889,5,4.052974625092986,2,5,2,4.328262857251855,0,0,0,3,3,0,7.259128404994108
Professional,8.738151630135405,5,3.036440070983334,3,5,1,7.176001795589626,0,1,1,1,2,0,8.387343672176382
Professional,8.361512943924303,3,5.764360745980661,2,5,2,4.423834586025169,1,2,0,2,2,0,5.003806421185456
Student,8.430932511963155,4,3.7681410961394715,3,5,2,4.6597932060981915,5,5,0,2,1,0,4.885802721096059
Professional,7.195255602877989,4,5.859527773957089,2,4,2,5.4516792572792765,1,2,0,2,2,0,6.044142158240765
Professional,4.63793860901652,1,8.375945362137708,4,1,4,2.0441232113463803,3,4,3,5,4,5,0.0
Student,6.714560727616559,2,9.802157896577908,3,2,3,2.3378755189941436,2,2,2,3,5,4,0.0
Professional,8.422039392742533,5,5.501220627027207,3,4,1,6.321622663167313,0,0,1,4,3,0,5.000693966004478
Professional,7.427029562658237,4,2.291261878313689,5,5,1,5.403682552018591,0,0,0,3,1,0,4.9945339632063455
Professional,6.148863471960697,2,11.812847936888161,4,1,4,3.440363714735353,3,3,1,4,5,5,0.0
Professional,8.218186268413973,5,4.801194504974987,2,5,2,5.127232710780227,2,1,1,1,1,0,5.619208723675989
Professional,5.801170792774176,2,9.029807281697947,5,1,5,1.3396440298296861,2,3,2,4,4,5,0.0
Professional,6.137258830712851,2,9.782389106528075,4,2,4,3.8733599083303045,3,4,2,1,5,1,0.0
Student,7.524446114895078,4,6.2083429774879,3,4,2,5.453548360810056,2,1,1,1,2,0,4.554583390464706
Student,5.525209372639019,3,8.633902761776337,3,2,5,2.549816689105598,3,3,3,5,3,5,0.0
Student,6.253437920946029,2,8.294151550346403,5,2,5,1.1974841396502862,3,2,2,2,2,5,0.0
Student,5.632143788999472,1,10.845485462926518,4,1,4,3.785115531163153,4,4,3,3,5,4,0.0
Professional,8.494885050641118,5,3.1167867646263185,4,4,2,5.6523380372423215,0,1,0,2,0,0,5.20896679075876
Professional,6.374467753270016,2,7.986490372692165,4,2,4,2.8745268927933623,1,0,2,3,3,5,0.0
Student,5.374348977109959,2,7.660931464143311,4,1,5,1.342989983988506,3,3,3,5,4,5,0.0
Professional,4.9044714625590755,3,9.980235610632327,2,2,5,1.3871601595282184,5,5,3,3,3,5,0.0
Student,5.445511514191491,2,11.004823823839091,4,2,4,3.992517079520504,4,3,2,3,5,5,0.0
Professional,8.444680753191365,3,5.902783945863629,3,3,2,4.1593451233630345,0,1,0,1,4,0,3.4361686522645796
Professional,6.485180345123313,1,11.87979790928464,5,1,5,3.5776379459295025,4,5,4,4,5,5,0.0
Professional,6.254921508108695,3,9.763733004962692,4,1,5,2.93579787719955,3,3,4,5,5,5,0.0
Professional,6.538710351661704,3,3.99820956886048,2,5,2,3.2056944207782925,1,1,0,0,2,0,5.729374238512322
Student,7.629801265729862,5,2.6556688117743397,4,4,2,5.8607735412700706,0,1,1,2,0,0,5.708949252875772
Student,8.528487030815297,5,5.77704745386851,5,4,2,6.3663489339204204,0,1,2,4,0,3,3.681167643797425
Professional,7.717595714314705,4,5.712215679231043,5,5,2,6.214787659821282,2,1,2,4,3,0,4.930459053969333
Professional,6.566952129156452,5,6.609476971929759,2,3,2,5.200108654522811,1,2,1,1,3,0,3.635673666658189
Student,7.86643727035569,5,4.31233300145903,5,4,3,7.50448129402562,1,2,1,2,0,0,5.688471464921914
Professional,5.52407041559971,3,5.810546777151007,3,1,4,1.915214912438047,0,1,3,1,2,4,0.0
Professional,6.725585132853561,4,6.92870101972364,3,3,2,4.595913051193176,2,1,1,0,3,0,1.9683112949208847
Professional,7.199591261588855,3,5.8047812615638525,2,4,3,4.980038982625381,2,2,3,3,1,2,1.7895123311694743
Student,5.190882422250417,1,8.33986304834638,2,2,4,1.1759221024793471,4,3,2,3,4,3,0.0
Student,8.331161099265978,5,6.1965775558866545,2,5,3,3.660970732087662,1,1,2,2,4,1,3.184351425304053
Professional,6.4832456896362185,1,8.201096021835026,4,2,3,2.041137487743654,3,3,1,3,3,4,0.0
Professional,5.79292848014567,1,8.1501441493953,5,3,4,1.3150841943403968,2,3,3,5,3,5,0.0
Student,6.5404629234102245,3,5.822500880977006,2,4,3,3.077616317677893,0,1,1,3,2,0,2.019019999748766
Student,6.396025476067656,2,8.580457523703588,2,2,5,3.3817818257048615,2,3,3,4,4,5,0.0
Student,4.4737374220996315,1,7.9604858504660205,4,1,4,1.2266047622460081,3,2,1,3,4,5,0.0
Professional,6.258858981338035,2,7.914371240589856,4,2,5,3.3795256200526502,2,2,2,5,4,5,0.0
Professional,5.378026772841516,3,8.975503765073947,5,3,5,1.1496065269199227,2,2,4,5,3,5,0.0
Professional,4.525834255723162,1,10.436192071689007,4,1,5,3.2053515652495848,5,4,2,5,5,5,0.0
Professional,7.251440469279439,3,4.446481256053748,3,5,2,5.687228304596268,0,0,1,3,1,1,5.499476315150107
Professional,4.544541298213018,2,8.245483259402757,4,2,4,3.869443291693681,5,5,2,4,5,5,0.0
Professional,5.264160181481143,1,6.080769138031899,3,1,4,3.260020662243307,3,3,1,4,2,5,0.0
Professional,7.899944739747051,3,6.862187671575782,2,5,2,4.147599208318684,2,3,0,0,2,0,4.51905651376116
Student,8.247280539541975,4,4.719026350729488,4,4,2,6.560498552072877,1,2,1,3,3,0,2.7053487258882045
Professional,6.583871331197738,3,6.660681439176093,3,5,3,4.439001548580254,2,3,1,3,3,0,0.8788393266635541
Student,8.95962034777871,4,5.577472931838928,3,4,3,5.408403211781351,3,4,0,3,2,1,2.9663836382367745
Student,7.284979602468461,4,4.465228475376458,3,5,2,3.9070961771702004,2,3,1,2,2,0,3.203305105891276
Student,5.75473256290038,3,5.589413922075761,2,1,3,1.3011004140705018,2,2,1,2,2,2,0.0
Professional,4.733863232237417,1,9.65768398476995,4,3,5,3.499432532159706,2,3,1,4,5,5,0.0
Student,8.209647626533135,5,4.929264417545287,2,4,2,5.990719244114386,2,2,1,1,2,0,5.065015997431293
Student,8.121177054443384,3,6.34537278314335,3,3,2,5.677455607672856,2,2,0,3,2,1,2.9159339491322007
Professional,8.485054360524007,4,3.5502570324501583,2,3,3,4.849186574330577,1,0,0,3,2,5,2.963532365551777
Professional,6.191113113834543,2,11.745207383083187,4,1,4,3.103556696325705,3,3,3,4,5,5,0.0
Professional,7.442449502416517,4,5.7476399147328525,2,5,3,4.597186185603955,1,2,1,2,4,2,3.8124662263369213
Student,6.164415211825764,1,7.96730611225918,2,2,5,2.895695413865094,4,3,4,3,3,5,0.0
Student,6.201891536858158,1,9.337188997186031,4,1,5,3.1725341054213594,4,3,3,4,3,5,0.0
Professional,6.534829807882452,4,3.040490234160456,3,5,2,3.0294015808019132,0,1,1,2,1,0,3.532290293005343
Professional,7.087179154634423,5,4.0295776762204785,4,4,2,5.341610007816095,0,0,2,2,1,0,6.045622080560037
Student,8.98734129383977,5,2.1633617717999534,3,4,2,7.891666604331466,0,0,2,1,0,0,7.9612097723772255
Professional,7.116151991979328,3,4.376654107007216,2,3,2,4.221969739661711,0,0,1,2,1,0,5.221033086250048
Professional,6.925957836443781,3,3.602924337103751,2,5,3,5.532979392981364,2,2,1,2,2,1,4.429153949291594
Student,6.708158541749516,5,4.759852598030768,3,4,2,4.397356719539918,0,0,0,2,3,0,4.47810550421412
Professional,8.800348041798705,4,5.934081230890938,3,5,2,7.550345797269045,2,1,2,2,3,0,5.94234421587989
Professional,7.933211823887885,5,3.546770152022223,3,4,2,5.238378359517131,0,1,0,2,0,1,4.799776239404888
Student,4.798009839563827,2,9.225483434362722,4,1,5,2.5228311498255276,3,2,4,5,3,5,0.0
Professional,5.167226865373907,2,9.463745022601758,4,1,5,2.3387332305961044,4,3,2,4,5,5,0.0
Student,6.569601239986008,2,6.660040056585944,2,1,4,1.3188845814989243,3,2,1,2,3,4,0.0
Student,4.211321939108766,1,11.92951913561732,5,1,5,1.2689238047090177,5,5,3,4,5,5,0.0
Professional,4.8239613428119075,1,5.218758500033776,4,2,5,1.689516987396086,3,4,2,3,3,4,0.0
Professional,7.302472907926256,5,4.678592042889628,2,4,2,3.1033079089395663,0,0,0,1,0,0,4.7604286551556765
Professional,6.7308284781826355,3,5.196325751301285,3,5,2,4.48221773229962,3,3,0,2,2,0,3.1678701252774997
Professional,8.485309494505431,3,5.135576890405522,2,3,3,4.510656453050954,1,2,1,1,3,0,2.9176491225144034
Professional,8.141119461976405,4,6.484785748873629,3,5,2,5.582591886506606,2,3,0,1,2,0,4.937754792991217
Professional,6.220496427282658,1,8.883375737478671,4,2,5,3.00258390778945,4,5,3,4,3,5,0.0
Professional,5.470527749107755,1,7.472824351048235,4,1,5,2.128367292766821,2,2,4,4,3,4,0.0
Professional,7.649008655002795,5,4.922815938679852,3,4,3,4.004230400871975,0,0,2,1,2,0,4.244244123118473
Professional,7.953932688922079,3,3.766596902527977,2,4,2,3.27711251782769,1,2,1,2,2,1,3.1613796881837626
Student,4.653410070456627,1,8.723073963655677,5,1,5,1.2015185106850268,2,2,5,5,3,5,0.0
Student,5.5465846401199475,1,5.144241150861689,2,2,4,2.6126944497481417,1,2,2,3,3,4,0.0
Professional,7.8867644883889545,4,4.025752423993833,2,5,3,4.580758101913297,0,1,2,0,0,0,7.7486433074308785
Professional,5.489926898469649,3,11.230434308861835,5,1,4,1.2592274792804168,4,5,3,5,5,5,0.0
Professional,7.391583302056013,3,4.114601362091273,2,4,2,4.258563567455999,0,0,1,2,2,0,4.394784519490649
Professional,6.947087511206565,3,4.472622961451151,2,5,2,3.6578011209415555,2,1,2,2,2,0,3.9036344746051985
Professional,5.974988228405206,3,7.812353067643386,4,1,4,1.6245520768018726,2,1,4,3,3,5,0.0
Student,6.513844095203786,3,8.660456201113647,2,1,4,2.7473683914087164,3,2,1,0,3,2,0.0
Student,8.0061260925748,3,3.859166392890684,2,5,2,5.629467851835696,0,0,2,1,2,0,5.826787747426264
Student,5.697729802623073,3,8.373221850429012,3,1,5,2.937820512284033,3,2,2,3,5,5,0.0
Student,7.336492432055991,4,2.013266817619606,3,4,3,7.864580227806407,1,1,4,2,0,0,5.3155073000871695
Student,6.314678465287371,2,9.642103554719633,4,1,3,3.040726253550792,3,3,1,5,3,5,0.0
Professional,5.809261064917576,2,7.956269557226717,5,3,4,3.329747383134607,4,3,3,5,4,5,0.0
Professional,5.03670971455861,1,11.03372371736126,4,3,4,3.248510557545228,3,2,2,3,4,4,0.0
Professional,5.447542142258453,3,8.261368146974803,4,2,5,3.0027223700503054,4,5,3,3,3,5,0.0
Professional,8.48435604289156,5,4.375776211227436,5,4,2,7.324120604046684,0,0,0,5,1,3,4.642378196762292
Student,7.742387155223774,5,5.496649823631501,3,3,3,5.120816918765625,1,0,2,2,2,2,1.19769647872624
Student,6.961133764478162,4,6.111319916560815,2,4,2,3.848813198983491,2,1,1,2,5,0,2.2345990876446873
Student,7.660049604633939,4,6.181228132044457,2,3,2,3.5113785868398857,1,0,1,1,5,0,3.7389397979133365
Professional,8.480568680525671,4,5.409130797050985,4,4,2,5.987327843188196,0,0,2,4,3,1,2.4666927670519536
Professional,6.574731320277222,3,6.312072742163726,3,3,2,5.031359817463205,1,1,0,2,1,0,2.796047187200962
Professional,7.589453393455354,5,5.482494253645253,3,4,1,7.717478546560401,2,3,0,2,3,0,5.704181497419781
Student,4.859647017408248,3,7.199552219561072,4,1,3,3.1372891980548414,2,1,1,3,2,5,0.0
Student,8.299605435823288,5,6.1221547705580015,2,4,2,5.009756146411897,3,4,0,3,3,0,2.9833561861098232
Professional,8.472482773851056,4,2.916616748101715,3,4,2,7.812952955575021,1,2,1,1,1,0,7.043562287303526
Student,4.6183580163972096,3,9.331284636513104,5,1,4,2.5702050060602035,4,5,3,5,5,5,0.0
Professional,6.601028203768696,3,8.740334011260098,3,2,3,3.95730281747444,3,4,2,2,5,3,0.0
Professional,7.341797044951439,3,4.424166842812098,2,5,3,5.560269808527429,2,2,2,2,1,0,4.289212555073472
Professional,8.279376252758857,5,5.577875041901775,5,5,2,5.174091685650861,1,1,2,5,1,1,3.1191754175096427
Professional,6.5431470275347,3,6.005555339275343,2,2,3,2.249576946518679,0,0,2,3,1,3,0.11505432537424135
Student,5.691206585436786,1,8.532419940711904,3,1,5,1.6525935213831016,4,4,2,1,3,3,0.0
Professional,8.944813389420634,4,3.4692417925018533,5,5,3,7.979528654376464,0,1,1,2,2,0,6.652631006642316
Professional,4.445937504840226,2,9.113789604170517,4,1,5,2.8230527213538092,5,4,3,5,2,5,0.0
Professional,8.350141695516063,5,5.21743404534533,3,5,3,6.800432115297542,0,1,2,3,1,0,3.916762680564032
Student,6.081339796635735,3,7.141976744628293,2,1,3,1.3672777335497779,3,4,1,1,3,2,0.0
Student,4.410896103413878,1,8.545275787363089,4,3,5,3.025963928048185,1,1,2,3,4,3,0.0
Professional,8.102883389339013,3,3.9666512414983255,2,4,3,3.1231822340167135,0,0,2,3,2,0,4.470251632099013
Professional,4.608904177327171,3,7.597363084296628,2,2,5,2.964630216494155,2,1,1,3,4,5,0.0
Professional,7.660141585657984,5,2.442782382782766,3,4,2,6.275537021248793,0,1,2,3,1,1,6.910090484258088
Student,8.914519112338066,5,4.414003182700201,3,4,2,5.976506495980668,0,1,2,2,2,1,6.574873798302674
Professional,8.305433869622398,3,4.535056362016334,2,4,2,4.24366465758368,1,2,2,1,2,0,4.5428331961399
Student,7.041792424411148,5,4.436235664776593,3,4,3,5.259397925298962,2,3,2,2,1,0,3.3672592423935863
Professional,4.743494432894309,1,9.991876941474873,5,1,5,2.3897102072120235,3,3,3,2,4,5,0.0
Professional,8.583792903323616,5,4.72188555569411,4,4,3,5.291058894477201,0,1,0,3,0,2,6.238799738489564
Professional,8.306367829826279,3,3.6540838047898356,3,4,3,4.359988413952153,0,0,2,3,2,2,3.2378980822987575
Student,7.186524395817858,4,4.161468038666792,4,4,3,7.4460254784133095,1,1,1,3,0,1,1.430868515716754
Professional,5.8392279266073395,3,6.417214113708627,4,1,4,3.372896196606097,1,2,1,2,2,4,0.0
Professional,7.1558391027429,5,5.6216284928583455,2,5,3,4.120677293239801,1,2,2,2,0,0,4.4188744969001075
Professional,6.910503714440889,1,8.629517321324464,2,1,5,2.5981099211551344,3,4,3,2,2,5,0.0
Student,6.236228862186978,1,10.825199656791707,5,2,5,3.3621499376540145,4,3,2,4,5,5,0.0
Professional,5.884237715168323,3,6.540181374641174,4,2,5,2.8516655775023856,2,3,3,4,2,5,0.0
Professional,7.1927821449888665,4,2.9980000249491123,3,5,2,7.685392909446389,0,0,0,2,2,0,6.291543775212126
Professional,6.041332746418012,3,9.966647012547249,5,3,5,3.4796279682171294,3,3,4,3,3,5,0.0
Professional,7.435010667375668,5,5.2895585263003415,5,4,1,7.486375115900588,4,5,0,1,3,0,3.1677247183527593
Student,6.55623094126514,3,9.328538027625179,4,1,5,3.595736712122807,2,3,1,3,5,5,0.0
Professional,4.859701065301628,1,9.633278080814776,5,2,5,2.2511198769076977,4,3,2,5,5,5,0.0
Professional,7.043985952520479,4,5.716549855295257,2,5,2,3.4432457352423427,1,0,0,0,3,0,6.190752562875317
Professional,7.55372186309313,5,2.7784006797119876,5,4,2,5.028603823404047,2,2,0,4,1,2,3.1777965054746207
Student,6.4976303449697195,2,8.000763240368073,2,1,3,1.761515445223384,2,1,0,3,3,4,0.0
Student,7.975419601714419,5,5.658192316404624,5,4,1,5.000584587011952,1,1,0,2,2,0,6.0454534235577935
Student,8.912190326250697,5,4.2468369449864305,5,5,3,7.479330542824309,1,0,2,2,3,0,5.2130279145373
Professional,5.046537464937138,3,11.069140117068564,5,2,5,3.229711758337253,3,4,3,5,5,5,0.0
Professional,5.146186948588337,3,9.210150160760271,2,2,5,2.499763082233602,4,4,2,4,5,5,0.0
Professional,7.02848192375,4,4.680466087837775,3,3,2,3.3745669595344214,0,1,1,2,3,0,2.7751625896798586
Professional,6.088260303731195,2,7.244179353401568,4,1,4,2.4462304697076367,3,4,1,3,2,5,0.0
Student,8.198571664311043,4,5.846603241228372,2,5,2,4.397883274880494,3,2,0,1,1,0,4.547130819274804
Student,7.186271107027932,3,5.522321130480439,2,5,2,5.505749112048701,0,0,2,2,2,0,4.854315862235743
Professional,5.049005052335323,2,9.923278819123462,4,1,4,1.5213526114370515,4,4,2,3,5,4,0.0
Student,6.409853167459134,3,11.599610334153017,5,1,5,1.7355386210268464,3,4,5,3,3,5,0.0
Professional,8.398131825542514,4,3.91385673753933,5,5,3,6.439289573384745,0,0,0,5,1,3,2.802598090428449
Student,5.696263067066861,1,8.074372772586727,5,2,5,2.5366855760965983,3,4,3,4,2,5,0.0
Professional,5.5302735235158424,2,7.259577353560899,5,1,4,2.3898623471993043,3,3,3,3,2,5,0.0
Student,7.001679719443429,3,4.543714065172656,3,4,3,5.889472570751824,1,0,1,2,1,0,2.3072327288211802
Professional,5.6327181273909375,2,11.749474900093121,4,3,4,1.692296156449515,4,4,2,4,5,5,0.0
Student,6.560805802157298,5,6.423024771649442,3,3,2,3.0638995137807883,0,1,2,1,3,2,2.759503247523422
Student,6.835777514061512,4,6.826339442901197,2,3,2,3.994826864669845,2,2,1,2,2,2,1.1601028631514654
Student,7.629673951033652,5,2.5329188291073694,4,5,1,7.270816950611898,1,2,1,4,0,0,5.329629027077795
Student,7.4225628769975,4,5.253702242609267,4,5,3,6.672114673154066,2,1,0,4,2,2,4.246307471895159
Professional,7.043597018526659,4,5.264764251037226,3,4,1,6.503354351993259,2,3,0,1,1,0,4.5488964287393445
Student,6.181826210150874,2,11.681169505984265,4,2,4,1.312025467176759,3,3,3,2,5,3,0.0
Student,4.481494208153648,1,11.471504690536399,4,1,4,2.568059173498783,4,5,1,1,5,4,0.0
Student,5.227473787631051,1,8.97593987548133,2,1,4,3.953396890822842,2,2,4,1,5,3,0.0
Student,5.069430255015249,2,9.390312132969903,4,3,4,3.1942658420842984,3,2,2,4,5,5,0.0
Professional,4.9485475296538715,2,8.47035579586522,5,2,4,2.8283492751408206,2,3,2,5,4,5,0.0
Student,7.405049448445437,3,6.289049210454845,3,5,2,5.802761766033449,0,1,0,1,2,0,5.866992375362632
Professional,8.11024004964142,4,5.809998292876308,3,4,2,3.51550550005813,0,0,2,2,2,0,2.7877347838544093
Professional,5.913092822169383,1,10.774137193258271,4,2,5,3.8713009626407264,4,4,2,5,3,5,0.0
Student,6.043615005813253,1,9.392143383847277,4,2,4,1.2029732094742325,3,3,2,3,5,5,0.0
Professional,4.97828331218015,3,10.377845096118348,5,3,4,2.981189091098148,5,5,2,3,5,3,0.0
Student,4.295229395492833,1,7.312319599079932,4,1,4,3.859012465629161,2,2,2,3,1,4,0.0
Student,8.790088575594968,5,4.935762005406513,3,4,2,7.392126124310542,1,1,0,3,4,1,4.828862289063536
Professional,7.939550019677382,4,2.077308591008163,5,4,2,5.753944753876265,0,0,1,2,1,0,5.394811815530699
Professional,5.229593808651163,1,9.987856901832679,2,2,4,3.2204522417529953,3,2,2,1,5,3,0.0
Student,8.595447336719577,4,4.414042165704055,5,5,1,7.958110969967143,0,0,0,2,1,0,6.93640672566784
Student,4.898001402609818,1,8.968903847363812,2,2,5,1.6244016922564282,2,1,3,3,3,3,0.0
Professional,7.763395185646214,5,3.481466954060044,2,4,2,3.100171712486927,1,2,1,0,0,0,5.922936218712426
Professional,6.965531928586707,3,3.4397224731778016,2,5,3,3.9775403411722134,0,0,2,2,0,0,4.629579032606888
Student,6.723097461710605,5,6.026519369536791,2,5,2,3.6167689837417307,2,3,2,3,2,0,3.6969454976130245
Student,7.678140172237892,4,4.261143464977866,5,4,2,6.166332560252076,0,1,1,3,1,0,4.531139341278851
Professional,6.319162511136712,1,7.891749142240901,4,1,3,3.583543696891099,2,2,3,2,2,3,0.0
Professional,6.687215474471441,5,4.809044040300963,2,3,3,3.3502621080349164,0,0,2,2,3,2,3.4499915536397303
Student,5.998774573554735,1,9.540058137321076,2,2,5,2.2247464349497235,3,2,2,5,5,5,0.0
Professional,7.00043391778426,4,5.501052110173337,2,5,2,5.1403867039814,1,0,3,1,2,0,4.345361138680937
Student,4.89703974043392,3,6.451789938118812,3,2,5,2.9256625106286345,3,3,1,4,1,5,0.0
Professional,5.834031007079168,2,7.852593060225775,4,2,4,1.7336786527938681,2,1,4,2,1,4,0.0
Student,7.264291933777537,4,4.9279808877839315,2,4,2,5.057287325280169,0,0,1,1,3,0,6.459873754221286
Student,5.255667347130498,1,8.65998876405598,5,1,4,2.947322286810113,3,4,2,5,3,5,0.0
Student,7.791279439525956,4,3.5910257670651484,2,4,3,3.081949718176311,1,2,0,2,0,0,3.52823792659795
Professional,6.586405728704348,4,3.132789634260042,2,4,2,4.4969683997897185,0,0,1,3,2,1,4.656974530782264
Student,7.650216078581194,4,5.058394895497164,2,3,2,4.625103319495855,1,2,1,4,1,3,2.6542164881799817
Professional,6.772382763901508,3,5.961762363661781,4,1,3,2.291694526509594,3,2,1,3,0,5,0.0
Professional,4.623539703505826,2,7.380853309459624,5,2,4,1.9734203749693333,1,0,4,4,5,5,0.0
Student,7.781507994152252,4,6.2808847909661125,3,5,3,3.930278351001775,2,3,0,1,2,0,4.433995978651987
Professional,7.018984391071998,4,3.4389634780100926,4,5,1,7.8930586899204975,1,1,0,1,1,0,5.712995400902181
Professional,8.452451409387782,4,2.7839894750995553,5,5,3,7.024765331313492,0,0,1,5,1,1,5.219693807581043
Student,7.211466956130933,5,6.163000664261574,2,5,3,3.0285700668418682,1,1,2,2,3,0,6.626257670126412
Student,5.508351573755567,1,10.245430100157584,5,1,5,3.499328252258909,4,4,2,4,5,5,0.0
Student,7.855702368613669,3,4.7010005624533395,3,4,3,5.660640855363122,3,2,3,4,1,2,0.993018502222502
Professional,7.819243669619227,3,3.499874472607334,3,5,2,3.0237763740222823,0,0,1,1,3,0,4.266037854166912
Professional,7.560240393202776,5,5.704158236329995,5,5,1,6.160093129842216,1,2,2,1,2,0,4.623302133573347
Student,6.952223821268517,4,5.311597538543337,3,5,3,3.955813294039478,4,5,3,3,3,0,0.8439261261281312
Student,5.888453222120392,2,11.204588737008455,4,1,4,2.9749026352132097,4,4,3,4,5,4,0.0
Student,8.421250904761411,5,4.2616617372844825,4,5,3,5.8393846275542085,1,1,3,2,3,0,4.615789100644916
Professional,6.851677439620037,4,5.971614411529597,3,3,2,4.698081391697013,1,2,0,3,5,2,2.426817349961699
Professional,4.186198216515939,3,10.89535724299388,5,3,5,3.9123061724282406,5,5,2,3,5,4,0.0
Student,6.501698219243436,4,5.6271480438577175,2,5,3,3.833794801035672,0,0,2,1,2,0,4.683787175315927
Student,6.62345387039071,3,7.622126558710127,2,2,5,2.789463517744452,2,2,2,3,2,5,0.0
Student,4.227599173024345,2,8.582911545495367,5,1,5,1.3280404698945674,4,5,2,5,4,5,0.0
Professional,6.051810030060504,3,6.020631423315986,3,2,3,1.8843526275357747,2,2,1,2,1,1,0.0
Professional,5.469775194586222,3,7.248171770182892,5,2,4,3.78694724558262,4,3,1,4,4,5,0.0
Professional,7.209385226145169,4,3.839304143794868,2,4,2,4.395314178848906,2,3,0,2,3,0,4.921982802195576
Professional,7.133592126110696,4,4.790418005577449,5,5,2,7.4128782336642,0,0,0,2,2,0,6.426427195400997
Professional,5.0544151855888835,3,5.822178916444509,2,1,4,3.666745825888466,0,0,3,1,3,4,0.0
Student,7.853205560919766,5,3.6591873775527124,5,4,3,5.243924219909955,1,0,0,3,3,0,4.619409836927657
Professional,5.989621486242715,2,6.591697610652135,4,1,5,3.4831335724402224,2,3,3,5,3,5,0.0
Professional,6.52395030114215,2,7.79415580705928,4,2,5,1.8148511581449012,2,1,3,3,3,5,0.0
Student,8.209622312634561,5,4.490180449661522,3,5,3,3.255747735034651,1,0,1,3,1,2,3.5411102005849857
Student,7.8245144903292845,5,6.359932099446989,2,3,2,3.231246079082023,1,0,0,2,4,0,3.32310109090418
Student,8.62193719694008,5,5.261865189627658,4,4,1,6.071466884845558,0,0,0,2,3,0,7.803589271007809
Professional,4.850945752098172,3,8.760739445277583,4,2,5,2.7746945878127334,2,1,3,5,4,5,0.0
Professional,4.751975926829049,2,8.966917233414637,2,2,4,1.0433825372614327,3,2,2,1,5,4,0.0
Professional,5.992636164037544,3,7.645422820037745,3,1,3,3.7329910667321937,1,1,0,3,4,5,0.0
Professional,4.461734441855815,1,9.434242875517366,5,1,5,2.151854397367417,2,3,2,5,4,5,0.0
Student,8.362513840191196,4,5.420098388811766,3,5,2,3.5817042452719328,0,0,1,1,2,0,5.0835230089235885
Student,8.072418342136666,5,5.665047935399207,3,4,1,5.983068348327884,2,2,0,1,2,0,5.315590540462417
Professional,8.092423758163429,3,4.850593468459488,2,3,3,5.1397174560606,0,1,1,3,0,4,2.466040517094265
Student,5.901346470129374,2,5.099507177003034,4,1,3,3.0099140467028187,3,4,2,3,2,5,0.0
Student,6.192541404044178,2,7.391232464731115,4,2,4,1.7222632444534214,2,2,1,4,4,5,0.0
Professional,7.297927277096901,4,4.066245305940925,4,4,2,7.697193775341818,0,0,1,3,2,0,4.862737269660331
Student,7.499633874816828,5,5.21753882332604,3,5,3,5.986026949826469,2,2,2,1,2,0,4.037281289657576
Professional,7.4657710226599505,5,5.627242969435439,5,5,2,7.807176645136396,2,2,0,2,2,0,4.195876222942634
Student,5.590340634277567,1,9.33647619314225,5,2,5,1.3616990482650013,4,3,3,5,4,5,0.0
Professional,5.39075965367291,2,7.130561741807943,5,1,5,2.739011305592619,1,1,2,4,2,5,0.0
Professional,7.03406467544299,5,6.174370884310557,3,5,2,4.5710298684123405,1,2,0,2,3,0,4.6186343327502195
Professional,7.568788663825676,4,4.943837458674272,5,4,2,6.735297314060598,0,0,1,1,2,0,5.85227071277313
Professional,6.746158371196383,2,8.753211847967005,4,2,5,1.603943352794906,3,3,1,4,3,5,0.0
Student,6.617063478550754,4,5.805488452410648,3,4,2,4.837967685685119,1,0,2,2,3,0,3.122215897152814
Student,8.082373374468727,3,3.2761284660290855,3,4,3,3.996519863365457,0,0,1,2,1,0,3.754720178476573
Student,7.2873964261153,4,6.531191182012463,2,5,3,3.736750104821599,2,1,3,2,2,0,3.254493614816608
Student,7.473040284546453,5,5.347270664791358,5,4,2,5.121302286545472,0,0,0,3,2,0,5.4435254362340615
Professional,7.3431498875262715,4,2.4364849263011594,3,5,3,5.077581150615791,1,1,2,2,0,0,4.7738341780449645
Professional,4.201401998512447,3,8.977671980314817,4,1,5,1.1178461165302302,3,3,1,5,3,5,0.0
Student,8.208520874186211,5,4.8554561170464705,2,3,2,4.5013453393989495,1,1,1,0,2,0,4.664484858663796
Student,4.597368925386134,1,7.3510796143036305,4,2,5,3.99231551466198,2,3,2,3,2,4,0.0
Student,5.513041792837728,3,11.683840803373,4,3,5,2.599532781280885,3,3,1,3,5,5,0.0
Student,4.030012833421766,2,9.914822833472844,4,1,5,1.4383119987269977,3,4,2,4,5,5,0.0
Student,6.314112970701668,2,9.47463257569752,3,2,5,3.693053347243996,3,3,2,3,4,5,0.0
Professional,7.785798386546981,3,5.755652070795261,2,5,3,3.212797416157744,2,1,1,2,1,0,4.347970878276049
Professional,8.328376039012522,4,3.3175603672690754,3,5,1,6.5797952905004395,0,1,0,2,2,0,5.6737036286491636
Student,4.1065332209270755,1,10.917177345832854,4,2,5,2.6092105326252515,4,3,2,4,5,5,0.0
Professional,5.188786627528225,2,10.172407479595059,4,3,4,3.381983250009505,4,4,1,4,4,5,0.0
Student,8.967238823992849,5,4.4054687072520125,4,5,3,5.834250136368925,0,1,1,2,2,0,6.312587868028392
Professional,8.680652119408766,4,3.448448723923493,5,4,3,5.282419282009066,1,2,2,3,1,3,3.4656718005529537
Professional,5.4153740930264265,2,9.891026018999584,4,1,5,3.7658231259587334,3,2,4,2,5,5,0.0
Student,6.523060073466278,4,6.173678108754532,3,3,2,3.884109529849698,4,4,1,2,3,0,0.7373015625251762
Student,8.138933502988843,3,4.320187508504054,3,5,3,5.915963046374284,1,2,1,2,2,0,4.581631788751095
Professional,8.075355233748512,5,3.787750613023369,5,4,3,7.478260321686292,0,0,1,4,0,4,2.532030581004583
Professional,4.727611784180504,1,10.224477051508057,5,2,4,2.7790448778168577,1,0,1,4,3,5,0.0
Student,8.266313777324108,5,5.76230031061548,3,3,2,4.139181634780037,1,2,1,3,0,3,3.2816268191103024
Professional,7.934054592436162,4,3.0199215343650323,2,4,3,5.1484856538201615,1,1,1,3,2,0,5.662591436513868
Student,7.24000967811369,3,3.6168898421156843,3,4,2,4.866945757160524,1,0,1,4,1,2,1.487543722965169
Student,4.547415961827603,1,5.793617434383729,3,2,3,3.7997100737195284,2,1,1,3,3,3,0.0
Professional,7.77245173486326,4,6.228648112255485,2,3,2,3.710375993569367,0,1,0,2,2,2,3.8569047551919846
Professional,7.052761642212538,5,5.77628385537026,3,4,3,5.243571656756882,1,1,2,2,2,1,2.2380221227507677
Professional,7.795838094320273,3,6.17215842865156,2,3,2,3.435630181833834,1,2,0,2,3,0,2.312523789752594
Professional,5.097896677394351,2,8.205113192788492,4,3,4,2.974186175457036,4,3,1,5,1,4,0.0
Professional,6.634586625005977,3,3.287581362058028,3,5,2,5.580718608008995,0,0,0,1,2,0,4.1924703504928145
Professional,5.554516744562093,1,10.21373642229688,4,1,5,1.6249344329265238,5,4,3,3,5,5,0.0
Student,7.056319406843287,4,4.489806574015471,2,3,2,3.867863241199478,2,1,1,2,2,0,3.279207080110058
Professional,4.561515072812475,3,8.619077619539382,2,1,3,1.884552150722118,2,1,1,1,3,3,0.0
Professional,7.825345739313334,4,6.276275299225627,2,4,2,3.848767507498696,2,3,0,2,5,0,3.574121512855985
Professional,4.963666458194815,2,7.514187074846775,4,3,5,2.7669451002802106,1,1,2,5,2,5,0.0
Student,5.3919646284241205,2,5.97411831222466,4,2,4,1.8449922687481366,2,1,3,4,4,5,0.0
Professional,7.0825638297770395,4,2.319103701237693,5,5,1,7.214413810464282,0,0,1,2,0,0,6.073720907835048
Professional,4.010842271717253,2,7.384924690854261,4,3,4,2.2344546284096265,2,2,2,3,5,4,0.0
Student,7.529214620470923,4,3.9323965855688523,2,3,2,4.15348074422196,2,3,1,2,1,2,2.6259561512842833
Professional,8.337829193991993,3,3.7447528759125714,2,3,2,4.680766365003471,0,0,1,2,1,1,4.83536128335746
Professional,8.28328899418244,5,5.703996649404293,4,4,2,7.286130523654965,1,1,0,2,2,1,5.187621316727397
Student,6.6556184230621,1,5.849249378459815,4,1,4,1.8636723222856375,1,1,3,3,2,5,0.0
Student,7.179071304315473,4,5.096428481504163,4,4,1,5.529513227268755,3,2,1,3,1,0,3.3540489118317383
Student,6.286434199968984,2,8.512130934962745,4,2,4,3.072449347339081,2,2,2,4,5,5,0.0
Student,8.547601596577577,4,3.7183296945286104,5,4,2,7.084272550143119,0,0,1,3,2,0,6.905003680987339
Professional,4.0650816245590145,1,11.400838703685986,4,1,4,3.7879737956836275,3,2,2,2,4,4,0.0
Professional,7.979261864321883,4,3.7205662151959,2,3,2,3.277874399033452,2,2,0,1,1,0,4.126321500803924
Professional,4.906178277330014,2,10.172496146696384,4,3,5,2.1256396341323516,3,3,2,5,3,5,0.0
Professional,6.05827007734802,3,6.997861293571136,3,2,4,2.5162758844923436,2,3,2,4,4,5,0.0
Professional,6.588886952649046,3,4.514092173853013,2,4,2,4.412372334126647,0,0,1,2,2,0,4.533103539159812
Student,8.042434164898431,5,4.822410464914799,4,4,2,7.885727433309805,0,0,2,2,2,2,7.297887539699451
Professional,6.916369756017082,4,4.195448634106574,2,3,3,3.639631668295738,1,2,0,3,2,2,4.240478185727154
Professional,5.344281298190724,3,11.761975870319759,5,2,5,2.849144397418002,5,5,2,3,4,5,0.0
Professional,7.261352970482937,4,5.683445820345696,2,4,2,4.631908907393116,2,2,0,1,3,0,4.511390404964939
Student,4.963614877291491,1,8.079940967178775,4,3,4,3.444199512375919,2,1,3,3,3,3,0.0
Student,8.044298782160118,5,3.2797954494063495,5,5,2,7.231463335518145,1,2,1,2,2,0,5.4103339025837105
Professional,7.35940458382912,5,5.097191777809806,3,5,2,4.441538958575207,2,2,2,2,4,0,2.787334132752973
Student,8.213387926924858,5,2.7319269461747226,5,4,3,7.136397453417764,0,0,2,3,0,1,5.5304425690175485
Student,7.949475229974602,5,5.152986513979251,4,4,1,5.9932242160945295,2,1,0,1,3,0,4.7514825624934
Student,5.065655798169329,3,8.3903070182687,4,2,4,1.9798543510349493,2,2,3,2,4,5,0.0
Professional,7.882812694750235,3,4.304446051370484,3,4,3,4.95914691453485,0,1,2,3,1,1,3.1322108611542987
Student,4.283691005024344,1,7.609872171512976,5,2,5,1.4167432697306,3,4,1,1,2,5,0.0
Professional,7.093907136206145,4,3.1217041128108445,3,3,3,3.431475535357543,0,1,2,3,2,3,1.9204441905108909
Professional,4.708924867700009,2,6.451954607429808,3,2,3,2.798735980075144,2,1,0,3,2,2,0.0
Professional,5.69341220853452,2,8.925189279331999,2,2,3,2.738158752835267,3,4,1,3,3,3,0.0
Student,6.407431564356791,1,8.068513968958518,4,1,4,3.1852638941013325,3,4,2,4,4,5,0.0
Professional,4.5259736232232815,3,6.382158058504039,2,2,3,1.0859222549958734,2,1,1,1,2,1,0.0
Student,6.479973601166856,3,11.514898245281744,5,1,5,2.9430562572489825,5,5,4,5,4,5,0.0
Student,8.508295969492885,4,4.076986710539545,4,4,3,5.065405031453492,2,1,2,5,1,2,2.1805772621269854
Professional,7.0410323293624595,5,3.619325272773787,2,3,3,4.928124705899296,0,1,1,2,1,1,3.533661598844569
Student,8.235008901802559,5,4.391667433604978,3,5,2,5.987739390936281,1,1,0,2,1,0,7.54933281329577
Professional,7.699010880537988,4,6.092283250273478,2,5,2,4.554859110880717,0,0,0,1,3,0,6.305223381776237
Professional,4.8531402186639845,3,6.073950193696271,2,1,4,1.8358084783453075,0,0,2,3,2,5,0.0
Professional,7.5825220789224534,4,2.373852933780742,5,4,3,5.726652930990777,0,0,0,4,0,1,4.043181690421871
Professional,8.2982072697292,5,2.157011515412183,4,5,2,6.476306316916789,0,1,0,3,0,0,6.140764858368605
Student,7.946017950000204,4,5.154727734354901,3,4,2,4.148588390084829,2,1,2,2,3,0,3.7417054112830392
Student,8.252376264483058,5,3.1076166153985354,3,4,3,4.910961114273017,2,2,3,4,3,3,2.6897485359546343
Student,8.226518254532046,3,6.895622693748015,2,4,2,5.963913663664055,1,2,1,1,3,0,4.562328967318201
Student,4.317797422599272,1,9.730536293475938,4,3,5,2.073863649421215,3,4,2,4,4,5,0.0
Professional,8.464404298443867,3,3.065060296469773,2,3,3,5.434031091348075,0,1,1,1,2,1,4.887168671960621
Professional,5.205167091513285,3,8.010157980706541,3,2,3,1.0972833187710687,3,3,4,1,3,1,0.0
Student,4.415251650333062,2,8.662641798772853,5,1,5,1.4942302475590863,3,3,3,5,4,5,0.0
Professional,7.8787613366730005,4,3.3956010442780773,2,5,2,3.7349406478015266,0,0,3,2,1,0,3.9045141712141556
Student,4.735950897194851,3,11.635084846037495,5,2,5,2.5396253699501132,5,5,2,4,5,5,0.0
Professional,5.60673755139183,1,8.485693097839835,4,1,4,1.8821088652333302,2,2,3,5,3,5,0.0
Professional,8.380750242723895,5,3.704241679370999,4,4,2,7.55136873495719,0,0,0,2,0,0,7.621540595769326
Student,6.345336347514529,1,9.457696221325985,5,1,5,2.719764005218722,2,1,3,5,3,5,0.0
Professional,4.7105820070568045,2,7.1763191776953725,3,2,3,3.695269728592793,1,0,0,3,4,3,0.0
Professional,4.439807323325705,2,10.239436245866461,5,1,4,1.1948573022465752,2,3,1,2,5,4,0.0
Professional,6.1533304017491774,1,6.961427288320133,2,2,4,2.769313136963238,4,3,1,2,3,3,0.0
Student,4.726686626532373,2,7.006283532661861,4,2,3,3.8518837809523996,1,0,1,2,3,2,0.0
Professional,6.812700246673735,4,6.024596047754015,3,4,2,4.4708878343967315,2,2,0,2,4,0,2.8031375425052376
Student,5.178653459747935,3,8.423178431302185,3,2,5,2.911102373688146,4,4,3,3,5,5,0.0
Professional,8.16215985354853,5,4.993911376951459,3,3,3,5.007710331416022,2,1,0,2,2,1,2.4109912814927057
Student,6.543302929660077,3,8.113357920643267,3,2,3,1.815474550496323,3,4,1,2,3,3,0.0
Professional,6.044935859739294,2,9.976438196984024,5,3,4,2.3987443835299045,4,3,2,3,5,3,0.0
Professional,4.936597161843654,1,8.498028738186102,3,1,5,1.6028846946876723,4,3,2,4,3,5,0.0
Professional,5.857158693353019,3,6.380613916720133,4,2,4,1.3495828321562553,1,2,3,3,4,5,0.0
Student,6.2653609179746335,3,7.166282818446115,2,1,3,3.7820544719897207,3,2,2,2,4,4,0.0
Student,7.59864005206323,4,3.4911310397674393,4,5,3,7.520414493169849,0,0,1,4,3,3,4.441050344667316
Professional,8.336217940068284,4,6.785156405557334,2,5,2,5.893411799271373,2,1,1,1,2,0,6.014895168314618
Student,7.9597064939082305,4,3.3329629915147354,2,3,3,4.057585387735047,0,0,2,3,2,3,1.9093258677490506
Professional,4.156242798933286,2,9.077923503723028,4,1,4,2.027562443157732,3,2,3,3,2,5,0.0
Professional,6.6201033225795065,4,3.291006101106527,2,5,3,5.892374796060251,1,2,3,2,0,0,4.178191334111464
Student,8.554319392519659,4,5.806946540359485,3,4,1,7.186677128449248,2,2,0,1,1,0,5.764201622198258
Professional,7.447574478401923,3,4.0672596906732945,2,3,3,4.05962174226139,1,1,1,1,1,1,3.6876007107442406
Professional,4.9802174558900605,3,8.216479173593829,2,1,3,2.8622735253501816,3,3,1,1,5,1,0.0
Student,8.994852759171955,4,5.055627650388676,5,4,1,5.73276466907152,0,0,2,3,2,0,4.648556585190456
Professional,5.198837561266853,3,6.5529176427771585,3,1,5,3.7430773895561593,2,1,2,5,3,5,0.0
Student,6.968574818979383,4,6.014597129286322,3,3,2,4.504312080633697,0,0,3,2,3,0,3.4704464632811938
Professional,6.237844931318744,2,9.729911337436505,3,1,3,1.6649640248113502,4,3,0,4,4,5,0.0
Professional,5.488718815467306,3,7.114023152452225,3,1,3,1.2396599736327796,2,1,2,3,2,4,0.0
Professional,4.956087712451276,2,10.293420420369406,5,3,5,3.030671849766473,4,3,3,4,4,5,0.0
Professional,7.253714047421831,4,4.608568246445545,4,5,2,5.004671704476578,0,0,1,2,4,0,5.2378675039874345
Professional,7.4701468211281705,5,5.797339098849749,5,5,1,6.845062667091421,2,2,0,2,2,0,4.837732652901389
Professional,7.559569050687571,3,6.0951540363121985,3,5,3,4.247333045915141,3,2,3,3,2,0,2.351351389028539
Student,6.217162073478994,2,10.396435916362416,4,3,5,3.6298329116436645,3,4,2,4,4,5,0.0
Professional,6.202702513884731,3,10.201394726385862,4,1,5,1.6548329788956682,4,3,1,2,5,5,0.0
Professional,7.790623265071776,5,3.72680970528914,2,5,2,4.436900735037439,0,0,2,1,2,0,6.055828867049915
Professional,4.685331897033417,2,10.069019628099003,5,1,5,3.5153795155932057,4,3,3,3,4,5,0.0
Professional,7.954619991073329,5,4.678396368706559,2,5,2,5.025919870719079,0,0,4,0,2,0,5.735091994018324
Student,7.91900958397065,3,3.7133129978216592,2,3,3,4.677774039118029,1,2,2,4,2,5,0.5030470524396385
Student,7.668994527957334,3,4.486941900554211,3,5,3,3.4136723322640066,1,1,3,3,0,1,2.8832575463375365
Professional,5.280865359296479,2,9.333103528199134,4,1,4,2.8986577000612384,3,3,1,4,3,5,0.0
Professional,5.1690087862961125,2,9.776566453633063,4,2,5,3.330143575385215,2,3,1,4,4,5,0.0
Professional,5.126265888279582,1,5.643893777387316,2,1,5,3.834015654355713,0,0,2,4,0,5,0.0
Professional,5.902676177195765,3,10.175095350359374,4,1,4,1.6809585437249082,3,2,2,1,5,3,0.0
Student,7.97940791290238,3,6.844804352867121,3,4,2,4.61849564402614,4,3,0,3,0,3,1.1018814079871222
Student,4.021068643905313,2,8.70656305015832,4,1,4,3.4212582865256977,2,1,1,5,2,5,0.0
Professional,4.7401927938689035,1,9.241537191196672,5,1,5,1.4498239668275037,1,1,2,2,4,5,0.0
Professional,8.185785347893793,5,5.644665237071106,2,4,2,3.960983781817576,0,0,0,2,3,0,7.086344539025778
Professional,7.169694659877485,4,3.3359976798000592,5,4,3,7.697368489425164,0,1,1,4,1,2,3.065934761782752
Professional,8.398501639269595,5,4.951961482302247,3,4,3,5.173021313487796,2,2,2,3,2,1,2.80391043457322
Student,7.053255160900449,4,4.495776867183841,3,5,1,5.8792416337743125,0,0,0,3,1,0,7.053950890632475
Professional,7.980416177887206,5,3.541016543731101,4,4,3,7.667675425516091,1,1,2,4,1,2,4.19991312787474
Student,8.051899770803294,5,4.89579806339719,3,5,2,3.9458161701296692,1,1,1,2,3,0,2.99271945224351
Student,6.538204168993701,3,4.164349059976921,3,3,3,4.392099323704551,1,0,3,3,2,3,1.5572115861398323
Student,7.831873888787357,5,3.4303791087944537,4,5,1,7.630227531534114,0,0,0,1,0,0,8.355614917910154
Professional,5.1530851970357485,2,7.267130637237749,5,2,4,2.552868478040365,1,0,2,3,1,4,0.0
Student,6.7939980943267075,3,3.4070190254488755,3,5,2,3.999888465185843,0,0,1,2,0,0,4.095477942041649
Student,4.500860919961353,2,7.267361187657725,2,2,5,1.5909923686238159,2,1,2,3,2,4,0.0
Student,8.491370178386077,4,3.8356827107803517,2,5,2,4.999257587296338,2,1,1,3,0,2,4.365532348262061
Student,8.426654669027764,4,4.070167221375637,4,5,3,5.562365357512913,0,0,1,4,0,2,3.9207594659323877
Student,4.912559688691547,1,9.538090524392437,3,2,5,1.0927084524027841,2,1,3,2,4,4,0.0
Professional,7.776431572447454,3,4.193170713723107,2,3,2,3.2334739452960415,0,1,1,2,1,1,2.6415587849183613
Professional,7.792447055649359,4,4.353189774362802,2,5,3,5.58914413032399,1,1,0,2,3,0,6.797919804397273
Student,6.629080208964071,3,6.262352818665011,2,5,3,3.0889202179551685,1,1,1,1,3,0,2.647260369266836
Professional,7.222326804542199,4,5.178785185790346,2,3,3,3.632872305110732,1,1,2,3,2,3,2.4606143289120146
Student,6.5632043113203675,5,3.0824526353434587,2,4,2,3.7734833380402852,0,0,2,0,0,0,4.5237132799698525
Professional,7.8843446874497465,5,2.762865616164957,5,4,1,7.940754972427506,1,1,2,3,0,0,7.237841234790607
Student,7.845585548580418,4,6.774640103213895,3,5,2,4.96048520914363,2,1,1,2,2,0,4.106978524244987
Professional,6.247185401566014,1,11.396140412568045,5,3,4,2.159693415078386,4,4,2,5,5,5,0.0
Student,5.3384540205672755,2,8.713384588741096,4,2,3,3.034151248117969,4,5,1,4,3,5,0.0
Professional,6.775370238532538,3,9.796189523417006,2,2,4,3.717602517793259,3,4,0,2,4,4,0.0
Student,8.144343754575313,4,5.359266335216054,5,4,3,5.976616412240956,1,2,2,2,2,0,3.659778739200828
Student,7.296871158219362,4,3.086130401194392,3,3,3,3.5049497458677403,0,0,2,2,1,0,1.898527047446821
Professional,8.10572929567641,5,5.753865256075506,3,4,2,6.275198990453183,3,4,1,3,4,0,4.453858777796887
Professional,5.709061724977875,3,8.790815609256033,5,2,4,2.0149788108648994,3,3,0,4,2,5,0.0
Student,5.812348601526139,3,8.321533460922053,5,3,5,3.7132521543009864,2,1,3,5,2,5,0.0
Professional,7.033612721854362,4,4.2790284877950535,2,4,3,3.3176328529452364,1,1,0,1,3,0,5.39633407616588
Student,4.875690227095423,2,6.8051103179431935,2,2,3,1.9926243527258345,2,3,2,2,4,2,0.0
Professional,5.177714142564369,2,10.295661019206033,4,3,4,1.9307832839591246,4,4,2,4,4,3,0.0
Student,7.986503814225187,3,5.573684261190351,3,5,3,4.458690243075566,2,2,0,2,3,0,4.502242383172986
Professional,6.031227225203054,1,11.288546264716178,5,3,4,1.4423093089675967,3,3,3,5,5,5,0.0
Professional,6.068412178011524,1,10.39248598735981,5,1,5,3.8228837900196657,3,4,2,4,5,5,0.0
Student,5.758507714998329,3,9.576155578965771,2,2,5,1.1951153791635798,2,2,1,2,5,3,0.0
Student,7.774425992004656,5,4.550800713431552,4,5,1,5.4793081324428625,0,0,1,1,1,0,7.484807770415177
Professional,7.9395643004796845,5,3.651731593930759,3,5,3,5.99842004662584,2,2,4,1,3,0,5.34855865426217
Student,7.295077659917571,3,4.440622758223089,2,3,2,5.510202547657983,2,2,1,2,2,2,1.976069939219603
Student,4.139513665742116,1,10.25309652201098,5,3,5,2.9168650476319886,3,4,2,5,4,5,0.0
Student,4.148058492931241,1,11.984755459812053,5,2,4,2.166708921674495,4,3,2,4,5,5,0.0
Student,7.068555095381312,3,3.394800022882154,3,5,3,5.761568932818256,0,1,2,3,1,0,3.1609596206951243
Student,6.897641381701508,4,5.184944505790201,2,5,3,3.3703200290792927,2,1,0,2,2,1,3.5515976689799458
Professional,8.828030984073102,5,2.5208938620783603,5,4,3,5.517784794777882,0,0,2,3,1,0,5.872681480628413
Student,8.477717949468097,5,5.039232323391306,2,4,2,3.9366448703475108,0,0,1,3,3,1,5.727155026177672
Student,5.899490899169865,2,7.886291433808007,4,1,5,1.3880776848149494,2,1,3,5,4,5,0.0
Professional,7.184632401942704,5,4.753369603582559,3,4,3,4.9400300669820165,0,0,1,2,2,1,4.045376199982829
Professional,8.360052226492591,3,4.555545748703217,2,4,3,3.7413679632638344,1,0,2,3,3,4,2.2711200747717264
Student,8.12098862307418,5,6.761893452245753,3,4,2,5.516834438311474,2,3,2,3,4,0,2.567748922676317
Professional,5.745000599594363,2,7.959481066392158,2,2,5,2.5940728587846547,4,4,3,3,2,5,0.0
Professional,6.051506693984978,2,7.289495485382407,2,2,3,2.715314725502955,3,2,1,3,3,4,0.0
Student,6.609636417448787,1,7.520002252336688,3,2,3,1.9699026250131433,1,0,1,3,4,5,0.0
Professional,4.460917210428856,2,7.798565349620118,4,3,4,3.6289361487486476,1,2,1,2,4,2,0.0
Student,7.132635674021335,4,4.695349939548995,3,4,3,3.211759468343817,0,0,0,2,1,0,4.206475123267721
Student,4.500837383179718,1,7.3715795691795885,4,3,5,3.289005332976126,2,3,2,3,3,4,0.0
Student,4.169087190503116,2,11.573147187837272,4,2,5,2.158143299671931,3,3,1,3,5,5,0.0
Student,4.829013873670873,3,8.160825824199621,2,1,5,3.357227839367568,2,2,3,3,4,5,0.0
Student,6.841453863484942,3,4.945706957488698,2,5,3,5.977136974293673,2,2,1,3,3,0,3.257826231406491
Professional,5.2401203792902535,2,9.892034748854325,5,3,5,2.1817369742540587,3,4,4,3,5,5,0.0
Student,8.134480485021944,3,5.593767571933714,2,3,2,4.377592745340065,0,1,1,1,1,1,4.653057071356915
Professional,6.840307503062195,4,4.569806755449067,2,3,2,4.963762670618152,0,0,0,2,0,0,4.543861531657456
Professional,7.34808495815427,4,2.5808605658140626,4,4,3,7.763065602075212,0,1,1,2,0,1,2.510840570435958
Professional,4.887058450108316,3,7.919322059641086,4,3,5,1.2445782756161634,3,2,3,4,3,5,0.0
Student,6.10568525658279,2,7.37305079389874,5,3,5,2.1593459754508695,3,4,2,3,4,5,0.0
Professional,5.847264778685175,3,10.038540836870506,5,3,5,2.3974169630078075,3,4,4,3,4,4,0.0
Student,6.411246312159852,1,7.860319084966794,5,1,4,3.476693468036145,4,3,3,5,3,5,0.0
Professional,8.902772436800955,4,4.501273883264208,3,4,2,6.4266762143754095,1,2,0,2,2,0,5.245582513381089
Student,4.707510493696487,2,8.837713425140846,3,2,3,2.9068269896355092,3,2,2,4,2,1,0.0
Student,6.975615833458689,1,8.63988161206194,3,1,4,3.1840325350829137,3,4,3,4,3,5,0.0
Professional,8.511174881955457,5,5.905436398525223,5,4,1,5.39020305951395,1,1,1,2,2,0,5.938436550584368
Professional,7.402051222386078,4,5.77399202464736,3,3,3,4.5130049324899915,1,0,1,3,3,3,0.6116662161349901
Professional,8.848746761153299,5,4.31246691106637,3,5,3,6.97333582101362,0,0,0,2,0,0,6.482635726541647
Professional,4.205609193128016,2,7.986131435126513,5,1,4,2.179233649800096,5,4,2,4,4,5,0.0
Student,7.691588279945877,3,3.731208321157123,2,4,2,5.82050795717486,1,1,0,1,2,0,4.095901286463521
Professional,6.29810046833936,3,9.270932478972126,3,2,3,3.2526371059338777,2,2,0,2,4,2,0.0
Professional,7.448471624059921,4,4.859698588463392,3,5,3,3.1650693108017633,1,1,0,1,0,0,3.8880656474409907
Professional,5.258070701558456,3,9.706701756165856,2,1,3,2.1332355755767747,2,2,1,3,5,4,0.0
Professional,4.4491374757712965,3,8.993221806188616,4,1,4,3.2547123008619323,1,1,3,4,4,5,0.0
Professional,8.043055677108741,4,4.865705546624266,4,4,2,6.310750985841593,1,0,1,2,4,0,4.014556800625586
Professional,7.3371396908430295,4,5.299818856866526,4,5,2,6.2358168416362485,1,0,1,4,1,3,4.119663043966354
Professional,5.068805629532582,2,9.346292354133983,4,1,3,1.1759824948014694,3,2,3,3,4,5,0.0
Professional,7.9805002073412705,5,5.829142435864103,5,4,1,7.910299173219514,1,2,0,3,4,1,3.623879945025024
Student,8.983426147311125,4,3.7630068933305116,4,4,1,7.792967821771935,2,2,0,1,0,0,6.004316795587461
Student,8.243349551167134,5,4.096696354157887,2,4,3,3.3174912362357043,1,0,1,3,1,1,4.05262912121259
Professional,4.079333404184502,2,8.557868358367948,4,3,4,1.45682159620765,4,3,1,2,2,4,0.0
Professional,7.329907463344237,3,4.128498161733132,3,3,2,3.2310399259938647,0,1,2,2,0,0,4.174665211115187
Student,8.893307504085897,5,2.278431334892637,3,4,2,7.091864053748526,0,0,0,1,0,0,8.91135579680955
Student,5.946092302087184,1,10.217227604838724,5,2,5,1.8902434993195583,4,3,3,5,4,5,0.0
Professional,8.417065053786327,4,2.9253885911846846,5,4,1,6.67623499149914,0,0,1,3,0,1,6.002428516192081
Professional,6.948989744373262,3,6.114352033523009,2,5,3,3.5587546302008772,1,1,1,2,0,0,3.2299229017968947
Student,7.172176392475042,3,3.790716336942728,2,4,3,5.061399530265217,0,0,2,1,0,0,5.749320579323954
Professional,7.754592296324631,5,3.717863306264813,3,5,1,7.866739634385111,0,0,0,2,2,0,8.44206312852548
Professional,6.503211894479289,5,5.530030597319089,3,5,3,5.463379889672617,1,1,1,1,3,0,3.8741326662996842
Professional,8.370912311211953,5,3.5327218508194513,2,5,3,5.857081684273227,1,2,2,3,2,0,5.053213687694238
Student,7.852478446181748,5,6.58115542525762,2,4,2,5.732282057240894,3,3,0,2,2,0,4.300133095735461
Student,5.730484718945037,3,5.393169335975513,4,2,5,2.0654075652063693,2,2,3,3,2,5,0.0
Professional,8.865577645891698,5,5.746806258028509,5,4,2,5.488431163939586,2,1,3,3,2,1,3.9370488107513726
Student,4.800249417079436,3,9.698472221645975,4,2,4,3.3740880355445153,2,3,4,4,5,5,0.0
Student,8.048393681891799,4,4.238133703547435,3,4,3,4.32025068867714,0,0,1,3,2,1,4.469475000577123
Student,7.070891364774338,5,6.101758518906694,2,5,3,5.257458179627227,3,3,3,1,2,0,4.174526788059826
Student,8.26828399220865,4,2.5734812467812844,4,4,1,6.388124888304887,0,0,1,1,0,0,5.760826317435144
Professional,7.335507911731073,4,3.0117566756979595,3,4,1,6.503458888433851,0,0,0,4,0,1,5.914758889548751
Professional,7.158635860500637,4,4.512876867597785,3,3,2,3.2766554270365638,1,1,2,2,2,1,3.113808994506829
Professional,6.816097165203196,5,3.2335091358146655,3,4,3,4.3291365230744,1,1,0,4,2,3,3.2477570305390078
Student,7.952902886936872,5,6.639441386882561,3,5,2,3.4979968967746924,2,2,2,3,4,2,3.381940162805418
Professional,8.464382745046818,5,5.0188359145742645,5,5,2,5.45969591009968,1,0,0,3,3,1,5.097410007427983
Professional,7.625187201355486,5,3.7261325264750846,5,4,2,5.126516275851815,1,0,0,2,3,0,4.117417043474882
Professional,8.131953331219307,5,6.375261266832359,3,5,2,3.9582926076631875,3,3,0,2,1,1,4.315308221738641
Professional,7.154868139436078,4,6.1891272498459085,2,4,3,5.908424335356565,2,3,3,3,3,3,2.070720463127988
Professional,7.197921529212786,3,3.086295105625267,3,4,3,5.438798047153166,0,1,1,2,1,0,5.009301282499352
Student,5.006234044503781,3,6.036416529245368,2,2,4,3.100259237692789,2,3,3,2,2,3,0.0
Professional,7.1216965418543206,4,4.331254870539087,3,5,2,5.827864743437678,0,0,1,2,1,0,5.751055529479399
Student,8.529979065336397,4,4.994139904826287,4,4,2,5.476226386932166,2,2,1,2,1,1,4.181921104235881
Student,7.037982526416331,4,5.910644739214922,3,5,2,7.300373574170154,0,0,3,2,3,0,5.516864430123711
Student,4.506230663130819,2,8.233634015842732,5,1,5,3.3545512503716512,1,1,3,5,4,5,0.0
Student,6.9827485247701855,4,3.6705552801094625,3,4,3,4.635552310865259,2,3,1,2,2,1,1.501598626351713
Student,6.900164280796169,5,5.175212637273078,3,4,3,4.875504696989726,2,2,0,2,1,0,3.9566442679446605
Professional,8.036812597057885,5,4.029200930257,3,5,3,5.0619244497375995,0,0,1,2,2,0,4.553739481584345
Professional,8.416755158319546,4,2.9051166100473234,5,5,2,7.4739731111009196,0,1,0,2,2,0,7.27805977814229
Student,7.612498032754524,4,5.042021694876254,5,4,1,7.676575115753186,0,0,0,3,2,0,6.0472349573946325
Student,4.858583650246361,2,11.4603668586739,4,2,4,3.355992595368307,5,4,3,1,5,4,0.0
Student,6.849471429420612,3,3.0483349820577152,3,3,2,4.541711387887462,0,1,0,2,0,1,4.8076141579380325
Student,5.068601473286444,3,8.33170534017394,4,1,4,1.9429756736575428,1,0,1,3,3,5,0.0
Professional,7.6224487991703676,4,5.422546496779914,5,4,2,7.178043062944712,1,1,2,3,3,0,3.7547616338280534
Professional,7.038986309324957,3,4.948195506732057,2,5,3,3.0230244286766315,1,2,0,1,2,0,2.8713646241354702
Professional,5.386802842224085,2,7.2478527580863155,2,2,5,3.2527725171196917,1,2,2,2,3,4,0.0
Professional,7.587250564635836,4,4.034431197349017,3,4,3,5.442969959072901,1,2,2,2,1,0,3.9280325046615716
Student,4.553336956543779,1,10.810701772795198,4,3,4,2.6276644918460317,4,3,2,3,5,4,0.0
Professional,7.130416878823607,5,5.623379929714585,4,5,2,6.713243578588715,1,0,1,4,3,0,4.948423507160011
Professional,5.529178811346111,2,6.915772794176339,3,2,3,2.7711992978791833,1,0,0,3,4,3,0.0
Student,8.41238469659631,4,4.464578520537457,3,4,1,6.6407453872030455,1,1,0,2,2,0,5.400532972515322
Professional,7.369992223702418,4,6.169907390841489,2,4,3,3.2395409027170925,3,2,1,1,2,1,3.451253342913646
Student,8.1584633854995,4,6.595366528763232,2,3,2,3.1700269960094176,3,3,0,1,2,0,2.632881387517427
Student,5.154649048788846,2,9.82268129109112,3,1,5,3.1848092024004284,3,3,4,3,4,5,0.0
Professional,8.30744845150276,4,4.646799980752437,3,4,3,5.78833196922073,0,0,1,3,3,0,5.0031478660490265
Student,6.25817148623621,3,8.983770088965791,5,3,5,1.1008462138859798,4,3,1,5,5,5,0.0
Professional,5.3288602775538,3,11.339967113469477,4,3,5,1.8263398447839152,4,5,3,3,5,5,0.0
Student,5.758362489862865,2,8.361829252304089,4,3,5,1.6931044006652907,3,4,2,3,4,5,0.0
Student,8.107047908324695,5,2.4427574976795596,3,4,2,5.85500969626247,0,1,0,2,0,0,7.000353205318225
Student,6.392811431452003,2,9.946171499689775,4,2,5,2.1463494825617464,3,4,2,5,5,5,0.0
Student,7.327332377032963,4,5.857634383415158,2,3,3,3.6057508567418384,2,2,0,3,1,4,2.2000951902969064
Student,7.973959929071314,5,4.141199903179528,2,5,2,4.027589367271622,0,0,1,3,1,0,5.565815350344176
Student,7.80742229226759,4,4.908833967813034,3,4,2,5.529903820050631,1,1,1,2,2,1,4.922001540967623
Student,5.497195499492811,1,5.399270113317226,4,1,4,1.672087746975547,0,0,2,4,3,5,0.0
Professional,7.373902687603066,5,4.750226964275212,5,5,3,7.728012721372422,1,2,3,4,2,3,2.8850013914034456
Student,6.689616542672572,4,4.981166925402849,3,5,2,5.2131778039045376,1,2,0,1,2,0,5.021377647646966
Professional,5.706215703242966,3,7.023606131722743,4,2,3,3.846610859393533,3,4,3,3,4,3,0.0
Professional,6.008965523215181,1,5.169102215864916,2,2,4,3.6646085545055387,0,0,3,4,1,5,0.0
Student,5.393221008147609,1,6.006365192589087,3,2,3,1.728937582639174,1,0,3,2,3,3,0.0
Professional,5.046119678942176,3,8.013629619203764,4,2,5,3.079269814489124,2,1,3,2,5,5,0.0
Student,6.644532137728348,5,6.372833513598254,2,5,2,4.3471720930331585,1,2,4,3,4,0,3.759919015930914
Professional,7.779553330091011,5,3.2789624261059447,3,5,2,5.490126721856309,0,0,2,1,2,0,5.506009609736692
Student,6.34257348602082,2,7.7724401239479315,4,2,4,1.8531689332322876,2,3,2,3,4,4,0.0
Professional,4.825910336934932,3,5.852581792723408,3,1,4,3.7727185749622065,1,1,1,3,4,5,0.0
Student,8.323609740613426,4,2.5471725385933186,3,5,2,7.65526836388481,0,1,1,2,0,0,6.838309656586878
Professional,7.5841192650033555,4,4.096101532762061,5,4,1,7.999091628977207,2,1,1,2,2,0,5.86876740483982
Student,8.482241385070193,5,5.088957722447084,5,5,3,5.649108553203665,1,2,1,2,1,1,4.842085748552739
Professional,7.243098777710862,5,4.270484842146912,2,4,3,4.128465715638935,0,0,1,2,1,1,4.099703269987888
Professional,4.506763478138043,1,7.765603262904937,4,3,4,2.1129046490208228,3,3,3,3,4,4,0.0
Student,5.573279495343619,2,5.14168472244694,2,1,3,2.411669923055276,2,2,0,1,3,2,0.0
Professional,5.330620672831371,1,9.72992806516675,2,1,3,3.084453259064155,4,5,2,3,3,5,0.0
Professional,7.5695634501737725,4,6.859133058074114,2,4,3,5.889834951215615,3,3,0,2,1,0,3.8337788983241143
Student,6.708806918027864,3,5.323162242977844,3,5,2,3.922391858972345,2,3,1,2,2,0,2.481603828640978
Student,7.1108061669601135,4,5.409709567816751,2,4,2,5.46188710145491,2,1,0,2,2,0,4.419299871407023
Student,8.230114526945119,5,2.0480823607089995,4,4,2,7.181879425831935,0,1,0,2,1,0,8.32638299808019
Student,4.958332617239819,1,8.439914520037753,2,2,5,2.235312785920491,3,2,2,2,2,3,0.0
Professional,8.134886443754326,5,4.909469415386368,2,3,3,5.884274629794243,2,1,2,3,2,3,2.6581069242467654
Student,5.855206402260195,3,8.476762031025872,5,3,5,1.1233656898521769,2,1,4,3,4,4,0.0
Professional,4.589508629284838,2,9.545670377784226,3,1,4,2.7264430955425376,3,4,4,4,5,5,0.0
Student,8.89315157294042,4,5.854934186513171,3,5,1,7.3264843908498,2,3,2,0,3,0,5.182249004912877
Professional,5.277372033049075,2,9.516009886917963,4,1,4,2.451075865442682,5,5,1,3,4,5,0.0
Professional,6.155723936487821,2,9.600269860305042,5,1,4,2.7272290506847625,3,2,2,3,4,5,0.0
Student,5.7101709434910966,1,10.815376986986028,5,3,5,3.4790167827571086,3,4,1,4,4,4,0.0
Student,8.405029811386186,3,6.88651004531852,3,3,2,5.3679263707398395,2,3,0,2,3,0,3.8829174348538245
Student,5.529559877748988,2,7.0518508364615275,4,3,5,2.3726713146784464,3,4,1,5,3,5,0.0
Student,7.272517324856382,4,2.415148867397863,5,4,1,6.590246402361735,1,1,0,4,0,2,4.569767047620494
Student,6.132781343363893,3,7.511583413744758,2,1,5,3.1510522040942983,2,2,5,3,3,5,0.0
Student,7.606429786600954,4,3.2064156326979156,5,5,3,7.632203088024119,1,2,1,2,0,0,6.298077983676706
Professional,7.040687873228491,4,3.761733538632156,3,4,2,5.5991421983976934,0,0,0,2,2,0,6.134387251793274
Student,7.564286102098186,3,4.611179762858197,3,4,2,5.658162918389959,0,0,1,2,1,0,6.986106342873759
Professional,4.648990016318227,2,10.237830830223677,5,3,5,1.3630912368797699,2,3,3,4,5,5,0.0
Student,7.352164626125217,5,6.116664790104824,3,3,3,4.533995295946916,1,2,1,2,3,2,2.011631464882424
Professional,6.782019284477092,3,6.723909383771687,3,4,2,3.500029125303583,3,3,0,2,4,0,1.0460282411824493
Student,8.287846695618732,4,4.639365240278821,3,5,3,5.220236280723177,3,2,2,2,2,0,3.9098147988494367
Student,4.585818379810647,3,6.930351645539309,2,2,4,3.1762621183464557,1,2,3,4,4,5,0.0
Student,8.04039641168909,5,6.287236211549002,3,4,3,3.381437777479061,1,0,2,3,3,0,4.345165553724827
Student,4.27465523861115,3,11.14909780419121,4,3,5,3.4608798123267093,3,4,4,4,5,5,0.0
Professional,6.3410694118254805,3,5.68400990351571,4,1,5,1.6518950825468608,0,0,1,3,4,5,0.0
Professional,8.334667840292479,5,4.090202130617186,3,3,2,4.109269115795525,0,1,1,1,2,0,4.516526118428441
Professional,5.725279431396288,3,11.733250416945879,4,1,5,3.2163331177912404,4,3,5,4,5,5,0.0
Student,8.318866240335499,4,4.87227641078842,3,4,3,7.188832897930826,1,0,1,2,2,0,5.992352466170875
Professional,7.877524845733827,4,3.2194315005843093,4,4,3,6.813623679835112,0,0,2,5,1,4,2.6645862473123425
Student,7.751497653144619,3,3.732790380878155,3,3,3,5.164375763898133,0,0,0,4,0,4,3.5995024737334727
Student,5.958033460915972,3,9.58079823358203,4,3,4,3.9070097865228792,5,5,3,4,3,3,0.0
Student,8.96484613270776,4,5.877481164073865,3,5,1,5.719255088114078,1,1,0,1,2,0,7.5302415646627185
Student,4.975383823406029,1,9.645226027205315,5,3,4,1.264425193309346,3,3,2,3,5,3,0.0
Professional,7.903454068006202,4,5.511482984654876,3,5,3,3.2881122877090396,1,2,1,1,1,0,3.8563418000014567
Professional,8.369470411024599,5,4.577397343962141,3,5,2,7.180187573299901,0,0,1,2,2,0,6.039143583573531
Professional,7.0351343995855,5,5.424062336850666,2,4,2,3.0918398396912368,1,0,3,0,2,0,4.647403886448113
Student,8.093611148417269,5,2.7976279243844697,4,5,3,6.993321383487892,0,1,2,4,2,2,3.0762601286681197
Professional,7.064123356642387,3,6.1229846050615855,2,5,3,4.749657802570163,1,2,2,3,2,1,2.1888770092820766
Professional,5.757101466883022,1,9.325854929025105,2,1,3,1.697060245261893,3,2,3,3,3,4,0.0
Professional,6.490154692930307,3,7.509097087433905,4,2,5,3.0946818847878372,1,1,2,5,3,5,0.0
Professional,7.752852986301443,5,6.957665164348507,2,5,2,3.52912492380022,3,3,2,1,1,0,4.257887303369463
Professional,8.025817835525807,3,4.410986967252321,3,5,3,3.023881703896774,1,1,3,4,2,2,1.4158114733068268
Professional,7.920986632945278,4,3.7463124052838057,2,5,2,5.995144545291038,1,1,0,1,2,0,6.115245663608413
Professional,5.760197095843522,2,9.849694821562757,3,2,3,2.0666496784121096,2,2,0,5,5,5,0.0
Professional,6.014343501551276,1,5.505660023399726,3,2,5,2.166317840869321,1,1,4,4,1,5,0.0
Professional,5.481091130311412,1,11.322146726753989,4,3,5,2.38055517781126,4,5,3,5,5,5,0.0
Student,5.658786856983339,3,8.179733884463785,5,2,4,2.630773632690518,0,0,2,4,2,4,0.0
Student,8.546093231140606,4,3.6472974101357756,5,4,1,7.541379602389167,0,0,1,3,2,0,6.366766302534458
Professional,5.193791350937003,1,8.99151593907288,3,2,5,2.167126899443565,3,2,5,3,5,5,0.0
Professional,5.017053562113922,1,10.176601953427983,5,3,5,2.48747696547005,3,4,3,4,3,5,0.0
Student,6.045195423405,3,7.514615867561364,5,2,5,1.8388790430485922,1,2,2,3,5,5,0.0
Student,4.310804502948327,1,11.05181436273725,4,2,4,2.2072187997196804,3,2,2,4,5,4,0.0
Student,8.02784370616945,5,3.8123098748315365,4,5,3,6.249227563181566,1,2,1,2,3,0,4.701049019012028
Professional,6.670635648491663,5,6.0841843898694155,2,5,3,4.549215413620587,2,3,1,3,4,1,1.7080229804018248
Student,7.783098395231621,5,3.0408242023457457,3,5,1,6.835877428972516,1,0,0,0,3,0,7.511118705618557
Student,4.074212930723675,1,8.90218757136752,5,1,5,2.236898757522485,3,3,3,5,5,5,0.0
Professional,8.780446226924372,5,2.349920800171021,4,4,3,7.6205527597167855,0,0,0,3,0,0,7.105170687940342
Professional,7.389190858445092,3,4.475663663520304,2,4,3,4.856540706877602,1,2,1,3,2,0,1.5298950131145945
Student,4.630861335479366,3,11.795035053433875,5,1,5,3.047486780126928,3,2,3,5,5,5,0.0
Professional,5.589865914501745,2,10.192624464521083,4,3,5,2.81997960256067,3,4,3,3,4,3,0.0
Student,8.46588786266092,5,2.2288739508212627,5,4,2,5.258387501043957,0,0,0,3,0,1,5.010518438664031
Student,8.429922893797778,3,5.8594739950747226,3,3,2,4.214578600233419,3,4,1,2,1,0,4.147352416243657
Professional,4.447981557138405,2,10.09518114779321,4,3,5,3.750831676508528,3,2,2,5,4,5,0.0
Professional,6.145071517225087,2,10.35510797818986,5,2,4,1.4264569160488143,2,2,2,5,4,5,0.0
Professional,6.26201667678054,3,10.026675352316266,5,2,4,1.686106553630492,4,3,2,4,5,5,0.0
Student,7.681991445511285,4,2.3643888377492814,4,5,2,7.724748084224359,0,0,0,2,1,0,6.248414600813311
Student,8.483265747862479,4,4.846084874032595,3,4,1,7.355746033506165,1,2,0,1,0,0,7.099770904885101
Professional,6.723390016320836,1,9.901323750512738,3,2,5,2.5480312987184335,2,1,2,2,4,4,0.0
Student,7.8780150216901585,3,6.90933513153878,3,5,3,3.194921827436926,2,2,1,3,4,0,0.8357448508960239
Professional,6.35527839977858,1,5.5650377404513565,2,2,5,2.802610906256854,0,1,1,3,3,5,0.0
Professional,6.424320859399975,1,8.684126838228515,5,2,5,2.6000182154691722,4,4,2,5,4,5,0.0
Professional,8.181458164917547,5,6.331969101343049,2,4,3,5.043449211909591,1,2,0,1,2,0,4.643717442388237
Professional,8.169348243360727,4,6.275074995651736,3,5,2,4.803065464275409,2,2,2,1,1,0,4.588030094877707
Professional,7.082857575729223,4,6.3884849046588705,2,4,2,5.286664881509598,0,0,2,3,3,0,4.315871034835399
Professional,7.452293566457603,5,4.85621288787343,5,5,1,7.1857944666192,0,0,0,3,4,0,8.432056604354473
Student,7.145557005088009,4,5.435566567705491,3,5,2,6.587356043158938,1,1,1,3,2,0,4.461738649598699
Student,8.109922529919803,5,4.796807716983777,5,4,2,5.265999411309274,2,2,0,2,3,0,5.26528433129462
Professional,5.628135464774345,2,10.155790391881254,5,3,5,2.261807593395906,4,3,3,4,4,5,0.0
Student,6.131441931850112,1,10.203353841178316,5,3,4,1.185882828982978,4,4,4,4,5,5,0.0
Student,7.8315791220640225,5,3.735638143502341,2,5,3,5.715760917122674,0,0,1,3,2,0,5.17949600831534
Student,7.9118954730440745,3,6.953123273502116,3,5,3,4.904568179795263,2,1,1,2,4,0,2.6640086454986647
Professional,4.742322630587246,3,8.879335437357298,4,3,4,2.55031122723208,0,0,1,4,5,4,0.0
Student,7.552303519313217,3,3.0588653360295677,2,3,3,4.509474460407899,1,1,1,2,1,1,2.46577380900224
Professional,8.133210188123208,5,6.716637168305959,3,4,3,5.592425027504415,1,2,2,2,3,1,3.0437916260591713
Professional,6.110270524967914,3,8.728133565120244,5,3,4,2.047951294974328,2,1,3,2,5,4,0.0
Student,8.26161653662202,5,3.303198875881968,4,5,1,5.067012963143111,2,2,1,3,2,0,5.05559324922307
Student,4.702592921911411,3,7.607474946979849,4,2,3,1.6903982344748445,1,1,2,4,3,2,0.0
Student,6.733005277620302,1,6.773191296509943,3,1,4,1.2405319673300688,2,3,1,4,1,5,0.0
Student,8.726531166983946,5,3.525389928720777,3,4,2,5.648711896802521,1,2,1,2,2,0,4.973708072133994
Student,5.883266845441002,3,9.798725937399947,4,1,4,3.487121210413461,4,4,2,4,5,5,0.0
Student,8.146277512792262,4,4.5142762765556,4,5,2,7.2562815343143505,2,1,0,2,0,0,5.3998093527773126
Student,8.141865751323968,4,5.94220543145748,4,5,3,7.612959130251742,0,1,4,3,3,1,3.0016481352424114
Professional,7.079446682427049,4,3.060133183047954,2,4,3,5.033932000037938,1,1,2,2,2,2,2.9578063000701165
Professional,4.594003834667961,2,8.054192714181752,5,2,5,3.668149930517828,1,2,3,5,4,5,0.0
Student,4.7185487355463716,3,8.93959179707393,3,1,3,2.4292958667345506,3,2,2,2,4,3,0.0
Student,4.379332932750522,1,7.378584485541449,4,3,4,1.9565900793369364,1,1,2,3,3,4,0.0
Professional,4.602592294060482,2,11.839737010831394,5,2,5,2.172711410516399,5,5,3,5,5,5,0.0
Student,4.928825214633953,1,10.874313649526728,4,3,4,2.9882430668878444,3,3,1,3,5,3,0.0
Student,7.096916789024236,3,3.312420747697673,2,3,2,4.662805880514318,0,0,0,0,3,0,4.662519833953779
Professional,4.718462565641439,2,7.684768445949299,4,1,4,3.846429668513517,1,1,2,5,5,5,0.0
Professional,7.678807226405093,4,4.483792310520668,3,3,3,5.264326173410157,0,1,2,2,2,1,3.4528476685254383
Professional,8.310826717241644,3,5.0786198232025805,2,5,2,4.639686569349413,0,0,0,2,1,0,6.880999210586973
Student,7.510798605144507,5,4.681821970271044,3,5,3,5.4549664308272,3,4,2,2,3,0,1.41503279154434
Professional,5.174744756966418,3,5.808629462376991,3,1,3,3.6072883057704557,2,3,2,3,3,5,0.0
Student,7.366034559547983,4,4.272892301015679,2,4,2,5.00384358285817,2,1,0,2,1,1,3.518516519712426
Professional,4.9592038058195,2,7.382549750350395,5,2,4,2.151846486202605,2,3,2,3,3,5,0.0
Professional,7.196160656511159,5,5.7346171378543,2,3,2,3.45523768137854,0,0,2,2,2,0,5.489964729194667
Professional,6.290932432347271,2,9.248293920998137,2,2,3,3.372802633718304,3,3,2,3,5,4,0.0
Professional,7.900858878916473,4,6.511231900495376,2,4,2,5.454538949165222,2,1,1,2,4,0,4.081069773215486
Student,5.809714600278914,2,11.91557552378064,4,3,4,2.292744678036581,5,5,1,4,5,2,0.0
Student,5.127194947759871,1,6.437867789632892,4,1,3,3.3194330384718027,0,1,2,2,2,3,0.0
Student,4.989780429461725,1,7.62856101005792,4,2,4,1.0816428331476762,2,1,3,4,4,5,0.0
Student,7.230285922802491,3,3.8303149234174927,3,3,3,4.067210531198011,0,1,0,3,4,2,2.2448449449633867
Professional,5.108911544597656,3,9.580157676426701,2,2,4,2.8266952397698693,4,3,2,2,2,3,0.0
Student,5.587842620289566,3,8.024229871204858,4,1,5,3.286929782099811,3,4,3,4,3,5,0.0
Student,6.338551111058811,1,8.50782594704792,4,2,5,1.6562761298747808,4,3,3,3,4,5,0.0
Professional,7.7307243080544,5,3.5769427864471854,2,5,2,3.445521098502093,2,2,0,2,2,0,6.049296214384116
Professional,7.715979715667272,5,3.6899962400819573,2,3,2,3.3118580768626336,0,0,0,2,2,0,4.440507350006101
Professional,8.19651834796376,4,2.471445969513014,5,5,1,7.259601428123116,1,2,0,2,0,0,6.750721443929974
Professional,4.018760469165634,3,11.77539611249982,4,2,5,1.9542088986362258,4,3,3,4,5,5,0.0
Student,4.088157545262868,2,7.576093389409281,5,2,4,3.984953442049595,3,3,2,3,3,5,0.0
Student,8.863742222430998,5,3.1019326614815768,4,5,2,6.716048424452891,2,1,1,1,1,0,7.322152787223047
Student,7.296404648392799,5,5.748465383773945,4,4,3,7.195944827820822,2,1,0,3,4,2,2.8303646501963846
Professional,7.080152166611452,3,3.900321936210214,2,4,3,3.6260069059161153,2,2,3,3,0,2,1.4730747754596463
Student,7.755696085284524,5,5.393460587662139,5,5,2,6.691717818244651,1,2,0,3,3,0,4.753250166800288
Student,8.06172811276883,3,3.8309929587835434,3,5,3,5.389060948998559,1,2,1,2,0,1,6.031626294171015
Professional,7.441739260212911,5,5.687642607807457,3,4,2,6.874737249731254,2,2,1,2,1,0,4.6128205445551895
Professional,8.728017434352044,5,2.3608637183462773,5,4,2,7.107934161107264,0,0,1,3,0,0,6.8441010285248325
Professional,6.524932378896776,2,6.05355203189192,3,1,5,3.17938471421086,3,4,2,3,4,5,0.0
Student,7.196864836441405,4,3.5257514578105966,3,5,3,5.39998107580948,0,0,1,2,0,0,5.694632427124488
Professional,8.06574785955839,5,3.943339918390298,3,3,2,3.7694030729979633,3,3,2,3,3,2,1.1477428565835894
Professional,7.1952192845486245,4,6.458031912220559,2,5,2,5.264699520216304,2,2,0,2,3,0,4.672397552136557
Student,8.372151279756803,4,3.2042251378257016,3,3,3,5.044734547628147,1,0,1,2,2,2,4.0655778459941665
Professional,8.338938208566649,4,4.487206755179974,3,4,3,3.6127641732550035,1,2,3,2,0,2,2.3208482215838053
Professional,6.380327139653918,2,9.191399229263073,4,2,3,1.1131622580773277,2,2,2,3,4,3,0.0
Professional,6.643054105538415,5,6.940714256736285,3,3,3,3.8905010048904023,3,4,2,1,2,1,0.19769132530127398
Student,7.153323231929232,5,4.950675316924319,2,5,2,4.877500412881377,1,1,0,4,2,3,4.3004043824858424
Student,7.645191007670025,4,2.822127087682179,3,5,2,7.054417607067245,0,0,0,4,1,1,6.635909291869408
Student,6.113275157793456,1,10.070313391768082,4,1,5,1.3131845204128687,4,3,2,3,5,5,0.0
Student,7.864534007027022,4,4.5765574949398875,4,5,2,7.431639367114217,0,1,0,4,0,1,4.714279275981579
Professional,8.37948705773055,4,4.662785695870566,3,4,3,4.052110949433005,0,0,2,3,1,2,3.0407583792332944
Professional,5.358613305454021,3,9.623230452456884,4,2,4,3.6577670931702926,2,2,2,3,5,5,0.0
Professional,7.528496711842817,3,5.2679986070002975,2,4,2,4.1244318942495015,2,3,2,2,4,0,2.43180017012476
Professional,7.628751160505864,4,5.466903393116949,3,4,3,5.2998728166387385,1,2,2,3,2,1,2.328250353774738
Professional,4.77529185935868,1,9.465433698455039,4,1,5,2.8853585252015828,3,4,3,3,4,5,0.0
Student,7.0680390600669085,4,6.924953404026537,2,4,2,3.4209886593321763,1,2,0,0,1,0,2.3903266554280016
Professional,6.149467322967352,3,8.590859704363556,4,1,4,2.0468494664464387,1,1,1,3,3,5,0.0
Student,5.075705149966164,1,7.3308454565964905,4,1,4,1.0671245373147353,2,1,2,4,3,5,0.0
Professional,7.890578444541259,4,5.136224275509585,3,4,3,3.2768834044164157,0,0,2,3,2,0,2.7656376573094033
Professional,6.732515159604757,1,7.312965136222349,3,1,3,2.723151624926364,2,3,1,4,2,5,0.0
Professional,7.0637934245680984,5,3.728772074757169,2,3,2,5.593504884880355,0,0,1,2,4,1,3.557978815768976
Student,7.2731688104370535,4,2.9830078838847505,5,5,2,5.881722238623065,0,0,2,3,0,0,4.749569923648413
Student,5.911592557234272,2,8.135247086988226,2,1,5,2.6659888528106492,2,2,5,2,4,5,0.0
Student,4.2924695985464885,1,11.718692605202552,4,3,4,2.2495641786635314,4,3,2,2,5,4,0.0
Professional,4.703146036454595,1,8.088149103811293,2,2,3,1.7109015178748104,0,0,2,3,3,3,0.0
Student,7.077458721504787,4,3.837471346853325,3,5,2,3.7733636636949717,0,0,1,0,1,0,7.020488715695015
Student,6.217564433564635,3,9.375966417037217,4,3,5,2.529425207841472,2,2,2,4,4,4,0.0
Student,6.959550483314298,3,3.506578568817365,3,5,2,3.8857870733114224,0,0,2,3,1,0,3.2847214902032587
Student,7.383914302869532,5,4.863146980951017,4,5,2,7.094489110410965,2,1,2,1,2,0,4.9121956812824905
Professional,6.228477901960879,2,6.543837643221782,3,2,4,2.6268731432415473,3,3,2,1,2,1,0.0
Professional,7.807848980134628,4,6.730977300586432,3,5,2,3.3003436339680525,3,4,0,2,3,0,2.299856836217
Student,7.24771721293269,4,4.159366511467608,3,4,3,5.317205409518317,1,0,3,4,1,2,2.767633667501567
Professional,8.307652165521862,4,6.083748149938714,2,4,3,4.913827077269521,3,4,1,2,2,2,4.313367448265388
Professional,6.300723022530848,2,7.924445977942514,5,2,4,3.3465501859396296,1,1,4,5,5,5,0.0
Student,6.41174390111051,3,7.6001911806107465,5,2,4,1.1354262215863566,1,1,1,4,4,4,0.0
Student,4.546852896638831,2,5.512862193598234,4,2,5,2.046611204921479,1,0,3,4,3,5,0.0
Professional,7.079714257380173,4,3.1326326516234304,4,5,1,7.988484481486108,1,2,0,2,0,0,6.675146298629072
Student,7.247832054437134,4,3.2830139173513158,2,5,3,5.2069832594707215,0,0,1,4,3,3,3.8034987021199895
Professional,8.342538791388273,5,5.461569538744293,3,4,2,3.4229843949609444,0,1,0,2,2,0,3.6532657590787716
Student,7.659620600882046,4,6.923533981498165,3,5,2,3.5970758982990816,2,2,0,0,4,0,5.671711038156621
Professional,8.142741205150065,5,4.666561142821282,3,5,2,5.4865854644041665,1,1,1,3,3,1,5.8162482708074075
Student,6.718562837427008,5,5.522164018169404,2,3,3,4.9020043713951695,2,3,0,4,2,5,0.0
Professional,6.261058850119394,1,7.883962266002802,3,1,5,2.9713209204511304,3,4,3,3,3,5,0.0
Professional,5.474387304450676,1,11.924073314038091,5,3,5,1.2887442083303084,5,5,2,5,4,5,0.0
Professional,4.74863776565326,2,10.96236875326888,4,3,4,1.069528251091035,4,4,2,3,4,5,0.0
Professional,7.047727439283779,3,6.556164663734925,2,4,2,5.500125190312457,2,1,0,0,2,0,5.464592759592286
Professional,5.122468752163762,3,6.907683939600235,3,2,4,2.7660773933083282,2,3,2,4,4,5,0.0
Professional,7.479563857283248,4,4.84788350197077,5,5,2,6.101537099793669,1,0,1,3,1,0,6.326086343884285
Student,7.874181727725421,3,6.153748176510776,2,5,2,4.3458369415562155,2,2,2,1,2,0,2.974089877702788
Professional,8.835435721039731,5,3.1017047440104677,5,4,2,7.564306307660624,0,0,1,1,1,0,6.454808697206417
Professional,4.840001393019021,3,8.310593835508755,5,3,4,2.5633466328032557,1,0,2,3,4,4,0.0
Professional,7.334963199774168,4,3.2157611536258273,2,4,3,3.453411590469727,0,0,3,1,1,0,4.080505311876901
Professional,4.224657211837275,3,11.793543667681206,4,1,5,3.7343932545781806,5,5,3,4,5,5,0.0
Student,5.258504416375378,3,7.7127275957241945,4,3,4,3.2523377264763966,1,2,2,4,3,5,0.0
Professional,8.22179089744246,5,6.436244841673577,2,5,2,5.528977063640985,0,1,0,1,2,0,7.257987137628264
Student,6.688449944797717,1,5.74301557239072,2,1,4,1.0290432558389484,2,2,1,1,4,4,0.0
Student,6.323199584602759,1,7.4277029993349135,4,2,5,3.176229809627346,3,2,4,4,3,5,0.0
Student,7.741145690197688,5,2.597343979069066,5,4,1,7.762097072857222,0,1,2,2,0,0,6.120449189887411
Student,4.083618274830978,3,9.49763892446468,5,2,4,2.727916752910492,3,3,1,5,3,5,0.0
Professional,4.932450207349006,3,10.785809244110482,5,2,4,2.50872862570682,3,4,2,5,5,5,0.0
Professional,7.779529750391857,5,5.3745551584170554,5,4,2,7.547170256181313,1,1,0,2,3,0,6.104811883347071
Professional,6.042991134290949,1,9.533772292983878,4,2,5,1.431999533164191,2,2,2,5,5,5,0.0
Professional,8.022779389842823,3,3.5273326723399165,2,5,2,5.744664064743674,0,0,1,2,0,0,6.028110030458655
Professional,6.2392175191390296,2,7.988367191079476,5,2,5,2.175901121546801,4,4,1,5,2,5,0.0
Professional,4.583834847474396,2,7.1083800143192555,4,2,3,3.3206754160847556,1,1,1,2,4,1,0.0
Professional,5.152989009880667,2,9.196744385056903,5,3,4,3.8123077563904415,5,5,2,3,5,3,0.0
Student,8.19766139616815,3,3.7852956500157537,2,4,2,4.413326592526657,0,0,3,1,1,0,5.024776485569875
Professional,7.588813988717646,4,3.8257385282676597,5,4,2,7.535697775353773,1,1,0,4,2,1,3.917579551507712
Student,8.301507550804356,5,5.9415196637840015,2,5,3,5.340892756147509,2,3,3,3,3,1,2.9909165365019104
Professional,8.27375935694226,5,6.30769692342373,2,4,3,3.8455788233355808,2,1,3,2,3,0,3.9367831342304798
Professional,6.92243658752087,4,3.6934301562174636,2,3,3,3.858011450526788,0,1,0,2,2,1,3.923499079503495
Student,6.780137014658523,5,3.964548746993363,2,4,3,5.480586947749804,0,0,2,2,0,0,5.342996042614064
Student,8.6241284015793,5,3.7902550775642414,3,5,1,6.062089163785773,1,2,0,3,3,0,6.290515802081815
Student,5.887547995100837,2,11.21063124754314,4,3,5,1.096647190720152,5,5,1,4,5,4,0.0
Student,7.785338385051443,4,5.036916264141725,3,4,2,4.358159881472304,1,0,1,2,3,0,3.4907107229318672
Student,4.696902259089098,1,7.588071453789707,4,1,4,1.08162515142889,2,3,1,3,1,5,0.0
Student,5.61134451623125,2,9.644226798501183,3,2,5,3.7204978145712952,5,5,4,4,4,5,0.0
Student,6.901350678954451,1,5.013158220107424,3,2,5,2.5152971852483725,4,4,3,4,4,5,0.0
Student,7.41911681155432,4,3.3437761069137184,3,4,2,4.817034451536826,1,1,1,1,1,0,4.935209721626513
Professional,6.0070505133536365,3,10.229501374708029,4,1,4,1.3540602263568153,5,5,0,2,5,3,0.0
Student,4.5309279571673295,2,5.277211230761155,2,1,4,1.6078691599963755,2,3,3,3,3,4,0.0
Professional,8.442431181112296,4,3.817484999160751,5,5,1,6.398529714561856,0,1,0,3,1,0,6.829459713083113
Student,7.842236576263076,4,4.31623765640483,3,3,3,5.292944453419041,0,0,2,2,2,0,4.923901967916729
Student,7.3704399737549435,3,3.885048083579637,2,5,2,5.767129364234819,1,1,0,1,4,0,7.161858086644617
Student,6.102120823972964,3,7.428839023417248,5,3,5,2.2244920026991535,2,2,2,5,2,5,0.0
Professional,6.001645112490905,2,5.869464533945003,4,2,3,2.8788596035128156,2,3,2,3,3,4,0.0
Professional,5.445277151356689,2,9.620809077311062,5,1,5,1.425904519593114,3,3,2,4,4,5,0.0
Professional,5.247296775641685,2,11.707798672519985,5,3,5,1.4659377817140054,5,5,3,4,5,5,0.0
Student,7.226986842109514,4,4.254605634578082,3,5,3,5.370108941928821,1,2,2,1,1,0,5.113330150781683
Professional,7.773135937926332,5,2.6912954139878327,4,5,2,6.369776186648655,0,0,2,3,2,0,5.591453886965907
Student,5.378645719113468,1,9.181222939280214,4,1,5,1.8545552084921741,2,3,2,2,5,5,0.0
Professional,4.970765352698596,1,10.130918110394141,5,3,5,3.9687049346321346,2,2,3,3,4,4,0.0
Professional,7.740299861094541,4,4.267351325341867,3,4,3,6.9394253032867175,2,1,1,1,1,0,5.060136856469266
Student,5.952636797339075,3,5.071146854864738,4,2,4,2.8929815138310873,1,2,1,4,2,5,0.0
Student,8.03960694596405,3,5.365493092440655,3,3,3,3.8216435206491504,1,2,3,4,3,4,1.2224683004041754
Professional,6.382265674163916,2,11.788155713331399,4,2,5,2.217471989159465,4,5,2,4,5,5,0.0
Professional,6.84901642689448,3,6.913001736146602,2,3,2,4.34464192623921,2,1,2,1,4,2,2.677869400733681
Professional,8.302176354756677,4,3.9748027873840828,4,4,1,6.651085656320339,0,1,0,3,1,0,6.2121734786633445
Student,5.515727525147561,2,7.491772528450728,4,3,4,1.5243325115897468,1,2,1,4,4,4,0.0
Student,8.618658036596196,5,3.468542233214853,4,4,3,6.1342093510104565,2,3,0,3,2,1,3.9195615809299764
Student,8.216332227006959,5,5.150875772539862,3,5,3,6.087487936172523,2,1,1,3,1,1,4.20978134806644
Professional,4.686212935011314,1,11.485251092732323,5,2,4,1.1059498257846507,5,4,2,5,5,3,0.0
Student,6.020472021070979,3,8.403072597320637,2,2,4,2.4673077452640015,4,5,0,2,4,4,0.0
Student,5.105253374092491,2,9.68024198033569,4,1,4,2.869148500240038,3,2,2,5,4,5,0.0
Professional,8.381122574945273,5,6.705861759902669,2,3,2,3.4002408683222343,3,2,0,4,4,0,4.450445817591602
Professional,7.674127472023816,5,2.462413890683748,4,5,2,6.4151475817186245,0,0,2,2,0,0,5.8600369067262585
Professional,8.254192222041441,5,4.641342603829465,5,5,3,5.287289378337919,0,1,3,4,3,2,2.6271744550421516
Professional,8.02793959353345,5,3.523994691345362,3,5,3,3.878369444333734,1,2,1,2,2,0,4.500939832929578
Student,5.811969840377741,3,6.174817867096462,3,1,5,2.5912243702406883,0,1,1,4,3,5,0.0
Student,6.173125160959569,2,9.295370080449484,2,1,5,3.960614984046562,2,3,3,2,3,5,0.0
Student,7.479332201424114,3,5.2837964077705095,2,4,3,3.7418600437423426,0,1,1,3,2,2,2.9178173904538225
Professional,5.796699446728271,3,8.2149103495403,2,1,4,2.3377628552061314,2,1,1,2,5,4,0.0
Student,7.316291623434935,4,5.507079023478304,2,4,3,3.764110747050154,1,1,1,3,1,2,1.8674483909603992
Professional,8.49921773898445,5,3.4477717606903995,2,3,2,3.692602697403518,0,0,3,1,0,0,4.914347156502679
Student,8.432121154914404,3,5.919395610996753,3,4,2,5.052800393410772,0,0,1,2,3,0,5.910044778726868
Professional,5.956164326627193,2,7.494242760313115,2,2,3,3.6234391193681654,3,2,2,2,5,2,0.0
Student,7.861999578304859,5,4.51479579330286,5,5,2,5.7473620987094,1,0,2,2,2,0,5.6075013562957485
Professional,8.384589460517297,5,3.94703293839932,2,5,3,3.4268927798679996,1,0,2,3,2,0,5.344808384302068
Professional,5.730422327106098,1,10.375343383434938,5,3,4,1.9901794090213614,5,5,3,4,4,5,0.0
Professional,8.744123728362629,5,3.23079180754896,5,4,2,5.407017880906965,0,0,1,3,2,0,5.103762134328401
Student,8.369159727763924,5,6.99696232089776,2,4,3,5.0839575773301,0,0,0,2,3,0,4.423183823312021
Student,6.822443991217252,1,9.916763073511133,4,2,5,2.7778054337667104,3,3,1,5,5,5,0.0
Student,6.1530687606839845,3,6.260769810500563,4,1,5,2.9856324165239987,1,2,3,4,2,5,0.0
Student,6.356323113162826,1,8.78409119921011,4,3,4,1.5913981655741516,5,5,2,4,3,5,0.0
Student,6.141276622368408,3,7.306947502345518,2,1,5,3.099969013742228,0,1,4,4,3,5,0.0
Professional,4.363417802242844,1,10.191286500711735,5,1,5,3.6029573635239776,4,4,1,3,4,5,0.0
Student,6.989319638646671,3,9.300085350055532,4,1,5,1.527929702765694,4,4,4,4,4,5,0.0
Student,7.5459193773128215,4,4.4418181881369065,5,4,3,6.456416450719201,0,0,1,3,1,0,3.7111446303558857
Student,8.302919716139836,4,3.243968388561639,5,5,2,5.372957922786952,0,0,0,1,0,0,5.353469825249224
Student,7.227786910670714,5,5.095185493489114,2,4,2,3.4261289200299183,0,1,0,1,1,0,4.262664257679991
Student,6.980999773343508,2,6.26551127632448,2,1,5,3.3594454985474234,2,2,2,3,4,5,0.0
Professional,4.708465288231454,1,9.767006355352937,4,3,5,3.4040815992722746,3,2,2,4,5,5,0.0
Student,7.120017929139841,4,5.600014321055038,3,4,3,5.99033857262808,0,1,3,5,4,3,1.9263484049387498
Professional,7.554939564109032,5,6.346283050425322,2,4,3,5.186333817867743,2,2,2,3,3,2,1.5015780106485006
Student,4.163941283238103,1,11.272859034479897,4,3,4,3.667014538213288,3,4,1,2,5,1,0.0
Student,5.030673148250999,3,8.509750882072984,5,3,4,1.6371076843979702,1,1,2,5,5,5,0.0
Student,8.629569067929133,5,3.4098159441463807,5,5,2,5.235008663741814,2,1,1,3,0,0,6.34830640202849
Student,6.603551729853334,1,8.17424602702922,2,1,5,2.2040961649397954,3,2,5,2,4,5,0.0
Student,6.536335641854334,4,6.837451093071785,3,5,2,3.193676850470717,1,1,1,3,4,0,1.5478660372689501
Student,7.311776326374097,5,2.6159483644070223,4,5,1,5.0474918493592815,1,2,0,4,0,1,5.817736327098354
Student,6.879447573206258,5,4.2899474872203776,2,4,2,3.7331867292110297,1,2,2,0,2,0,3.978947719819096
Professional,6.665487428572044,1,5.372353994342679,4,2,4,3.7428155533895637,1,0,3,4,3,5,0.0
Professional,4.590471510038395,3,8.562353686754847,4,1,4,3.967675637943952,2,1,1,5,4,5,0.0
Student,4.18931438565939,2,11.946184138863543,4,1,5,2.7652730490855717,4,3,1,5,5,5,0.0
Professional,7.032477983898663,5,5.585050375143094,4,5,2,6.1219633550856845,2,1,1,3,3,0,4.355163614752786
Student,6.769973977415016,3,3.4389872508397445,3,5,2,4.929455236139165,0,1,2,2,1,0,5.1886533939539135
Professional,5.17983753447832,3,9.729860956925128,5,2,5,1.5830754083482859,3,3,2,5,3,5,0.0
Student,6.593544022102423,3,8.504968103275138,3,2,4,1.140027258424539,2,3,3,3,3,5,0.0
Student,5.173661547057885,2,9.405499406039697,5,3,5,3.257703166919767,3,3,3,5,3,5,0.0
Professional,4.749942398498619,1,11.575853144727315,5,3,4,2.2331487844535887,4,5,1,4,5,5,0.0
Professional,6.026625675658727,3,8.977949704363997,5,3,5,1.1402505559635667,2,3,2,5,3,5,0.0
Professional,4.746150613698454,1,5.562188723069863,2,1,5,3.478034051498863,3,2,4,3,3,5,0.0
Student,6.642123349646974,5,6.466103195926038,2,5,3,4.642684074313063,2,1,1,2,3,0,4.259268640730343
Professional,7.961357088969839,4,6.72058631557028,2,4,2,4.720413203294994,3,2,0,1,2,0,5.740246718554105
Student,7.67602437542761,4,5.150385300732983,4,4,2,7.924459205333484,2,2,2,1,2,0,5.955718832277056
Professional,6.356117147044278,2,9.529771250058605,3,2,5,3.43471023422405,2,3,3,4,3,5,0.0
Student,8.24128407482993,4,3.8303966721727183,3,4,3,4.3777911563540535,0,0,2,3,1,0,2.5297927664594937
Student,6.724967509572757,5,3.8435879035563865,2,3,3,3.568601472742028,1,1,1,2,0,2,2.2411022474530258
Professional,6.500820631674774,3,5.353252758957456,2,5,3,5.452523056216744,0,0,1,1,0,0,5.518674809642581
Professional,8.000841230834107,3,4.373841507675185,2,4,2,5.728278706062367,1,0,0,1,0,0,7.023208157023796
Student,4.103409502048268,1,11.888867820023199,4,2,4,1.6111736804234003,5,4,2,3,5,4,0.0
Professional,7.801252519808346,5,4.782359139504398,3,5,2,5.744375087126807,1,0,0,3,2,0,5.653007131137977
Student,8.297678648004894,5,5.926992648417741,3,4,1,7.930110362002505,1,2,0,1,4,0,8.204158693634831
Student,7.349074277190043,5,3.039757160537133,5,4,1,7.367569066611921,1,2,0,2,1,0,5.632327251870661
Student,4.977129201581274,3,10.279586717455114,5,2,4,3.116768990137535,4,3,3,5,5,5,0.0
Professional,5.263594924280405,1,8.977403137903316,4,2,4,1.8528598104419238,2,1,2,2,3,4,0.0
Student,5.271393722265882,2,8.094357146925779,4,1,4,1.2954068644668109,3,3,2,4,4,5,0.0
Student,6.36954432740062,2,5.771329176483065,3,1,4,3.2398215466383187,2,2,3,2,3,5,0.0
Student,7.131141320707946,5,4.027648937893478,5,4,3,6.459446322082883,1,0,1,4,0,2,3.901936239426187
Student,7.006372666664924,4,3.7320652627566484,2,3,2,3.910997394726565,1,1,1,4,0,3,3.034542587634465
Student,7.370643421102357,5,3.1530435487102544,5,4,3,5.036484362018912,0,0,2,5,0,3,3.366997689661484
Student,7.432149683069949,3,5.388362144849917,3,3,3,4.897227866227628,3,4,1,2,2,2,0.9523682752762981
Student,8.779944333769679,5,4.157069860887916,5,4,3,5.439576023868209,0,1,0,3,1,2,3.975338055498975
Student,7.9296961490534805,4,6.9054990774319505,2,3,3,5.966718099598782,1,2,1,1,2,2,2.6277945916509586
Student,6.846425899431896,5,3.0373214194426765,3,5,2,4.022156298921016,0,0,0,1,2,0,7.123505004497774
Student,4.752855668863062,3,7.597555836574539,4,1,4,3.812473809084206,2,1,1,3,5,5,0.0
Professional,7.181644044372691,3,5.702216618585226,3,5,3,4.619530307945553,1,2,1,4,1,1,3.325929764166436
Student,4.606368923176589,3,8.579459143219852,4,2,3,1.761116672725495,3,3,3,2,4,3,0.0
Student,8.410976260934522,3,3.7078236428513747,2,5,2,3.194543471796091,0,0,1,3,1,0,4.815088585343021
Professional,8.694564918379273,5,5.291972124808847,3,4,3,6.876703633720927,0,1,2,2,3,2,5.557392575769988
Student,7.1729039038063185,5,2.872847444077361,4,4,3,7.346602241318269,1,0,1,2,2,0,4.571613893532464
Student,6.140377504010849,1,9.838339421823264,5,2,5,2.0499865994929554,2,3,2,3,5,5,0.0
Professional,8.17222666634106,3,4.323547760241462,2,5,3,3.3611337336284053,0,1,2,2,2,0,3.8544499998057002
Student,6.63395474838219,3,4.040374854031059,3,5,2,4.099424907525988,1,0,0,2,1,0,4.972617061975618
Student,6.691120745990865,5,6.626451977658402,3,3,3,5.294441755155736,3,3,1,1,5,0,1.0320964780401043
Professional,6.621761554854888,4,6.924829674874246,2,3,2,3.2944642701250855,0,0,0,2,5,0,1.7506579404074316
Professional,7.001763453816242,4,4.057504922529411,3,4,3,7.5678004530619365,1,2,2,4,0,2,3.2945468031837017
Student,4.598163049078576,1,5.513280728742185,4,1,3,2.331773599640891,1,2,0,2,1,4,0.0
Student,6.594584204802196,3,9.15808653815874,4,1,5,2.424179645330377,4,5,1,3,3,5,0.0
Student,8.94036282660579,5,4.980050064640983,5,4,3,6.922522258623658,1,2,1,4,2,3,3.978314407186077
Professional,8.279366131332669,4,2.1272771640996426,4,4,2,6.4802715231958725,0,0,1,2,1,0,6.292531856230781
Student,7.487158908594789,5,5.242426450116156,3,4,1,5.644585827337681,2,1,0,2,2,0,4.650416261881805
Professional,8.311498347882717,5,4.459148973000607,2,4,2,4.032784623079809,1,1,0,0,3,0,7.198997372100242
Professional,4.907532124166843,2,9.186890147326135,4,2,3,1.816028306840946,2,1,0,3,4,4,0.0
Professional,7.2853859508781085,5,4.490900986901242,3,5,1,5.754497411168716,0,0,0,2,4,0,7.1073624848193635
Professional,5.4091033776459225,2,8.964860914840239,5,2,4,3.1070953064015745,3,3,4,4,4,5,0.0
Student,7.016990391070278,4,3.148113821642887,3,4,2,3.9234898817370274,0,0,0,2,2,0,5.915721145155914
Professional,5.240595448042349,2,11.842790690349721,4,2,4,2.6310020246749684,5,5,3,3,5,5,0.0
Student,4.904150980440248,3,8.502841956958472,4,3,4,2.6678354695709467,5,4,1,3,2,4,0.0
Student,6.27258810331443,3,5.48717581550774,2,2,3,1.6340912393609466,0,0,1,3,3,3,0.0
Professional,4.986309059004436,1,8.351361807806972,5,3,4,2.9182506302907365,3,3,5,3,3,3,0.0
Professional,5.724703366192542,3,10.220796428966988,4,2,5,3.4609020441117564,5,5,4,5,5,5,0.0
Professional,4.735883868229506,3,7.073934411630907,3,1,3,3.9062693362160297,1,0,2,2,4,4,0.0
Professional,8.210765957871397,5,5.087911492075635,3,4,2,4.543523634235216,1,1,0,3,1,0,3.9307851456993586
Professional,5.22605634943703,3,9.582369340503524,5,2,5,1.592552240529196,2,3,3,5,4,5,0.0
Professional,6.610880602889315,3,5.421420205923319,3,4,3,4.895630253020674,3,4,2,1,1,0,3.029150619281139
Student,7.194732081549766,5,5.380406315924102,4,4,3,6.693388755183772,0,0,2,2,1,0,3.5576402025158536
Student,6.477650651188947,2,6.414567448746244,4,1,5,3.3413343147457653,0,0,1,4,4,5,0.0
Student,7.703608276733106,4,6.542570998605579,2,3,2,5.762515838770787,2,2,1,2,3,0,2.333615902189904
Student,5.869181401227616,1,6.910866059691268,4,2,5,2.7849309594385203,3,3,1,5,4,5,0.0
Student,6.800528277690765,4,6.66999238592822,3,3,2,3.3205792064721167,3,2,0,2,2,0,2.5949558877261554
Student,5.699158387588928,1,8.457264436677319,3,1,5,3.56491237906537,3,4,3,3,4,5,0.0
Student,7.337555036143725,4,2.2040587316854046,5,5,2,5.231506680895276,0,0,0,3,1,0,3.562818748311231
Professional,6.454909124928526,1,9.726499522242687,2,2,3,2.5532806102102095,3,2,1,2,3,2,0.0
Student,6.737971687999361,5,3.5401781125767084,2,4,2,5.773969372857458,0,0,2,1,1,0,5.821637612352014
Professional,6.886349314008296,3,8.972251855699614,4,2,3,3.1494801069057647,3,4,2,1,4,2,0.0
Student,7.728537229795645,5,3.2634896940900564,5,5,2,5.366213089541128,2,1,0,3,0,0,4.527211762711712
Professional,7.742678619955748,4,4.314789615263333,2,5,2,3.6993138891677226,0,0,0,0,2,0,6.9107043526078575
Professional,4.565911590884504,2,5.5334109705915475,2,1,3,2.276966305621806,2,1,2,2,2,2,0.0
Professional,7.909331774971312,4,6.303207368621052,2,4,2,3.6732072467747923,0,0,1,3,3,0,5.657822822162181
Professional,5.097155154169813,3,9.547686564958529,2,2,4,1.2457753220882248,3,3,1,4,4,5,0.0
Student,6.862270019216784,3,4.737612170546306,2,5,2,4.04601827150897,0,0,0,0,4,0,6.186235842487371
Professional,8.49888169357988,5,5.392041267105672,5,4,3,5.320063287149669,2,3,0,4,3,2,4.277428857137961
Professional,4.6396716014399395,2,10.300050446436899,5,2,5,1.2450461987787802,4,5,3,5,3,4,0.0
Professional,7.421279830934369,5,5.847844695535078,3,5,2,3.7274334830039533,1,1,0,2,4,0,2.8427273283431242
Student,7.0226267831565785,5,4.378371240932669,2,5,3,3.721339754050844,0,0,2,2,1,0,3.6845234235536015
Professional,7.925881977076417,5,6.58174954200126,3,4,3,3.276180764177107,0,0,0,2,3,1,3.7956185227420725
Professional,4.769675654664853,2,8.234577434213177,5,3,4,3.0364419071326405,1,1,1,3,2,4,0.0
Professional,7.280946947705979,5,3.4768253227308445,3,4,2,4.140204078653333,0,0,0,2,2,0,5.370682437162441
Student,4.1535606113173555,2,9.530731261900447,5,3,5,1.2443780924940189,4,5,2,5,2,5,0.0
Student,7.993321817429479,5,3.8111959224603127,2,5,2,3.8623286393842555,0,0,1,2,1,0,5.507351079453642
Student,7.692504357217361,3,4.0228045205128815,3,4,2,4.589549427500217,1,1,2,2,3,0,2.986647520743613
Student,8.863594403904127,5,4.731027289206445,5,4,1,6.225191982219169,2,3,0,3,1,0,4.597819785945397
Student,7.466141029893384,3,3.7023074610341937,3,3,2,5.660226220635282,1,1,0,1,2,0,6.400229062163288
Student,5.933867555026857,2,6.730094997204918,3,1,5,3.2741523260998893,2,2,2,3,4,5,0.0
Student,6.965166645849764,1,6.737519416141241,3,1,4,1.7857244864514086,3,4,2,2,3,4,0.0
Professional,8.563665632851004,4,4.754136594784645,4,5,1,7.0920928861999,1,2,2,3,2,0,5.940617870296454
Professional,6.474493800404115,1,11.105606192128395,5,3,4,1.1055854509754934,4,3,3,4,5,5,0.0
Student,6.85988980912939,2,7.655429082026469,4,2,4,1.1085583914275956,1,1,2,2,4,3,0.0
Professional,8.406359233585183,5,5.202521177101205,3,4,3,4.949352359006481,1,1,3,2,2,0,5.5863424861376725
Professional,6.970339402139961,4,4.643843131675708,2,3,3,3.851660886369346,1,0,2,3,3,2,1.428991735209825
Professional,6.584946849894484,4,3.30056779827144,3,3,3,5.151009934671291,0,1,2,3,0,2,2.7106464006394217
Professional,7.414139693481154,4,5.04539079480343,4,5,1,5.255771274536948,1,1,0,1,3,0,6.577111234949926
Professional,7.750946906833213,3,4.067954804925511,3,3,2,5.668063550103631,1,2,1,2,1,2,3.33689325421373
Student,4.665896288972117,3,7.8418218163311035,4,3,5,3.698323593473759,3,4,2,5,2,5,0.0
Professional,6.6545188649109335,2,6.041604987868023,4,1,5,3.0852751577916746,1,0,3,5,2,5,0.0
Professional,4.513148881077938,1,9.482786066916304,2,1,5,3.919859355204864,2,2,2,4,5,5,0.0
Student,4.778750566522807,1,9.553656657720769,5,3,4,1.584238858828579,1,1,3,4,4,5,0.0
Student,8.26248664072888,3,6.7657307242988995,2,4,3,3.09993618867386,2,1,1,2,2,0,3.0193621551054215
Professional,6.101031931792866,2,5.142982352024108,4,2,5,1.599158551026352,1,1,2,3,1,5,0.0
Professional,4.525976850543078,1,7.091765361492523,5,1,5,2.980164223237231,1,0,2,5,4,5,0.0
Student,8.068494008081863,3,3.153178386914237,2,5,3,4.8149862724111285,0,0,1,2,1,0,5.689969937251386
Professional,6.587062723576036,4,4.845380355908456,3,4,3,5.9972477576158445,0,0,2,5,2,1,2.049237010959652
Student,4.9206814086478206,3,9.013983275191602,4,1,4,1.1407079562938782,1,1,2,3,4,5,0.0
Student,8.817289742238406,4,4.13471048234879,4,5,2,5.395555389510274,1,2,1,2,0,0,5.8110890812854885
Professional,6.729708726288234,2,5.50062195425436,3,1,4,1.6079553138616953,0,0,2,3,1,5,0.0
Professional,6.463923674184838,1,6.256596756429973,2,2,4,1.4159643760335219,0,0,3,3,3,5,0.0
Student,4.380039394235397,3,8.069908418635846,4,2,5,1.6832481832591655,3,4,2,2,4,4,0.0
Student,4.778675387933301,1,9.120720868897513,4,2,5,1.8994361830679753,3,2,3,5,3,5,0.0
Professional,6.248964377120883,3,10.543607197161473,5,2,4,1.3339260393987704,5,5,1,4,5,4,0.0
Student,7.426560045952362,3,3.354096972983131,3,5,2,3.5188561937640843,1,1,0,1,2,0,5.454673021583495
Professional,6.213130563659617,2,9.88187825504508,5,1,5,1.9761095097712778,4,5,4,5,4,5,0.0
Student,8.114170035662465,5,5.749173120203556,4,5,3,7.655796376648118,0,0,1,2,3,1,4.792286669181614
Student,7.595393425392627,5,5.901442592313108,5,5,2,7.02904514456195,1,1,1,4,4,0,4.588063210232013
Professional,6.687197406810716,1,8.153684396835516,3,2,5,3.3923325923836893,3,4,2,2,3,5,0.0
Professional,5.488650310405188,1,8.996097706141649,5,3,4,2.8124604119960854,4,3,2,5,4,5,0.0
Professional,8.352068146632472,5,3.566355223805226,3,4,2,7.787459115681175,0,1,1,2,2,0,5.621538549731479
Professional,7.2183334917561135,5,2.1609191041043663,3,4,3,7.326340610165191,0,1,0,3,1,2,4.971614400880673
Professional,4.258537606923622,1,10.206947080056377,4,3,5,3.58865220052153,5,5,2,4,4,5,0.0
Professional,8.515807071168034,4,2.33975796567194,3,4,3,6.8863829096733005,0,1,0,2,0,0,7.556859872569368
Student,6.656499373493393,5,3.2010754046984524,3,5,2,4.535292016726714,0,0,2,2,1,0,5.62595125258908
Professional,5.042317204356697,3,11.588548349596149,5,3,4,2.3166136570085776,5,5,2,4,5,5,0.0
Student,7.534104434505919,3,3.4712031670459162,3,5,2,5.067043855085861,1,1,1,0,1,0,5.451538016637373
Professional,4.218672546819513,2,8.500254180419038,4,1,4,1.4915468403293728,3,3,3,3,4,5,0.0
Student,6.242395398769311,3,10.528369514008425,4,2,5,3.1206748532166615,2,3,4,4,5,5,0.0
Professional,8.607736762363217,5,2.0916020502338637,3,4,1,5.421552715419243,1,1,0,3,1,0,5.9571053270142675
Student,5.112481761222699,2,8.62061035072854,3,2,5,1.3133613138696179,4,5,1,2,4,3,0.0
Professional,7.9032707953285914,4,2.0585247180208937,5,4,1,6.640320352985194,0,0,0,3,0,0,6.196315068698714
Professional,8.16405504640926,5,3.655376807189581,5,4,2,6.998457187482224,0,1,1,2,1,1,5.140631446947748
Student,4.33266913342834,2,11.789979105281137,5,2,4,3.1935690001546035,5,5,1,3,5,5,0.0
Professional,8.27407744773163,4,5.573076461670793,3,5,2,5.997432429623929,2,1,2,2,4,0,4.108662506908292
Professional,8.479888575621839,4,6.663452289339983,3,3,2,3.099222639471417,1,2,0,3,3,2,3.426749738613388
Professional,8.355131683679309,5,5.614200974991466,3,4,3,4.672461682578966,0,1,4,2,1,0,3.775405814191708
Student,6.383880357962508,3,9.64017279785657,4,3,4,2.452186827287516,3,2,3,5,5,5,0.0
Professional,5.6782462013004436,3,9.549547139212205,4,2,5,1.9411892462940012,4,4,1,4,3,5,0.0
Student,8.121412371489004,3,5.3259437666526805,3,4,2,4.071311745355044,0,0,0,2,3,1,3.621425900421015
Professional,7.493995287067253,4,3.6400435010353145,2,5,3,5.276267785305442,1,1,3,3,2,0,4.267703989355422
Student,7.921872423903898,3,4.249964533147441,2,3,2,4.678218715630245,1,1,2,2,0,1,4.320864191398873
Professional,6.497576537711144,3,9.440419705970713,3,2,4,2.0911087914462283,4,4,1,3,5,3,0.0
Student,6.506721710363859,5,3.577688404232212,2,5,2,5.530443674541132,0,1,2,1,3,0,5.497562760410141
Student,5.716220170640376,2,8.476185546735882,4,1,4,2.3380352453023674,4,3,1,5,5,5,0.0
Student,8.394808631871491,5,3.748363262918411,3,4,2,4.516434766625618,1,1,0,2,1,1,4.7509223012096875
Professional,7.08295288787519,4,2.8549780344432807,3,5,1,6.236750370789701,0,0,1,2,0,0,7.056842036793723
Professional,7.091801127949128,5,3.5951359341197473,2,3,2,3.9359205926494494,0,1,0,1,0,0,5.033069057960167
Professional,6.660901367706902,5,3.9779514822393525,2,5,2,3.2640720875706806,0,1,1,0,2,0,5.473967497097971
Student,5.733238955549364,3,11.52728869132158,5,3,4,1.9773839792824153,3,3,2,4,5,5,0.0
Student,7.191309197923449,5,5.668634889850045,2,4,3,4.645492023315668,2,3,1,2,2,2,0.7096027421822195
Student,7.160685811865571,5,6.725261916294134,3,5,2,4.062176786086932,4,5,2,0,3,0,3.879843019701606
Student,8.001791643392332,4,4.737057946494871,3,3,3,4.441335715500537,2,2,0,3,2,2,2.271767984255426
Professional,7.61876434802904,3,4.477910111937748,2,4,2,3.8622201942562135,0,0,0,1,2,0,5.561677578620641
Student,7.65005019383728,4,4.374709143579923,2,3,3,3.205731845541373,0,0,3,2,3,2,1.5171420158942994
Student,7.921752736924796,4,3.7035063631519494,3,4,2,3.714688480132775,0,0,1,2,1,0,5.422560853428046
Student,6.6037525501781476,1,9.906839874054148,2,1,4,2.74727099329036,4,3,3,3,4,5,0.0
Student,4.525683710260881,3,9.737668842546604,4,2,4,1.5354930399232565,5,5,5,4,5,5,0.0
Professional,5.746168416029066,1,11.939245687424854,4,1,5,2.500768628121925,4,5,4,3,4,5,0.0
Professional,8.47300040562282,3,4.139570857021145,2,4,2,4.460007323255655,2,1,1,1,2,0,4.8960483497566765
Professional,5.786259797258337,3,8.853760021556809,3,1,4,3.0076588174460417,3,4,2,4,4,4,0.0
Student,6.2637410806271046,3,9.365613914511282,5,3,5,2.0153366609873573,5,5,3,5,5,5,0.0
Professional,6.604670437879489,3,5.222438107976213,2,3,2,4.315178428930026,1,1,0,3,4,2,1.127812819308869
Professional,7.548889536131919,4,4.663709762536724,3,4,3,6.751425228552403,0,0,1,2,3,1,3.683329389963045
Professional,7.701633264677568,4,6.855093821041226,3,4,3,4.4424173828059015,2,3,2,2,3,3,0.806342826954968
Student,6.553092672599886,3,3.3326814070211506,3,4,3,5.8829226435467215,0,1,1,3,1,3,1.2785314215456274
Professional,5.753324326221723,2,9.394399823125472,4,2,5,2.904996457781732,3,4,2,4,4,5,0.0
Professional,6.33668142286567,3,6.586743731049157,3,2,3,2.787054925403913,1,1,0,3,3,3,0.0
Professional,5.357279662481206,2,9.416102758490084,4,3,4,3.2966429488839095,4,3,2,5,2,5,0.0
Student,7.9420500763899415,5,3.8728123862912494,3,4,2,5.262282810673951,1,2,1,2,1,0,6.381317069890429
Professional,5.432382639566911,1,6.2790844167128235,3,1,4,3.763824151747113,0,0,2,3,2,5,0.0
Professional,7.515952246488274,5,3.8747191979934392,2,4,2,4.997742999024783,0,0,1,1,3,0,5.168677337595671
Professional,7.224898928027867,5,6.863258938817204,2,3,3,5.283394660734338,1,0,1,1,2,2,1.9645335717119563
Student,5.8308488800915494,3,8.381533096670259,5,1,4,3.6214733303845326,4,3,2,2,4,4,0.0
Professional,6.438571904164098,1,11.525783003081159,5,2,5,3.1582446393705963,4,3,2,5,5,5,0.0
Student,5.796333850731121,1,9.413661952954552,4,3,5,1.3789161413218425,5,5,3,5,5,5,0.0
Professional,6.462454329997081,1,7.065864326232599,4,1,3,1.9550812394334405,2,2,0,3,4,4,0.0
Student,8.436313391847461,4,4.1798945231627584,4,4,2,6.794577445543317,1,1,0,2,3,0,5.417572846527274
Professional,8.467795530294287,5,5.474535177108148,3,4,3,7.5430698612666,1,2,1,3,2,1,4.138136931419858
Professional,6.545349178852694,3,4.594787276272556,3,4,2,5.853257403645539,0,1,0,1,2,0,5.440280000193226
Student,4.868941953762517,3,9.819399648167316,3,1,5,2.5532053733780122,4,4,3,4,4,5,0.0
Professional,5.060788687433338,3,5.983769765943691,3,1,3,1.750466235761098,3,4,1,2,1,4,0.0
Student,5.708888163502479,2,7.218596247683395,4,1,4,3.2132700934350122,3,4,2,3,4,5,0.0
Student,7.389895956543977,3,3.8897446143469017,3,4,2,4.280446967025534,0,1,1,1,3,0,6.368509388658966
Professional,7.334902921045031,5,2.904484590396835,5,5,2,5.1385968128264095,1,1,1,3,0,0,5.971427447105715
Professional,6.709420440207738,4,4.995837089939423,3,3,3,4.476981450554136,0,0,1,3,3,3,1.970120708723828
Student,7.905092345887624,5,6.622459961739928,2,3,2,4.218484479612725,3,3,2,0,2,0,3.3453371589264522
Professional,6.761813873694748,5,4.657265447351596,3,3,3,3.803771487086519,1,0,3,1,2,0,3.351197304435204
Student,8.673892979321842,4,5.327474459295313,5,5,3,6.838096841056895,2,2,1,2,2,0,4.1998768873828665
Professional,7.53798681326982,5,3.7051073427902317,3,4,1,7.001542876502727,0,0,1,2,2,0,6.370030584589963
Professional,8.31856536232727,3,6.428805387491632,3,3,2,3.103266299740924,2,2,0,1,2,2,2.650925453481256
Professional,4.607633728730808,2,10.328939095161767,5,3,5,3.159764356511365,4,5,2,5,5,5,0.0
Professional,5.379840118116649,2,11.396319914426202,4,2,5,1.8682646300937684,5,5,3,3,5,5,0.0
Professional,5.243746248709444,3,7.289822317914016,5,2,4,3.7064833511303408,4,5,2,4,2,5,0.0
Professional,7.195817346974489,3,3.8982064065707593,3,5,3,5.836382675436383,0,0,1,2,0,0,4.19898561440052
Professional,6.2688869483731064,1,8.594605959412382,5,3,5,1.5292916108173489,3,3,2,4,1,4,0.0
Professional,7.716610324815171,5,4.240010162554917,5,5,2,6.87188717298568,0,0,0,3,2,0,6.877241516538836
Student,6.804436732708599,3,3.450362924114668,3,4,3,5.972905010337283,1,0,0,3,1,4,2.673608583892094
Student,6.878553658821203,5,6.635622603093989,3,5,2,4.8650773655796735,2,1,2,1,3,0,4.107192763228156
Student,5.105267668822249,3,10.07449924452419,4,1,5,2.4295682219035264,4,4,3,5,3,5,0.0
Student,6.308781295223206,1,5.71173534481162,4,2,4,3.206985647648594,2,1,2,2,1,4,0.0
Student,8.937373928925638,5,4.124269531466391,4,5,2,7.7565683267772485,1,0,0,1,3,0,8.255978383310492
Student,8.32562187249953,4,4.417629133581583,4,5,3,7.42311867828215,1,0,0,4,0,3,5.2513949520022685
Professional,6.055845336267678,1,8.906345968847885,5,3,5,3.581350895129132,4,3,2,5,2,5,0.0
Student,4.8142945024533885,1,9.895955581826692,4,1,5,1.4575961475549586,3,4,2,4,5,5,0.0
Professional,6.836679406431388,3,4.65974408363666,2,4,3,4.878388821208447,1,0,1,0,1,0,4.820071085336409
Professional,7.162810487979533,4,5.532810870795329,4,5,3,7.876679010062233,2,3,2,5,1,2,2.190724291240809
Student,5.788868671708704,2,7.595998843658202,4,1,4,3.331110945819086,2,1,1,2,5,3,0.0
Professional,8.664773667099409,5,2.3997996960469865,5,4,1,6.624570144784911,0,1,0,1,0,0,4.953628634714228
Student,5.695957994094479,2,6.778707413549681,4,1,4,2.542556484747826,2,3,3,3,2,5,0.0
Professional,8.031172333783209,5,4.460436277796184,5,4,1,7.054902309158616,1,1,0,1,0,0,7.209920223996003
Student,7.087638799142946,4,6.939705159563625,3,4,2,4.467487419725481,4,3,1,1,2,0,2.824528882456868
Professional,5.551707810266009,1,6.159828793203461,4,1,5,2.778123229901155,0,0,2,4,2,5,0.0
Student,7.976101787871041,3,4.679880095598895,2,4,3,5.38415925979413,1,1,1,1,1,0,5.339219926635122
Professional,6.451882376010794,3,9.34448772256098,4,1,5,3.5159111467651876,1,0,2,4,3,5,0.0
Professional,7.72781132182386,5,4.498058470634193,3,4,3,4.153738454044939,1,0,2,1,1,0,4.525770778904684
Professional,7.2839686694852865,5,5.245938265329276,2,3,3,5.268950710584409,1,0,1,1,3,1,3.845745136447948
Professional,6.210473069499456,3,11.94880975596034,5,2,4,1.1055672536204795,5,4,1,3,5,5,0.0
Professional,7.793010014412363,5,4.913444809516724,3,4,3,3.855286869219857,0,0,0,3,4,2,2.2340418078833433
Student,6.3225238763336,2,9.789066769075356,5,1,5,1.958665790156571,3,3,4,4,5,5,0.0
Professional,6.358102368994647,1,7.663215120133008,4,1,5,1.206982326333814,2,3,3,4,4,5,0.0
Student,7.8130946284715845,3,3.7934544249603386,2,3,2,5.12356725122638,0,0,0,1,1,0,5.272106529807328
Student,6.519714278870746,5,5.664047165104746,2,5,3,3.206941193409372,2,3,1,4,1,2,2.099134850196414
Student,4.448485682779657,1,10.384053991430616,5,3,5,2.351024757585555,4,5,3,5,5,5,0.0
Student,7.960529395630269,3,3.4114623312166183,3,5,2,3.4202011266336183,0,1,2,3,0,0,2.8851327057717255
Professional,8.818724589365472,4,4.718510786767985,3,5,2,5.95626956875031,1,0,2,2,3,0,5.556738876016807
Student,7.881393623723042,5,3.301601530894503,5,5,1,6.964854577833357,1,1,0,2,1,0,7.950792412730549
Professional,5.0761394173607846,1,5.8923014492679275,2,1,3,1.407367534728737,2,2,3,1,3,3,0.0
Student,7.077134612246236,4,2.57476478957621,3,5,1,6.493552697657028,0,0,0,2,1,0,6.006289796992703
Student,4.844034199053338,1,8.349149625208351,5,2,5,2.088046210202844,3,4,4,5,4,5,0.0
Professional,7.384600847332267,4,2.307405350954723,3,5,3,7.240823145989994,0,1,2,5,2,3,4.085844948239903
Student,7.021222741616199,3,4.198248472361358,2,4,3,3.682165034442753,0,0,1,3,2,0,3.549421313449091
Student,7.971791393263987,4,3.013991825473205,2,3,3,4.541025187758554,0,1,2,2,2,2,3.4066030572197996
Professional,8.312752218799709,4,4.028494203740036,4,4,1,7.035781661252775,1,0,1,0,2,0,7.130191642449205
Student,6.399284832833892,1,10.853235942068094,4,3,4,2.3301344027668063,5,4,0,4,5,4,0.0
Professional,8.366154635852556,5,4.291920479250857,5,5,3,5.435984425969268,0,0,0,3,4,1,4.56630330904025
Professional,5.828884604130362,3,9.986607738614616,3,1,3,3.9601751970146424,3,2,1,3,4,5,0.0
Professional,5.516629789711594,1,9.592652258928924,4,2,3,3.1263809347046734,3,2,0,3,4,3,0.0
Professional,6.333657502650702,2,9.604195930468979,2,2,3,3.864635086852564,2,3,0,4,5,2,0.0
Professional,5.74114522959226,2,11.400950971680373,4,2,4,3.821856408791345,3,4,2,2,5,4,0.0
Student,7.25487442631755,4,4.657305723307653,3,4,3,5.989253012559693,1,1,1,4,1,5,2.0268566522899434
Professional,5.391380346105778,1,8.660721957074049,5,1,4,3.0248832069851783,3,3,2,5,3,5,0.0
Student,6.479848286562045,3,8.286649800917179,5,1,4,2.5486953857541663,4,4,2,4,4,5,0.0
Student,8.773536089174348,5,3.308504927885456,3,5,3,7.329421315198605,0,0,1,2,2,0,7.0510680816402855
Professional,7.868486784198094,4,3.9945747254927526,3,5,2,5.779366686518152,2,2,0,3,1,0,5.126969939956976
Professional,8.735083458534804,5,4.393560759016006,5,5,2,5.52588946958026,1,2,2,3,2,0,4.786694907880473
Student,5.801672180218432,1,9.528978121269079,5,2,4,2.972575983506585,2,2,2,3,5,5,0.0
Student,7.567686186077271,3,4.776664917684402,2,5,3,4.007366888509996,0,0,0,0,2,0,5.453187870522259
Professional,4.866751791814489,1,11.10250904272645,5,2,4,1.6272539786333253,5,5,1,3,5,3,0.0
Student,7.760779932683499,5,5.786959816017777,2,5,3,5.007251217966126,1,1,0,2,2,0,5.355161598900321
Professional,6.837790602973474,2,7.977454663906247,3,1,3,3.4112022263244683,4,4,2,3,4,5,0.0
Professional,8.257660320197973,3,4.157236855814135,2,4,3,5.202536447715044,1,1,2,2,3,3,2.7979961015012607
Student,7.510735365640732,4,3.2097606023397605,3,5,2,4.978801493562825,1,1,0,0,0,0,8.205289521946247
Student,7.253525162492704,3,4.2249028138183204,3,5,3,4.1742554163311185,0,0,1,3,0,1,2.6217666582356562
Professional,8.500022350932982,4,5.546201924917066,5,4,2,6.639014287897985,1,1,2,2,2,1,4.356547951661177
Professional,8.606432722821067,5,5.735473494506378,3,4,1,5.170182750886557,2,3,1,1,2,0,5.170067192649858
Professional,7.175367636213747,4,4.87707169794901,2,5,3,5.91825512918143,2,2,1,2,2,0,3.524589523224292
Student,7.6536863642180855,4,6.202924491769528,3,5,3,3.600476551961466,3,3,1,3,3,0,1.0960722764181277
Student,6.438809613204735,3,10.765149239749489,4,3,5,1.920034705132034,4,4,4,3,5,4,0.0
Student,6.761964986386454,5,5.410164180242434,3,5,2,5.109746018883235,0,0,0,2,2,0,6.0829320925913715
Student,8.788720378453904,5,5.720894937566408,4,4,1,6.5501182446181545,3,4,1,1,0,0,4.634672410048739
Professional,7.447134797619989,5,5.696117839479777,4,4,1,6.1050978219329295,1,0,0,2,2,0,5.0967546302558855
Professional,4.778846590301859,2,9.159130038627737,5,3,5,2.3441690422192067,1,0,2,5,4,5,0.0
Professional,6.919214361031322,3,3.489515064702432,3,4,3,5.092769030650269,0,0,0,3,0,1,3.967602228825521
Student,4.654017285663655,2,8.724297660716003,4,2,3,3.7228791846066156,3,3,1,2,3,2,0.0
Student,5.007582808975026,3,9.020770791134954,4,1,5,1.9552103227671016,4,3,3,4,4,5,0.0
Student,8.858348745159924,4,3.5205444913079953,3,5,1,5.202369943851279,0,1,1,2,2,0,7.232097637128292
Student,6.681386848386669,5,4.503660772741233,3,3,2,5.343481421174204,1,1,2,2,1,1,3.0400224732917467
Professional,5.483952476682284,3,8.150519774385693,5,3,4,2.2628583150424504,2,2,3,5,3,5,0.0
Professional,8.028754903736198,4,5.135526899518961,2,3,3,5.613279602406573,0,1,1,3,2,3,2.9042161755653684
Professional,4.160396403837842,3,9.97558282473339,4,2,4,1.4002767316365348,4,3,1,3,4,4,0.0
Student,6.232884533045537,2,7.163076956097891,4,2,3,3.1961874127312933,2,2,1,3,3,2,0.0
Student,5.3946091818519655,1,9.579862981354925,5,3,5,3.590959462658573,3,3,1,4,4,5,0.0
Professional,8.103837361435888,3,3.251192163012534,2,4,3,4.680849736897276,1,1,1,2,2,2,5.0555451161678056
Student,6.76229842968292,5,5.106915777823121,2,3,2,4.342031233217162,0,0,1,2,2,1,2.717745304770787
Student,6.4787535963374605,2,8.22976457013926,5,3,5,1.2337364754124605,2,3,3,4,3,4,0.0
Professional,7.272730742112993,3,4.900303529642569,2,3,2,3.4597648869573474,1,1,1,0,1,0,5.109449410602404
Student,8.114174998701534,4,6.018447922487541,3,3,2,3.514025734568189,1,2,1,3,1,3,0.7421650743366501
Student,8.696288494593881,4,2.415017422918712,3,5,2,7.869425074313393,0,0,0,2,0,0,8.447668219496101
Professional,4.467525282663937,2,10.815029865131168,4,1,4,2.3484190306110126,4,5,2,4,5,5,0.0
Student,6.829617297494073,5,6.111635933724837,2,4,2,5.934668010079468,3,2,2,0,2,0,2.500272920815667
Student,6.000937503810794,2,8.153568350605564,4,2,4,1.0156628877800025,3,2,2,4,5,5,0.0
Professional,7.559370013967227,4,4.431186091576759,2,4,2,4.923792831566658,1,1,1,1,2,0,4.393491283644683
Professional,6.542464969128584,3,8.839049023777887,4,1,4,3.5449518310540893,2,1,2,3,2,4,0.0
Student,8.487328684015788,4,4.0255349901306685,3,5,2,3.8549167493952172,1,2,1,1,2,0,6.749418391798697
Student,6.357526458833423,3,8.081651529586019,3,1,4,3.406122722172972,3,2,3,3,4,5,0.0
Student,7.799701321570905,5,4.228953271453061,5,5,1,6.548539056529497,0,1,0,3,1,0,8.395887446725066
Student,5.264158861325653,3,7.862759729786267,4,2,5,3.4794209735452193,1,0,3,5,2,5,0.0
Professional,5.390246133464215,3,5.621108383043041,3,1,5,1.8224119409285597,2,3,1,3,2,5,0.0
Professional,8.44416484886834,3,3.7647614276235695,3,4,2,5.8930382411483855,1,2,0,2,3,0,6.0981629984058126
Student,5.428187851011221,2,9.510105470765774,3,2,5,2.1095039326766676,5,4,3,2,5,5,0.0
Professional,4.280036233991936,2,9.668617075101817,5,1,5,2.8659095077210135,4,5,4,4,5,5,0.0
Professional,5.4290096264442,2,9.284458407055732,5,2,4,2.0783998964221357,2,1,2,4,3,5,0.0
Student,7.487558583991862,3,3.424266754025999,3,4,2,4.364668987407461,0,0,1,3,0,1,4.138886306277129
Professional,5.511869903605018,3,9.722187581447626,5,2,5,2.977998610871453,3,4,2,5,3,5,0.0
Student,6.883460673484215,4,6.01297604705386,3,5,3,5.765187464967515,2,1,1,2,3,0,3.346115610452041
Professional,5.26529238711629,2,11.4283143474732,4,3,5,1.9956233292422803,5,4,3,3,4,5,0.0
Professional,4.035415652405337,1,8.432720709039387,5,2,4,2.9283592638910227,3,2,4,2,4,4,0.0
Student,8.437833053463411,5,3.6994528541581126,5,5,2,6.07023559556694,0,0,0,4,3,0,6.4233746460415855
Student,5.7389225281763725,2,5.968243517845967,2,2,4,1.755431051361638,1,2,2,4,3,5,0.0
Professional,6.111912978892528,1,8.834349574884316,5,2,4,1.8000266108517953,4,4,2,5,5,5,0.0
Student,8.204749876388497,4,4.680262395467794,2,5,2,5.815471027104138,3,4,1,1,0,0,5.8957205750845585
Student,6.700355497493096,3,4.037078906656478,2,5,3,4.462044995606154,0,1,1,3,3,2,1.8400763411874166
Student,6.7065457461066025,4,6.710193520437219,2,4,3,4.517804465489255,1,0,3,2,3,1,4.030457478306664
Student,6.593345695671127,4,4.49308659958403,3,5,2,4.440997181427125,1,0,0,1,2,0,5.371222888674336
Professional,8.406608152791849,3,6.942895283122549,2,4,2,3.7436589419521873,2,2,0,1,3,0,3.854048055504798
Student,6.813073892996356,3,5.066523893155239,3,3,3,3.995990444479866,0,0,2,3,2,2,2.583081167591151
Professional,5.17410340326255,3,8.507021349275538,3,2,3,2.50063603173359,4,5,2,1,3,0,0.0
Professional,6.195597080397343,1,10.839644503158144,5,1,5,1.3993348396670764,2,3,2,5,5,5,0.0
Student,8.283441751479927,4,4.2634399939238765,3,4,2,3.562240804321601,1,2,1,2,0,2,3.8335819465579295
Student,4.558035980767318,1,11.335723142905604,4,2,5,2.367222508765918,5,4,5,2,5,4,0.0
Student,8.204657670789583,5,3.1350886945690926,2,4,2,4.85535841505456,1,1,0,3,1,1,5.122917791910913
Professional,5.638323959727391,2,10.31629257347815,5,1,4,1.0230731079319357,4,4,2,2,2,5,0.0
Student,7.240055645328624,5,2.5708579389124244,3,5,3,6.947565132015367,0,0,0,2,1,0,4.858599444862552
Student,4.739446389973422,1,7.804810161016972,5,2,5,2.51546228455355,1,1,2,4,2,5,0.0
Student,5.780812234815642,2,10.234913093418744,4,1,4,3.31396961179717,3,2,1,5,4,5,0.0
Student,6.021565037920989,1,9.819064969200838,3,1,4,1.9309640347621129,2,3,2,4,4,5,0.0
Student,6.98667590361045,3,9.534561293391219,4,1,4,2.0446493996737147,4,4,2,2,5,3,0.0
Professional,8.902167762530206,5,5.146126308282433,4,4,1,5.326026364826262,1,1,0,1,3,0,7.48014183768708
Professional,6.141524513218478,2,8.44059297456676,5,1,4,1.0915554257899962,3,4,3,2,3,5,0.0
Professional,8.87891569957608,4,5.219734767789184,5,5,3,7.934524291806943,1,1,1,3,1,2,4.633699382669971
Professional,6.694946418080303,3,5.43895342749231,3,4,3,5.09462548935702,1,1,2,2,2,2,2.6769870519930357
Student,5.419720760318572,3,10.281907985071452,5,1,4,2.148131283628801,3,4,2,4,3,5,0.0
Professional,7.835554262644639,3,5.7214582311486275,3,5,2,4.1636039661980915,1,1,1,2,2,0,4.533837348427559
Student,5.757892962317499,1,10.130411003123328,5,2,4,1.894521959303173,3,2,2,5,4,5,0.0
Professional,4.64202450138275,1,11.66709655813608,5,3,4,3.9293334369742947,4,3,2,5,5,5,0.0
Student,8.058034040724909,4,5.623457656459571,2,5,3,3.634619109392194,3,3,0,2,1,0,4.041209565479588
Professional,5.782233645815446,2,8.775307891486172,2,1,4,1.7108422331348194,3,3,3,2,3,5,0.0
Professional,4.76325858256712,1,6.412024386521139,4,1,3,3.330639479291722,2,2,1,5,5,5,0.0
Professional,8.508067818248321,5,3.2081305464973875,4,4,1,6.46227109542636,0,0,0,1,1,0,6.794524261121332
Student,5.1392908637188395,1,11.611908506932824,4,2,5,2.6594191700168635,4,4,2,3,5,4,0.0
Professional,5.130806311357674,3,5.808313018852637,3,1,3,3.6668897141767434,3,4,3,3,2,5,0.0
Professional,6.715227122949422,3,5.672241162795849,2,3,3,5.847762389450368,0,1,1,3,2,1,2.706726117489252
Professional,7.031956744052199,5,2.484514068289685,5,4,3,7.758308544278384,0,0,2,1,0,0,5.713646902131129
Student,7.948479605930848,5,4.8541036363977685,2,5,3,4.870734033757966,2,1,2,1,0,0,6.3216291329125465
Professional,8.786119824872115,5,4.902786415019278,5,4,3,7.233637155385407,1,1,0,4,2,3,3.3806802889429255
Student,8.346802331324248,3,5.6202977320047545,2,4,3,5.400158120449294,0,0,1,3,2,0,3.1091655777553626
Student,4.527976534890426,2,9.615151199373567,4,1,5,1.6732008000795728,3,4,3,4,4,5,0.0
Student,6.928448038145026,3,8.609149095391748,4,2,3,3.854498853381314,3,2,1,3,3,3,0.0
Student,6.672959975662932,4,6.517974099784597,2,5,2,5.6647076148856605,2,1,0,1,2,0,5.820254342926801
Student,5.744920658112396,3,9.211367462048077,4,1,4,2.804002693533943,2,1,3,4,4,5,0.0
Student,4.844337333931676,1,9.077281521177987,3,2,4,1.767469269899805,1,1,2,2,4,4,0.0
Professional,6.170238672075806,3,9.082836956158864,4,1,5,1.5330840665482073,1,2,3,4,4,5,0.0
Student,4.816632014274488,3,8.629178275417482,4,1,4,1.750453729694316,4,3,2,5,5,5,0.0
Professional,6.384609776394739,1,9.48873081357872,4,2,5,2.283770160592807,4,4,3,4,4,5,0.0
Student,4.779345148189581,1,8.869982031138475,4,3,4,1.3976571998124694,3,3,2,4,4,5,0.0
Student,7.124310509688242,5,6.586479150850621,2,3,3,3.984463858429276,4,4,2,3,2,2,0.4481764752003232
Professional,6.874594095422612,5,5.253171469084123,3,4,2,5.52703101498746,1,2,0,3,2,0,4.033057753200509
Student,7.622150571198639,5,4.299905767646344,4,5,2,7.034379203102439,0,0,0,2,1,0,6.778148254232484
Student,5.41858617856066,2,11.435734039059145,4,1,4,3.83686543334465,5,4,0,3,5,5,0.0
Student,4.326898000839799,3,9.731304343006496,4,1,4,1.2563614544710093,3,4,3,3,5,5,0.0
Student,4.786614639382278,3,9.133480593567754,5,2,5,2.729326970217435,3,2,4,5,2,5,0.0
Professional,5.088417332469643,1,8.161237974755146,4,3,4,3.975661185811505,3,3,2,3,3,3,0.0
Student,6.242291363253447,2,6.106654063138587,3,2,4,2.3348243940192313,2,1,2,3,3,4,0.0
Professional,6.35279370770578,3,5.0453774176828485,3,1,3,1.01052551401433,0,0,2,2,1,2,0.0
Professional,5.800820753323748,2,7.761370038738394,4,3,4,2.5181897483095796,4,3,2,5,3,5,0.0
Professional,6.085695394160176,1,8.682773210010957,3,1,3,1.3537943498078344,2,2,2,3,3,5,0.0
Student,8.635004189167528,4,5.978381424162183,4,4,2,6.443600288344663,2,3,1,2,3,0,3.047257004095219
Professional,6.320460911458021,2,9.408581596262742,5,3,5,3.2138140658061127,2,2,2,5,5,5,0.0
Student,5.99435019564478,3,7.020412999806316,4,1,4,1.4408436516951646,2,2,3,5,3,5,0.0
Professional,7.482582845090448,5,4.563474836107996,2,4,3,4.298225476987119,1,2,2,2,2,2,2.6972662634155107
Professional,6.637089223053511,5,6.636357821086801,2,4,2,3.6815103312821145,1,2,0,1,4,0,4.401581994271752
Student,6.6873315664352955,2,6.9721649188909485,3,2,5,2.311540188215066,2,1,3,2,2,5,0.0
Student,6.3990061115791885,1,10.98801964716693,4,1,4,3.405217998386373,4,3,1,2,4,5,0.0
Student,5.433761204529859,3,6.615974357355185,2,1,5,3.4419218631473933,1,2,2,4,2,5,0.0
Professional,6.070483249554807,2,7.093453377507899,2,2,4,1.4165201371488532,3,4,3,4,4,5,0.0
Student,8.485276351694914,5,4.336976277167104,3,4,3,5.0752906367549615,0,0,1,3,3,1,6.31315863885102
Student,4.886865106735085,2,5.9506614525815085,2,1,5,1.3291202409140752,1,1,4,5,4,5,0.0
Student,4.772945958510714,3,9.478440731086222,5,3,4,2.657266040057478,3,3,2,3,5,4,0.0
Student,5.141229236342955,3,8.216548399741065,5,3,5,2.7847140607005576,3,4,2,5,4,5,0.0
Professional,8.150995394741997,4,4.120283949982454,3,5,2,5.445512387065762,0,1,1,2,2,0,4.4936391881651225
Professional,6.524567500787848,3,7.151039177537298,4,2,5,1.5501314637644987,4,3,2,2,3,3,0.0
Student,7.580875868628777,5,3.8528604863978857,2,3,3,3.4527886218387582,0,0,0,4,2,3,2.6507109478635758
Student,4.04377620353727,1,10.38280761334924,5,2,5,1.983201414519667,4,4,1,5,5,5,0.0
Student,8.660433765901054,4,3.8407730830973885,3,4,1,7.9848743608656525,1,2,0,1,2,0,7.43081831921198
Professional,8.413677675686323,5,5.830333993096616,3,5,2,5.717975304803451,2,2,1,1,3,0,6.731453401955834
Professional,7.721885075939388,4,5.662087979971939,4,4,1,7.4329172930574305,2,1,2,0,3,0,6.5879203265996535
Professional,8.09308455235931,3,6.307748606861067,3,5,3,5.982445768587329,1,2,1,1,2,0,4.805497540652874
Professional,6.852597013296791,5,3.112493877671665,3,3,3,3.8110812972543675,0,1,2,5,0,5,0.2922764427412795
Student,4.782422650388065,3,7.928357433671613,4,3,5,1.7344970143846279,3,3,2,2,4,4,0.0
Professional,6.469368628971912,3,8.164532518928507,4,1,4,3.463457010274328,3,2,1,2,2,4,0.0
Student,7.677572090603607,5,6.712629209647366,2,3,2,3.6401607381687136,1,1,0,1,1,0,3.64776523409328
Professional,7.298779409610148,3,6.574021661955272,2,4,2,5.96366840095118,2,2,2,2,3,0,3.3465966248944734
Student,5.369606079837809,3,8.07526932027055,3,1,3,2.096342850062869,3,2,2,3,3,4,0.0
Student,8.100250975022742,4,6.754602374429883,2,4,2,5.073076460061131,1,0,0,1,2,1,5.5172139349679306
Student,4.865586016479156,1,8.404645784683074,4,1,4,2.1629881699162197,1,1,0,3,3,5,0.0
Professional,8.793447483627471,5,3.9058088072693704,3,5,1,7.3479747418853325,0,1,0,1,1,0,9.616100355693703
Professional,5.6174410420473,3,9.13380316711455,4,1,3,1.022163803012331,3,4,1,3,5,4,0.0
Professional,7.816053366976548,3,4.7754547779482035,2,3,2,4.952154381362101,0,0,0,2,3,1,5.12757078490159
Student,6.708317268838804,3,3.8549739809317893,3,3,2,3.825975911642246,2,1,0,3,3,1,1.744733841970409
Student,7.233953926735959,4,5.76945938630209,5,4,2,5.497500558515276,2,2,1,5,1,4,0.7755435975279074
Student,6.8263034186680365,2,6.502972505509703,4,1,3,1.964205974973533,4,5,2,5,3,5,0.0
Student,7.237887849160099,5,3.8388251146784578,3,4,2,6.936506665515598,0,0,0,2,0,0,6.049827316913228
Professional,7.238593129853278,5,4.889184703677783,2,4,3,4.336023272033017,2,2,1,2,2,1,4.17651486398142
Professional,7.288161264281904,5,5.531357512475632,3,4,1,7.5735391106781655,0,0,1,0,3,0,7.680235054917119
Professional,7.695553578550002,4,4.728716236903315,4,4,2,7.333640525974793,0,1,1,2,3,0,4.246567219331684
Student,8.761190985639526,5,4.814552141604057,3,5,2,7.028830357496204,1,2,2,2,1,0,4.625311980048707
Student,7.464582352738246,5,2.1507355477995524,5,4,2,6.708387222963163,1,0,0,5,0,3,3.6700465594124876
Student,6.913256659243212,3,6.896899948124787,4,2,5,3.9645186976848406,0,1,2,4,2,5,0.0
Professional,7.976082518800735,4,5.070468175590539,4,5,3,7.772026767793096,0,0,3,5,2,3,3.89171496677302
Student,7.793667240611187,5,6.412900968766077,3,3,2,4.012682341266469,1,2,2,1,3,0,3.509874092783953
Student,5.806761781517395,1,9.552799730417805,5,3,5,2.3098449594740633,4,4,3,4,5,5,0.0
Professional,6.98077087114256,5,4.657380158557755,3,4,3,4.715869418243896,2,3,2,4,2,3,0.9153233878158831
Student,6.4613215335317715,1,11.126268991546347,5,1,5,3.982124357548455,3,4,5,4,4,5,0.0
Professional,4.895261148059667,2,11.97496312652369,4,1,4,1.300198209830504,3,3,3,4,5,5,0.0
Professional,7.253178850961074,5,5.977768184842256,3,3,2,3.0789958843919027,0,1,0,1,3,1,3.3441593684691093
Professional,8.345112780921138,3,4.427839502025573,2,3,2,4.587316326456478,0,1,0,2,2,0,4.212677550008659
Professional,8.298958125118432,5,6.189131059058489,3,4,2,3.637888051442941,0,0,1,3,2,0,2.891667818252765
Student,5.980437473356031,2,5.524789138018905,2,1,3,3.054090786785368,2,1,4,2,0,4,0.0
Professional,4.524835094242199,1,8.261841364017664,2,2,4,1.3567324185300471,1,2,2,3,4,5,0.0
Professional,7.701367558525762,3,3.7634323515290506,2,3,2,4.6553240076802895,0,0,1,1,0,0,5.794517459742961
Professional,4.742695159759846,3,6.104755858187772,3,2,4,2.5299444245919718,0,0,1,3,1,3,0.0
Student,4.416116910249803,2,10.920219914722741,4,2,5,1.1530366375252896,4,5,4,4,5,5,0.0
Professional,7.212093671313527,3,4.206277730485821,2,5,3,4.685425975255677,3,2,1,1,1,0,5.694715182671061
Professional,6.744195245802979,5,4.349336088314496,3,5,2,5.100492662534021,0,0,0,1,2,0,4.386970265521501
Student,4.357060737880917,2,11.159212815221137,4,3,4,2.3813830300503387,3,3,3,2,4,2,0.0
Professional,7.348498615717626,5,3.747248464271207,5,5,2,7.544090769534356,1,0,2,2,2,0,4.361847667674699
Student,8.987767389154241,5,2.6893411934098124,4,5,1,5.441879243200248,0,0,1,2,0,0,7.454149221984784
Professional,8.384420339711129,3,4.3748288684206535,2,5,2,4.5202183828991345,0,1,0,4,3,1,4.585040059611347
Student,8.00631612319038,4,5.310567333303951,3,3,3,3.52696180239104,0,0,3,4,3,3,1.4870591311429484
Professional,6.014462480046045,1,10.929670550362887,5,1,4,1.1185216583618645,1,1,2,4,5,5,0.0
Professional,8.199066478656764,4,5.6138779896353945,3,4,2,4.912922189914995,0,0,0,2,3,1,4.272198381997927
Professional,7.519794599921861,4,6.99956225852557,3,4,2,5.616565278932966,1,2,1,3,4,1,2.0623792856029213
Student,6.717484208813051,4,6.482395970940141,3,3,3,4.378163433312126,2,2,1,0,2,0,2.6596119641054674
Student,4.934664688218477,1,5.5494309884160185,4,1,5,3.987399587988574,2,3,1,3,3,5,0.0
Professional,5.23850152759618,1,8.518160180971678,2,1,4,3.8505290137161294,2,2,3,4,4,5,0.0
Professional,4.252324789566072,3,7.205881988769028,5,2,5,2.341210953796045,1,2,2,4,4,5,0.0
Professional,4.524877272623769,3,8.511216568457066,2,1,5,3.2203831306831816,3,3,2,2,4,5,0.0
Professional,8.495450196211921,5,6.459413976571083,3,5,2,4.507923716864001,2,1,0,2,2,0,4.805009621109238
Student,4.456252545604559,2,7.271281827407882,4,3,5,1.681880052624977,3,4,3,4,3,5,0.0
Student,6.740367331425519,5,6.799611663844177,2,5,3,5.125858833622331,1,2,1,3,3,1,3.4387257293249753
Student,8.88485637461989,4,5.049267239907734,5,4,2,6.345777085063522,0,1,1,2,3,0,5.585299996889694
Student,6.413980160781472,2,9.32711062054038,3,2,3,3.2483407959171795,3,2,1,3,4,4,0.0
Professional,7.04577380246038,5,3.6138478796275617,5,5,1,6.557304416600333,0,1,1,2,1,0,4.52327047079992
Student,4.64192640689634,3,10.548334747921551,5,2,4,1.705594448000797,5,5,1,5,3,5,0.0
Student,8.321124100919212,4,2.8720505917312185,4,5,3,7.167380452482108,1,0,3,3,3,1,3.2217637151187652
Student,7.690917028342007,5,4.28864368027879,2,5,3,3.354398902692578,2,1,2,2,1,0,4.833098258731053
Professional,6.1705296488936385,2,6.492369221918919,2,1,4,3.9200424061221013,0,0,2,2,3,5,0.0
Professional,4.110658380368189,1,11.417419690297265,4,3,5,2.0264696614300792,3,3,2,4,4,5,0.0
Student,4.631474943729544,2,7.071379789420259,4,1,4,3.431577353094061,3,2,0,3,3,4,0.0
Student,5.07992658624979,2,10.702007239652838,5,2,5,2.1907732096981887,5,5,3,5,5,5,0.0
Student,7.9287241769376795,4,2.8510430984886406,5,4,1,5.698858018007215,0,0,0,4,1,0,4.716585054286176
Student,7.789082063876636,5,4.352576513667639,2,4,2,5.975853290195794,1,1,1,2,0,0,4.772347374471571
Student,7.86326854740936,4,2.4805729074058496,3,5,2,7.974551842516275,0,0,2,3,1,1,5.178560919603691
Student,7.429540638093096,4,4.03070843966931,2,5,3,5.417915775759818,0,1,1,3,3,0,3.743327100975088
Student,7.684513713464039,4,4.026111810159044,5,5,3,6.90945061141413,0,0,2,3,2,2,3.675318800803245
Student,5.2705622535077765,2,7.905360308239093,3,1,4,3.7461173465981417,3,3,3,3,3,5,0.0
Professional,5.523042074048892,2,9.099571752492878,2,2,4,2.5579794760739616,4,3,1,1,3,2,0.0
Student,5.824672940234417,2,11.568378865471757,5,1,5,2.75716599222502,4,5,1,3,5,5,0.0
Professional,4.608230192040701,2,7.893139502093919,4,2,5,1.4010843777464603,3,3,3,3,4,5,0.0
Student,8.364275053680704,3,5.061787228584455,3,5,3,3.1984828233749036,1,0,2,1,1,0,4.179612713231101
Professional,8.842604345496282,4,3.1023368821473682,3,4,1,7.922170738610456,0,1,1,1,1,0,7.718918447056662
Professional,7.598886979784399,3,3.715208489256013,2,4,2,3.3633346160799054,0,1,1,1,1,0,3.6096036646845957
Professional,4.808482638552092,2,10.003926542264809,5,2,5,3.086814713153456,3,3,2,4,5,5,0.0
Student,7.348224655874219,5,3.311688421308158,2,4,3,4.986858851187594,1,2,0,2,2,0,5.6526170817481765
Professional,7.589623840580451,5,3.321108732998431,3,4,2,3.789711416308659,0,1,0,3,2,0,4.2298748961101245
Professional,8.664984759793027,5,5.9111353607051,5,5,1,6.945162443520578,2,1,0,4,2,0,5.198560021786179
Professional,7.340097708422584,3,5.61149262982956,2,3,3,4.43224253920625,3,4,0,2,1,0,2.8167804105498653
Professional,7.623477065283437,5,3.499101185653972,5,5,1,7.764118020965508,1,1,1,2,2,0,5.995754201243298
Student,7.119480460026864,3,5.7338439680551465,3,3,2,5.186457234916787,0,0,0,1,4,0,4.088996651635702
Student,7.073115890172087,5,4.778104688442129,3,4,3,3.255064728897808,1,1,0,1,1,0,4.3180100109699655
Professional,4.256603320668198,1,11.013182994064312,5,2,5,1.487816811240012,5,5,1,5,5,5,0.0
Student,7.696782127878338,4,6.246639502470335,2,3,2,3.2189867976813886,4,4,0,4,3,2,0.33069289226888543
Professional,7.416482837827575,3,5.933377799664438,2,5,2,5.250117888777316,1,1,0,2,3,0,4.926374943914191
Student,7.052956728251564,4,2.3152491988079107,3,4,2,5.718167164823617,0,0,2,3,0,1,4.976038979101616
Student,7.791065216681667,5,5.19885121456732,2,3,2,3.5895085862191167,1,0,1,0,2,0,3.2652743918228087
Student,4.801208713093987,2,7.924842376631684,2,1,3,3.242228385849339,3,2,2,3,3,5,0.0
Professional,7.696369829453392,5,6.328796064168101,3,5,2,4.340559302284238,2,1,0,1,3,0,4.974749071443847
Professional,6.60766739869802,5,3.873162098968438,2,3,2,3.6608405033907747,0,0,0,3,2,0,5.030884116278069
Professional,8.751047046440936,5,4.465348825162838,4,5,1,5.856346635819195,0,0,0,1,1,0,8.136817966517901
Professional,6.615334302933655,4,4.342908797843334,2,4,2,3.3102907984387593,1,2,0,1,0,0,4.027598432217556
Student,6.878305709093324,3,3.536644877379124,2,3,2,5.4114119118019195,0,0,2,0,2,0,6.177748855890881
Student,4.077554019264939,3,8.5629992267683,4,2,5,1.449077837448148,3,4,2,4,5,5,0.0
Professional,8.486696921270802,5,3.762098116106158,3,5,3,5.961860602343208,0,0,0,3,2,1,4.93553569558595
Student,5.305457260617926,1,6.213501599346509,2,1,5,2.7473938803745503,3,3,0,4,1,5,0.0
Professional,7.06997683723789,3,3.95127399349362,2,4,3,3.936265022222061,0,0,0,1,1,0,5.7860879788803405
Professional,7.060099405847394,4,3.5998272954999986,4,4,3,7.989837665852095,2,1,1,2,0,1,5.181062452959396
Student,6.934940990259264,1,8.529411019541097,3,2,5,1.5919975406242122,0,1,3,4,5,5,0.0
Student,4.180672603497847,2,7.429695956420692,4,2,5,2.8857352465888244,1,1,3,4,4,5,0.0
Student,5.04170307197907,2,5.252027721180165,4,1,3,3.997329943928603,2,2,2,2,0,4,0.0
Student,5.346538484527942,3,7.008519140205281,5,3,4,1.2955608744867795,0,0,2,5,4,5,0.0
Student,5.315835170455261,1,9.909562783419094,3,1,4,1.7293358112745687,5,5,1,1,5,4,0.0
Professional,7.7278492559669605,4,3.5524527165379647,3,3,3,4.311333060713465,0,0,2,3,2,2,3.5947380373345936
Professional,8.57697248892487,5,3.914058358330865,3,5,3,7.582758734590062,0,0,3,3,2,0,5.175529803263764
Professional,5.564633766124211,2,10.253457758166528,4,3,4,2.431704873501968,4,4,3,3,4,4,0.0
Professional,5.3094826712100165,1,8.42796631730714,4,2,5,2.9764581851130503,3,3,1,3,4,5,0.0
Professional,8.351414996393238,5,5.284720281473593,3,5,1,5.340988101790097,1,2,0,4,1,0,5.105402543770153
Student,8.379765482788713,5,3.518588708855896,5,5,2,5.921328956453633,1,0,1,4,1,0,5.7960555373201545
Student,7.858340158526578,3,4.607483208002188,3,5,3,4.660497414955319,1,0,2,2,1,0,3.9940929246736556
Professional,6.784709413050027,3,6.176935542589661,2,3,2,5.7738147456325555,3,4,1,2,4,0,1.859966299864035
Student,7.177196405838853,5,2.0901330638779188,4,5,2,5.554454537592634,0,1,3,3,2,1,3.2232027786214648
Professional,8.08740009342195,4,3.973527455858191,3,5,2,5.751790340994809,0,1,1,1,4,0,4.528800074228863
Student,6.456058248751142,2,7.508795866842759,2,2,4,1.7580185842638316,1,1,3,2,3,5,0.0
Student,8.674014377516762,5,4.002176223387592,5,5,3,6.065163137507137,1,2,1,4,1,1,3.3553378973523564
Student,5.551460679476943,2,6.664809376680295,2,2,4,3.6481440732597594,0,1,2,4,2,5,0.0
Professional,7.472133445446144,5,4.164545406920107,5,5,2,6.24584720833829,1,1,0,4,1,0,4.493141649463509
Professional,7.760627364628275,4,6.205440385439799,3,5,3,4.766250718487274,1,1,2,3,2,0,3.383935161030944
Professional,7.7644757274198355,3,5.3937495338111265,3,5,3,5.623475375033008,1,0,1,2,4,0,4.714269812179227
Professional,8.341366957650271,5,5.673122103982202,3,4,3,5.457703493782963,1,0,0,3,3,2,3.6311069498115605
Student,8.60694168152573,4,3.9224604808188324,4,4,2,5.179722218205969,0,1,1,2,0,0,5.305350230656309
Professional,8.370894459299423,5,5.380214152515988,2,3,3,4.198307370716266,1,0,0,1,3,0,5.206327608027987
Student,4.119709801637878,3,9.207887004487567,4,2,5,2.9554753200748096,3,3,3,3,3,5,0.0
Student,6.917060295841939,1,8.534503949039406,4,1,4,1.0960761884216403,2,1,2,3,3,5,0.0
Student,6.388609796803852,2,9.072516334304156,5,2,4,3.296091217200501,3,2,1,3,5,3,0.0
Professional,5.265590826524805,1,9.444840461453738,5,1,5,3.651474720483714,2,2,3,3,3,5,0.0
Professional,5.309766569897608,1,11.905872116802422,5,1,4,2.5329018371296974,5,4,3,3,5,5,0.0
Student,8.15808636475836,4,5.796817711007325,2,4,2,4.927974060291912,2,1,1,2,2,1,3.9501497132291643
Professional,5.294709800320941,1,7.610557214398929,5,1,4,2.071280510611683,3,3,2,5,4,5,0.0
Student,5.576834558541243,1,10.625863822334882,5,2,4,3.0539806950528745,4,3,1,5,5,5,0.0
Student,7.31074494087567,3,5.686973759837448,2,3,3,5.307408362015533,1,2,1,3,0,3,1.9367618849167065
Professional,7.703124835221718,4,5.213733175536919,4,5,3,6.325081961443007,1,1,3,4,2,2,3.228176445875343
Professional,6.381121145608356,3,9.592511028336645,5,2,4,1.9846681134703021,4,4,2,2,4,2,0.0
Professional,5.819121513294217,2,9.886028985140474,2,2,3,1.907545683981506,3,2,2,3,3,3,0.0
Student,5.3805160300482004,3,6.059515619100013,2,1,4,2.8944381561963746,1,1,1,4,4,5,0.0
Student,6.770818831307789,3,3.169969291676213,3,5,2,4.042869557621803,1,0,0,1,1,0,6.090731456605582
Professional,7.217048630058248,4,3.027360783149226,5,4,1,7.15493028915475,1,2,0,1,1,0,5.934850148487926
Student,6.01833986514778,3,9.490547428337988,5,2,5,3.894716988477583,2,3,3,4,4,5,0.0
Professional,5.217520819761079,2,6.1820049991272885,4,2,5,3.921561535447198,4,4,3,4,2,5,0.0
Professional,8.109369592906104,5,6.3598526943801,3,5,2,4.6419073260664625,2,1,1,2,4,0,5.46021339332022
Student,7.3794451694597685,4,5.536054969450024,5,4,1,5.267877477388083,4,4,0,3,3,0,1.7243160770911814
Student,7.019555319916304,4,3.765232764620552,5,5,2,5.715712476832898,1,0,1,2,1,0,5.445924133342129
Professional,7.27221411828783,5,3.8906784650594037,3,4,3,5.974508500949898,0,0,2,0,3,0,5.886533750961228
Student,8.092859499501486,3,5.472628403939904,2,4,2,5.575747758106886,0,1,1,0,3,0,7.426291332024983
Student,7.636396827570644,5,3.117753108032854,5,5,1,6.2439762279335635,0,0,1,3,1,0,6.712685506164647
Student,7.171760153348767,4,3.936753104284659,3,4,2,6.495637799040922,0,0,1,2,1,0,5.408055125544279
Student,6.926497438125052,3,3.810890898045118,2,4,3,3.2587074952976867,1,2,2,1,3,0,3.674608559817411
Student,8.14641525018979,4,4.598994795084393,4,5,3,5.214018973534202,0,1,3,3,3,2,2.428413975328346
Student,6.136319483045722,3,10.83858218243446,5,1,4,2.386407240328931,4,3,3,3,5,5,0.0
Student,8.072849102666904,5,3.5382924175072072,3,4,2,5.451475888137187,2,3,0,1,1,0,6.092932316705181
Professional,6.804493129180715,3,4.903081799486264,3,5,3,3.0890011615935733,0,0,1,3,2,0,2.8576378952249852
Professional,6.372931112365891,3,5.631370242999581,2,2,4,1.2097305805174932,1,0,1,4,3,5,0.0
Professional,6.951777922819267,5,3.044294169861683,3,3,2,4.968972457312006,0,0,0,1,0,0,5.407976413726508
Professional,5.932626791935148,3,8.505633027515827,5,2,4,1.4771527858088234,1,2,3,3,3,3,0.0
Professional,6.5601819734555855,4,4.596580822231305,2,5,3,5.563944557721663,0,0,1,3,3,1,4.449588475052289
Professional,7.379816105286042,5,5.830848633675286,3,4,2,4.75728287470392,2,2,0,2,3,0,4.494607210374247
Student,4.7454871611648315,3,10.792842973032814,4,3,5,2.746828596107878,2,3,1,3,5,5,0.0
Student,8.181814198657998,3,3.9016818229792087,3,3,3,3.740670370173084,1,1,3,1,2,2,2.833624529304905
Professional,5.8758445693015675,1,7.961862959586687,2,2,5,2.3497254071052005,1,2,0,2,3,5,0.0
Professional,7.72249730904621,5,6.423050711740459,2,5,2,5.159259682769571,2,3,1,2,3,0,5.011878449310659
Professional,4.089306523779776,1,7.5374618665573525,5,3,4,2.1200981469126057,1,1,2,3,3,4,0.0
Student,7.27297444210279,4,3.8941295500308466,2,4,2,4.637566303129914,0,0,0,1,0,0,6.795559125439568
Professional,7.223134307902274,4,4.124010187357684,2,3,3,3.818958513473527,0,0,1,3,2,2,2.159871792459737
Student,7.894556187639948,4,4.16419098052695,2,5,3,5.305180479677154,0,0,0,2,3,0,5.057069022907248
Professional,5.875916272845409,1,8.910500760221845,4,1,4,3.8005903022625755,4,5,2,5,5,5,0.0
Professional,6.320531711297924,2,11.148314940813492,5,2,4,1.1296226820994248,3,2,0,5,5,5,0.0
Student,6.253556491504574,2,11.589713259349955,5,1,5,1.8065906173634758,4,3,3,3,5,5,0.0
Student,4.846535693672834,1,11.233135539194363,4,3,4,3.8191793447173543,5,4,2,5,4,5,0.0
Professional,5.308592193560651,3,10.01951935437695,5,1,4,3.9268948454527064,3,3,2,4,5,5,0.0
Student,8.31961343653372,5,4.837033543257705,3,3,2,5.052548205089579,0,1,1,0,3,0,5.6431851526423715
Student,4.769119519267064,2,11.59204338462355,4,2,4,3.513101904059303,5,5,1,4,5,4,0.0
Student,5.185274771859491,1,6.853661451933178,2,1,4,2.5042470018332414,1,0,2,2,2,4,0.0
Student,5.94095706186208,2,10.473445731417165,5,2,4,3.2468333643917355,5,4,2,3,4,4,0.0
Student,7.904846025725644,5,2.4529415420691016,4,5,3,7.423921058060678,0,0,1,5,1,3,4.512974722255298
Student,8.447315920362163,4,5.042971446599633,3,4,3,3.533093109019285,0,0,1,4,3,1,2.8728344148604363
Professional,7.619620098260905,4,4.7139330871487255,3,4,3,5.195231622664393,1,2,0,3,3,4,2.0124296040519813
Student,8.764066749037683,4,5.613491636775258,3,4,2,5.77226463303853,0,0,1,1,2,0,5.089955823741202
Professional,6.42867022319502,3,9.0700361703155,4,2,4,1.899590349218851,2,1,1,2,3,2,0.0
Student,4.704909813830236,3,6.7626628798889215,2,2,5,2.891175584206625,3,4,3,2,2,3,0.0
Student,7.252877956252577,3,6.872817899577665,3,5,3,4.74852282598225,2,1,1,3,4,0,2.0378584283689154
Professional,8.35571663305532,3,6.151634044721308,2,5,2,4.126022976295891,3,3,0,3,3,0,3.483510461684822
Student,8.27007165948839,5,4.734531760388419,4,4,2,5.595106373582008,2,3,0,2,2,1,3.81542329531841
Professional,5.516671659339806,2,7.653838049204618,4,2,4,3.2016157629887907,3,2,3,2,5,5,0.0
Professional,7.904202170938053,5,3.5047231241090633,3,4,2,3.0786219147600464,0,0,2,5,3,3,2.3035171863440884
Professional,6.920579403568775,4,5.673189649308387,2,4,2,4.203600766849449,0,0,2,3,4,0,4.117281389970847
Student,8.0756016007054,3,6.363909044697637,2,4,3,3.154262257452884,0,0,1,2,2,0,3.481832767975431
Student,6.752846511419296,5,3.510184873995595,3,5,2,3.4484113775724037,0,0,2,2,0,0,4.9842468135086655
Student,7.0592279349823635,5,3.3206258190845026,4,5,2,6.2151188490215175,0,0,2,1,0,0,7.214484351335687
Student,5.912376532901396,2,10.652108965063874,5,1,4,2.7830264953491763,3,3,3,3,5,5,0.0
Professional,8.228041166177613,5,5.895611199573861,2,3,2,3.562422821140922,2,1,3,0,4,0,4.010587276880119
Professional,5.564639584839458,3,7.680113618068499,5,1,4,3.6473057207434354,2,1,2,4,5,5,0.0
Student,7.334470350838698,4,3.5300729568631004,3,4,2,5.369857915041164,0,0,0,2,0,0,6.370762624647246
Student,7.309668605839318,3,3.1469875257278677,2,5,3,3.4601866364300737,0,0,3,1,0,0,4.205049887125332
Professional,8.098331964715504,5,3.4847356026467047,3,4,3,7.564749774580828,0,0,2,1,1,0,6.590225486992507
Professional,6.243520685124654,2,7.04638149660008,3,1,4,1.4273033618763051,1,2,1,4,4,5,0.0
Student,5.691839663432614,1,6.388907134342745,2,1,5,3.2175528381184044,2,1,4,3,1,5,0.0
Student,6.866341270969296,5,4.022740467226553,3,3,2,4.625918728550989,1,2,2,1,1,0,5.625710223233685
Professional,6.4044087632527695,3,6.5272006618770355,3,2,5,1.3985675033762741,2,1,3,3,3,4,0.0
Student,7.842459017339884,5,2.830141179409639,4,4,1,7.51374349208141,0,1,0,1,0,0,6.747257342926281
Professional,8.973466369468175,4,5.176827515094772,4,4,3,5.047442391835578,1,1,2,1,2,1,2.814092052222114
Professional,4.947090952293625,1,7.068690284921808,4,1,5,2.2148257248484016,2,2,2,4,3,5,0.0
Professional,4.003605624962393,2,10.953538958040125,5,3,4,3.5798329119015384,4,4,2,4,5,4,0.0
Professional,6.565059514572988,5,3.396030164003141,2,4,3,3.4825252047542357,0,1,1,2,0,0,4.415605127841376
Student,7.421948462310088,5,4.83923988835549,2,4,2,4.83938843560999,1,1,2,1,2,0,4.342135005894776
Professional,7.628986814487445,3,4.96667593577393,2,4,2,3.7394549295068993,0,1,2,0,3,0,5.775131746365649
Student,6.58519188251239,4,4.843299055594926,2,4,2,5.320332381049132,1,0,0,2,3,0,3.08377383104174
Student,5.52975767879505,3,7.832613396291184,5,2,4,1.3884425339345632,2,2,3,3,3,4,0.0
Student,7.203991104440275,5,3.8721508626691192,5,4,3,7.888498578858118,0,1,2,3,1,2,4.676198733167477
Professional,4.422413811679331,3,10.705178741083408,5,1,4,3.713481087251964,4,4,1,3,5,5,0.0
Student,8.402884449489004,3,5.9431497345942645,2,4,2,5.225858179261894,2,1,0,1,1,1,6.0529001091526515
Professional,6.407666776693694,3,5.488488354688279,2,1,3,3.6587985971675794,0,0,3,3,4,4,0.23127468678886953
Professional,4.9360119313630015,3,5.136337399695994,4,2,4,1.5962589158180192,0,1,2,4,1,5,0.0
Student,7.758341877711762,4,5.625456948182194,5,5,2,7.7867387971205595,1,0,0,1,4,0,7.815957774872571
Professional,4.505118277134205,2,5.591557063580198,2,1,3,3.560487415565592,2,2,1,1,3,4,0.0
Professional,5.283656985371994,2,11.786229341707754,5,3,4,3.242677963607575,4,4,3,4,5,3,0.0
Student,5.548428171779555,2,8.402800006652114,4,1,4,1.965336085414783,3,3,3,2,4,4,0.0
Student,7.5408654600570335,3,3.103589661608852,2,4,2,4.338724085105499,0,1,0,1,2,0,6.102496182346922
Student,5.364651764745233,1,7.355847395352799,5,3,5,1.1972212073186617,4,4,3,4,3,5,0.0
Student,7.608788057292948,5,5.373557624682265,2,4,2,3.378018515636824,2,3,0,3,3,0,3.5941696415857387
Student,8.49671602605827,4,4.790970725749499,3,5,3,4.18065285046101,0,0,0,2,3,0,5.012775801358185
Professional,7.798613765951087,4,3.1505483590077126,2,4,3,3.2228374523926693,1,0,1,1,2,0,4.116325456671106
Student,8.70998455198868,4,4.235537004534437,3,4,3,6.9335542735642175,1,0,1,4,2,3,2.8364906619282535
Professional,7.629112910638832,4,5.880614271686066,4,4,3,5.875225407844322,1,0,1,2,1,1,2.759957455619496
Student,6.023846515047995,1,7.577696282355446,5,3,5,1.4961884723244765,2,2,2,5,3,5,0.0
Student,7.5367831831322505,5,5.56339449113711,3,5,3,4.647977007036068,2,1,0,1,1,0,6.341049947664078
Professional,5.443394186408501,3,7.231271894665984,2,2,4,3.0103338047350645,0,0,0,3,2,5,0.0
Professional,8.068670495248787,4,5.974548710433547,4,5,3,6.778407676069703,2,3,1,4,3,1,4.237467930293798
Professional,4.637736082996585,1,9.25190661572837,4,2,5,3.397281163638191,3,3,2,5,5,5,0.0
Professional,8.74644618497768,5,3.332233826652406,4,4,1,5.819083630185034,0,0,0,3,1,0,5.995590527864835
Professional,7.223218137068583,5,5.3331585201228116,2,5,3,5.602216858777281,2,2,1,3,2,0,3.7412828731611696
Student,7.081902136588557,3,3.290977990564486,2,4,2,3.0482841345216736,0,0,0,2,1,0,4.68954273856521
Student,5.84989857969514,3,5.866539858348695,4,2,3,3.0999103305392843,0,0,0,3,2,3,0.0
Student,7.017584201330649,4,3.467785562195676,2,4,2,3.9181918465608225,1,0,2,0,1,0,4.429097585562114
Professional,4.311899640064867,3,10.743363946376236,4,3,4,3.0669776183006356,4,3,1,3,5,5,0.0
Professional,6.649925644271403,2,5.000467969291361,2,1,4,3.296667163123783,0,1,1,2,1,5,0.0
Student,8.706014960159042,5,5.945319917330623,3,4,1,5.819751640133216,2,1,0,1,3,0,8.262273209813323
Student,7.4429110617022705,3,6.840744062489435,3,4,2,5.753626743355938,4,4,0,3,2,1,3.454361585336999
Professional,8.23848474583038,3,6.988523463818135,2,3,2,4.437063169658912,1,1,2,1,5,0,3.073986354637714
Professional,7.247418209012862,3,6.343823597984359,2,4,3,4.75355935814449,1,2,2,2,2,1,2.49411360288168
Student,7.264928801346382,4,3.180401299516998,5,4,3,5.302725012937682,1,1,1,4,2,3,2.5617887590287722
Student,5.088643118976251,1,9.915544172116249,4,3,5,1.6857055709495115,4,5,3,3,5,2,0.0
Professional,7.605001291829952,4,4.241123317816358,2,3,3,3.3389721326213153,1,0,0,1,2,1,3.0475202310202736
Professional,4.6241951725626675,3,9.640476904387892,2,2,3,3.7898750767361147,3,2,3,3,3,2,0.0
Student,5.091817932701787,1,10.79033391586018,5,2,4,1.5921699372537814,2,3,3,5,5,5,0.0
Student,7.155891585926106,5,5.4012458616476815,3,4,3,5.886825109325745,0,1,3,4,5,2,2.2550184761943366
Professional,5.692904324166419,2,8.526075520371908,4,2,5,1.9022411473492118,1,2,2,4,4,5,0.0
Professional,8.604483529796198,5,2.809956956470811,3,4,3,7.744724512028853,1,0,0,2,0,1,7.138270915613154
Professional,8.448128782091988,4,5.8060022110149925,3,5,2,3.110883852148505,1,2,0,2,1,0,5.070092019186469
Student,8.184354658986534,4,4.809008699346373,2,4,3,5.355536323912027,1,0,2,2,2,2,4.100423347719338
Professional,4.680354592991583,2,7.000637251227536,4,2,5,3.5306147358246056,1,2,1,4,3,5,0.0
Student,5.404192863564788,3,8.680230920070153,5,1,5,2.5032446575811202,3,3,3,5,4,5,0.0
Professional,4.325353326269208,2,8.65129618499752,4,3,5,2.240045921489644,3,3,2,5,4,5,0.0
Student,6.1549297354549495,1,7.266355817066215,5,3,5,2.1693787554502313,1,0,2,5,3,5,0.0
Student,8.156860360032162,5,6.7642276396869185,2,4,3,5.776071892339993,1,1,1,2,2,2,5.56309023492238
Student,6.696755709493525,4,6.184396269648349,3,3,3,5.9438943139266325,2,3,2,3,4,4,0.0
Student,4.942904013217057,1,9.805024268139903,4,3,4,1.36183981947676,4,4,2,2,5,2,0.0
Professional,7.6313089556064435,4,4.240009971519644,2,5,3,5.019688864676149,0,1,2,2,3,0,3.4567267560498802
Student,7.078068862183379,3,3.9596572128879295,2,5,2,4.934194781468364,0,0,1,1,1,0,7.514087846235578
Professional,6.663205755209036,2,5.8963975482575615,4,2,4,3.5128411119252956,2,2,2,2,3,4,0.0
Professional,6.606005394256542,3,8.320911597178185,4,2,4,1.513376013246416,3,4,3,3,3,5,0.0
Student,8.563097777879852,5,4.01752784327412,5,5,2,5.4000451949533765,1,0,0,3,2,0,5.757834512348798
Professional,6.532995431717746,1,9.415389804588361,2,2,3,2.681529285463566,2,3,2,2,3,5,0.0
Professional,7.411784326672671,3,4.986751084040481,3,4,2,4.984341746626447,0,0,0,1,1,0,5.084586924039095
Professional,5.761216431680817,3,5.925516363777531,3,1,5,2.0301345236347768,1,1,1,4,3,5,0.0
Student,7.420935432858249,4,5.432476940012275,2,4,3,3.7515187763094087,1,2,1,3,3,0,3.2887601561583084
Professional,4.6288313205854905,1,5.7676165216367785,2,1,3,2.40366942395864,1,1,0,1,3,3,0.0
Student,4.716796931358931,1,5.993226026831061,3,2,3,3.7152831128901838,2,1,0,2,2,1,0.11705589039406761
Student,8.662078023638449,5,2.979283400668749,4,5,1,7.954961208264133,0,0,0,1,0,0,8.835570678918184
Professional,6.59323156537946,2,5.540815901492498,4,1,3,2.158942052378828,2,2,1,3,2,5,0.0
Professional,5.389255789238179,3,11.167918624496735,5,2,5,3.1975926839623385,5,5,1,2,5,5,0.0
Professional,8.430568295910442,4,3.1715021234281067,3,5,2,4.48420622220651,1,0,1,2,2,0,4.838066552780221
Professional,6.403335565819043,1,9.07780471607957,4,1,5,1.1192841267813727,1,2,2,5,5,5,0.0
Student,6.054811867954616,3,9.13806278496913,5,1,5,2.0804503513034773,4,5,2,4,3,5,0.0
Professional,7.369006764057248,4,4.307258409522522,3,5,2,5.063554198228841,1,2,0,1,1,0,5.80983040293846
Student,8.614097727314064,4,4.910275712372178,3,4,1,5.312248127161193,0,0,0,3,3,0,7.345409929046326
Student,5.71532586861703,1,9.584493483091425,4,1,4,1.230706754904519,2,2,0,3,4,5,0.0
Student,8.452618729591228,5,6.2303043770284505,2,3,2,4.550519741341291,0,0,1,1,2,0,5.482135835038262
Student,8.321167084782255,5,4.3538364912886625,5,4,3,7.1442607121181325,0,0,2,3,3,0,4.490271678376227
Professional,5.9167300611031415,3,8.477980030143938,2,1,5,1.4667088730069135,3,4,3,3,4,5,0.0
Professional,6.6493183649768355,2,8.076677876732985,4,2,5,2.4280837835922098,3,4,3,1,2,3,0.0
Professional,6.306499349958708,3,5.514829729112256,3,1,5,3.9661462330822057,1,0,2,4,3,5,0.0
Professional,5.707520377154497,2,9.932241939604651,4,2,5,1.8904223403573184,3,2,4,4,4,5,0.0
Professional,5.850317315500561,3,7.242652066994131,3,1,5,3.7629647482283213,1,1,3,4,3,5,0.0
Student,7.721504834039201,5,2.888799748374584,3,4,1,5.338928470139832,0,0,0,2,1,0,6.349577372438661
Professional,7.958453860155225,4,4.834721115553108,3,5,3,4.376750468008649,0,1,1,2,4,0,4.741423146800422
Professional,4.5105009304641674,1,7.619991304174423,4,1,5,2.6280069998234197,2,2,1,4,2,5,0.0
Professional,8.144305382527149,4,3.5608253586103498,3,5,3,5.1595163232485755,1,2,3,3,3,2,2.1295141440396943
Professional,6.6851694112174265,3,3.4718637329561424,2,5,3,5.237205732279104,0,1,1,2,2,0,2.619509583856761
Professional,7.351933284891128,5,2.883880968867641,4,4,3,6.6412938439295495,1,0,1,4,0,3,1.6877610704955344
Student,8.592799054260547,4,2.543654204192255,5,4,1,7.706522359386204,1,2,0,1,0,0,6.443506737172193
Student,7.540179691042202,4,3.3431479216024065,2,4,3,5.368808762670439,0,0,1,0,1,0,6.504761863815644
Professional,6.076610181153633,2,11.35032676868755,5,3,4,2.5027934283114184,5,5,2,5,5,5,0.0
Professional,8.435207712249882,4,4.699070291026512,3,5,1,5.554317893417764,2,1,0,1,0,0,6.639505694493886
Professional,6.0433867510091055,1,7.950289022355896,4,2,4,1.7257808679571374,3,2,0,3,5,5,0.0
Professional,7.372567782336326,5,3.473320259366412,2,5,2,4.374065608101873,1,1,3,0,0,0,6.099498695810916
Student,8.45996476367304,3,6.767045772960648,3,3,3,3.7784220775650343,1,0,0,2,2,1,3.664442249350339
Student,5.766359078656858,2,11.009896195377788,4,1,4,3.2415657642410456,4,3,1,2,4,5,0.0
Professional,6.747352312082003,1,7.862940252595777,4,1,5,2.7760384378611125,1,2,2,5,4,5,0.0
Student,7.151145132135435,5,4.437020506811452,2,4,3,3.0779790280297585,1,1,1,1,2,0,3.6396120224236133
Student,8.084517214952307,4,2.4082846145101455,5,5,3,5.712306077855269,0,1,2,5,0,2,3.2879380277271606
Student,7.255166401636062,4,5.580456936720678,2,3,3,5.073987471325525,1,1,1,0,3,0,5.333882203014343
Student,7.245598363280453,5,5.081993686013014,2,4,2,4.713839112916604,0,0,0,1,2,0,5.664992029328787
Professional,6.949815533950493,1,9.203807689135228,3,1,3,2.60177034097322,3,3,2,1,5,1,0.0
Student,7.0088488769878055,4,2.6195956470331945,3,5,2,7.3735160999029015,0,0,3,1,1,0,6.714918292266058
Professional,8.041261966737942,4,6.541158961403506,3,5,2,4.500819092504846,5,5,0,4,4,1,2.125309476920253
Student,6.490893654286982,1,10.654232417681808,4,2,5,1.6035367065051327,3,2,2,4,5,5,0.0
Professional,7.396828947905777,3,6.348640815361781,2,4,2,3.3236835644829483,1,1,1,1,5,0,3.8655749689456655
Professional,5.8979600025753625,1,10.097094260459937,5,1,5,2.657500710936087,3,2,3,5,5,5,0.0
Student,7.303462879847854,4,3.5022235565432664,5,4,2,5.578034626960347,0,0,1,4,2,3,3.367064823603152
Student,8.216106240699117,5,3.699414132455717,3,3,3,4.415946255726987,0,0,1,3,2,2,3.0942173321928967
Student,6.9745466143163,3,5.235397180798567,2,5,2,3.088215231541358,1,0,2,0,1,0,4.849058341249299
Student,6.252809108243765,2,8.700325955803294,5,1,4,2.8186410696151443,3,3,3,4,5,5,0.0
Student,6.394177522795554,1,7.085184060337597,4,1,5,2.061182984756801,2,1,2,3,1,5,0.0
Professional,6.117596012542695,1,8.684177297999362,2,2,5,3.5685676085352687,4,3,2,3,5,5,0.0
Student,8.372126152004851,5,4.8063058143356,3,5,3,4.643158713964811,2,2,1,3,3,0,3.8001705393893515
Student,7.276679003613815,4,4.156335065613084,4,4,1,7.461334880060148,0,0,0,2,1,0,5.131513761378012
Professional,5.97125123924105,2,10.862103190120205,5,3,4,2.6845782750308844,4,3,2,5,5,5,0.0
Student,4.509620326122606,2,8.350306304795364,4,3,4,1.7439155042172994,5,5,3,4,5,4,0.0
Student,8.731873246153127,4,5.329974799494385,3,4,1,6.07650333170775,0,1,0,4,3,3,3.3039875275266564
Professional,4.9728751008876415,3,6.779618583807471,4,1,5,1.8798103648559639,4,4,2,5,3,5,0.0
Student,6.433649712532617,2,8.890805932473672,2,1,3,1.2031907289130803,2,3,1,3,4,5,0.0
Student,4.329774981809276,3,10.908761550899719,4,2,5,1.5604591405909276,3,3,3,2,5,5,0.0
Professional,4.869656623795148,2,8.18687495079177,5,1,5,2.195444208456937,4,4,3,4,5,5,0.0
Professional,8.794389605257077,5,2.8202051672810393,5,5,3,6.391669003378729,1,0,0,3,2,1,7.354408085169552
Student,6.9803204678924695,5,3.864048533870913,2,3,3,5.691383571407092,0,1,1,2,0,2,4.657706428746332
Professional,4.461260449737834,3,11.416710043902032,5,1,4,1.4828197301860078,4,4,1,5,5,5,0.0
Student,5.122698362418522,1,10.964925951853534,5,2,5,2.573342435562546,3,3,5,3,5,3,0.0
Professional,8.760788053075386,4,4.929561083352031,5,5,2,5.657967520946127,2,2,2,5,1,2,2.745054711883914
Professional,6.570270674124556,3,4.844487537508373,2,5,2,4.2419681791146155,3,4,1,1,2,0,4.034312883994854
Student,7.721261630456247,3,4.272240281943542,2,4,2,5.956995680717755,1,1,0,2,3,1,2.8705712104420176
Professional,6.696869235575356,3,6.075982402697479,2,1,5,2.5639202956907847,0,0,3,4,2,5,0.0
Student,6.693702315766326,4,6.595710349003701,2,4,3,3.2908443693253275,1,0,2,3,3,4,0.031567342603098125
Student,6.433712279552033,3,7.768101906854611,5,3,5,1.9638913557928637,0,0,2,5,2,4,0.0
Professional,7.99671157649072,5,6.761358102949515,2,4,3,4.096222029748899,2,1,1,3,3,2,0.6190913676486998
Student,7.133028323352826,4,5.566321918910776,2,5,2,5.522085993870519,0,0,1,0,2,0,6.937518456893711
Professional,8.456837044111053,3,6.242795558308898,2,4,2,4.640200309970147,2,2,1,2,2,0,3.415642927668288
Student,7.555849891564052,5,3.8072276596124883,3,4,2,5.823418855351862,0,0,0,2,2,0,5.952079036254804
Student,5.93769636176348,3,8.959138912771014,4,2,3,3.38260203477215,4,5,2,2,5,3,0.0
Student,8.078136928059056,4,4.781280633359645,3,5,2,3.7421224557672925,1,1,2,3,1,0,5.7717728688460435
Professional,4.8555047981059545,2,5.210776101754767,4,2,3,2.807981280050428,0,0,1,4,3,4,0.0
Student,5.603733253987573,3,8.066453511879708,5,2,4,1.4139495141528695,2,2,2,4,3,5,0.0
Professional,4.905618076092124,3,10.72450267482899,4,2,5,3.9250144800527837,5,5,1,4,4,5,0.0
Student,4.2725199655017745,2,9.00771917217805,4,3,5,1.9602575568160248,3,3,3,5,5,5,0.0
Professional,5.214207681615864,2,7.466310224231621,4,1,4,2.3081002377924484,3,2,3,3,4,5,0.0
Professional,7.997865792733226,5,4.993363658582134,3,5,1,6.668006828366975,0,1,0,1,1,0,7.799967720516416
Student,7.735275634375576,5,6.204824024208392,3,4,3,4.742891754037689,1,0,1,2,4,2,2.3535425882218477
Student,5.950898104630877,2,11.133180763471533,4,3,5,2.333157063519831,5,5,2,5,5,5,0.0
Student,6.923950885117049,1,7.495992426207765,2,1,3,2.2034970912037584,2,1,3,2,4,5,0.0
Student,6.7731534866702505,1,7.832664827977165,4,1,3,3.886596343937605,1,2,2,2,3,2,0.0
Student,6.690543643161842,1,7.031970370856503,2,1,4,3.233407644618832,2,2,3,4,4,5,0.0
Student,4.185829496669417,2,10.192771754843214,5,3,5,1.4127205006964272,4,4,2,5,5,5,0.0
Student,8.531066792435011,4,4.140673216078194,4,5,2,7.0828863227459475,1,0,0,5,2,2,5.512389586122893
Professional,5.386570423165364,1,11.594760300353922,4,2,4,1.567881922193242,4,5,3,5,5,5,0.0
Professional,6.343934104358641,1,9.591742993237569,5,3,5,3.6826266305232407,2,2,4,5,3,5,0.0
Student,7.740140552897975,5,3.370359810827784,2,4,3,3.2130723837480435,0,0,2,3,1,1,3.9764999511840853
Student,4.929277764483574,2,8.22648116053097,5,3,5,2.922538698689325,5,5,2,5,4,5,0.0
Student,7.114570454671407,4,3.8355589050658203,2,5,2,4.296906352872135,0,1,1,2,1,0,6.733461971860827
Professional,8.321805453715475,4,5.448537831633045,2,4,2,4.677954026848791,1,0,1,1,2,0,4.725771866925119
Student,6.7505100590150535,1,6.367031472519651,3,1,5,2.3599133328065167,2,2,2,4,3,5,0.0
Professional,8.364707588649974,4,3.0153859031219765,3,5,3,5.072624830713946,1,0,2,2,1,0,4.620185196912031
Professional,8.396043675816385,3,3.989066203081142,3,4,2,4.536830915173891,0,0,2,1,1,0,5.071828135715761
Professional,8.24686534617375,4,5.533212158532521,3,3,3,5.253022567421665,2,2,2,2,2,1,1.0396293335423166
Professional,5.178172106041568,2,7.367892601679493,3,1,5,2.003174782203608,2,3,2,3,5,5,0.0
Student,5.230379922809316,2,10.549018920229372,4,1,4,1.078733460976698,5,5,2,2,5,4,0.0
Student,5.4001349500374385,1,10.445407941183095,4,1,5,3.910705465583543,4,5,4,3,3,5,0.0
Student,6.302112658392341,3,6.897561048112936,3,1,5,3.5646352479252332,2,3,1,3,4,5,0.0
Professional,6.49844174546663,2,8.626165801615311,2,2,5,3.013663070290025,2,3,1,3,5,5,0.0
Student,7.3020553334224765,5,3.68535182633232,2,5,2,5.50745285465208,0,0,1,0,1,0,6.959401931725212
Professional,7.937820970363627,5,4.978070474450503,3,4,2,7.733043316008147,2,3,2,3,2,0,3.5710859352759288
Student,7.711018710055988,5,4.211603302778894,4,5,1,5.478650734543534,0,1,1,1,2,0,5.065046988025482
Student,8.490058580616731,5,5.933415124535147,3,5,2,5.25283885363372,2,3,4,3,3,0,3.2046059533690605
Professional,7.029363684413367,5,5.20234787016112,3,3,3,4.222692936714392,2,1,2,2,1,2,1.6503445159887653
Professional,5.425860505369215,2,7.031237833367812,3,2,3,3.9492446269083565,3,2,0,3,3,4,0.0
Professional,6.037737129123944,1,10.325782619528066,4,1,5,2.438825648442108,3,4,0,4,5,5,0.0
Student,7.0645956567660235,4,6.563101803132376,2,3,3,3.9982165020678777,1,0,1,2,3,1,3.0188403839222366
Student,5.404135363414903,2,10.069385099980149,4,1,4,2.7091521798957885,3,3,1,3,3,5,0.0
Professional,6.683613836592955,3,3.487229728953687,2,3,2,4.894947187208299,1,0,0,4,2,3,2.555962008928611
Student,6.623659638728418,4,5.271476524799189,3,3,2,3.0651123658379866,0,0,1,1,2,0,2.844482273019505
Professional,8.199165294156495,5,2.1185050915471804,3,5,2,5.849442768603096,0,0,0,2,2,0,6.495585033968903
Professional,6.517796813363981,3,5.074900354907859,3,3,2,3.8327435637293656,0,1,1,2,2,0,2.6517912655861635
Student,6.280401374002369,3,9.947887023291607,5,2,5,1.3852440873863185,3,4,2,5,3,5,0.0
Student,4.238564801606442,2,11.817433911733577,4,1,4,2.7550468232528837,3,2,2,3,5,5,0.0
Student,7.200279507957182,5,5.886882045507951,2,4,3,4.288062867152863,1,0,3,1,3,0,3.7202393424754607
Student,5.9265052834742855,3,8.292227014501385,4,1,3,2.3980226463249923,3,3,1,1,3,3,0.0
Student,8.429973647245841,4,6.074112219991052,3,3,3,4.046247090720392,2,1,0,3,3,3,2.1080592291857583
Professional,7.223348528927159,4,4.933575330170759,3,4,3,4.521426585700429,1,2,2,1,2,0,2.4471864492280773
Professional,7.039108536645907,5,5.74429415167196,3,3,3,3.939288100484095,0,0,0,2,1,1,4.366494071770868
Professional,7.191504454021412,4,3.041779126669478,3,4,3,4.715741880395276,0,1,2,2,1,0,4.407842702811761
Professional,7.0670944530227375,4,5.367043446248746,3,4,2,4.801063323560589,0,1,0,2,3,0,4.436997898034467
Professional,7.761326533861997,5,3.80558089064143,3,4,2,7.683745722978123,0,1,1,3,1,0,6.210894473047629
Student,4.67737282312597,2,9.684467290045259,3,2,5,1.7238903374107175,5,4,2,4,5,5,0.0
Professional,7.999340718483819,5,5.675056918651716,3,4,2,5.930933014141617,2,2,1,2,2,2,5.356593262206424
Professional,8.212487645685764,5,4.149733021713406,5,5,2,6.6842262134647665,0,0,0,3,2,0,6.170374953523343
Professional,8.106514678486569,5,4.621453010106286,5,4,3,5.774643831362878,0,1,1,2,3,1,2.8525114523084047
Professional,5.307669165869616,1,9.086901977600178,3,1,4,1.5597554959081352,5,5,1,3,2,5,0.0
Student,6.348561022272264,1,11.587741922443819,4,3,4,3.3385349178325074,5,5,0,3,3,3,0.0
Student,7.9211640070246805,4,4.9935628403278205,2,4,2,3.262443566331426,0,1,0,0,2,0,6.030632152488143
Professional,8.370138272851687,5,3.883439258172089,3,3,3,5.829757513975634,2,1,1,3,2,4,2.571121369743591
Student,8.321977390289625,5,4.949357263008092,3,5,3,7.822694840092211,3,2,0,1,1,0,6.002801279509048
Student,4.7338774565565105,1,6.9749223764845905,2,1,4,2.500404293509787,3,2,3,3,3,5,0.0
Student,8.122708302114772,3,4.85106408956468,3,5,3,4.127463971479496,0,0,1,2,1,1,3.54092808516038
Professional,4.730510580873535,3,11.81007988493397,5,2,4,2.557591620999075,4,4,3,5,5,5,0.0
Student,5.199301645603921,2,9.443431639835076,2,1,3,1.8194471159258039,2,3,1,2,5,4,0.0
Professional,6.416791309531913,2,8.903805996556803,2,2,3,2.530116460080558,5,4,1,1,5,2,0.0
Professional,6.142998716851606,1,9.974063029872362,2,2,5,2.6909934420873194,3,2,2,3,4,5,0.0
Professional,7.068975172863935,5,2.250006793507156,4,5,1,7.795419432809168,0,1,0,2,1,0,6.018564395642924
Professional,5.03135931413377,2,10.825624905797525,5,1,4,1.9689818545543183,4,4,3,3,5,5,0.0
Student,5.641301946482828,1,7.60695123519621,4,1,4,2.3844158676842655,2,2,1,3,3,5,0.0
Student,7.336300728026147,4,5.991213687176715,5,4,2,6.732237921982513,0,0,2,4,2,3,2.570993886398303
Student,6.7611321329072185,3,4.195767511721771,2,5,2,3.1525692711860316,0,1,1,1,3,0,3.611631594802758
Professional,4.230987282979398,3,8.752470376049471,5,2,4,3.4295162233640935,4,4,1,4,3,5,0.0
Student,8.710485625646923,5,3.5359283116456752,5,4,1,5.025113499447842,1,1,0,2,2,0,4.702149453932009
Student,7.814483120272347,3,6.778440863975079,2,4,3,5.050361898604248,3,2,1,2,3,0,2.3924940713792253
Professional,7.179674818955769,4,4.309770726061105,4,4,2,5.954632815582998,0,0,1,1,3,0,5.728721867456399
Student,5.718883071474284,2,9.371177985049231,4,2,4,3.5507200827874335,2,3,2,3,5,5,0.0
Student,5.6417011401143915,2,7.6217431326061496,4,1,3,1.508675653920363,3,4,2,3,4,4,0.0
Professional,8.315687543936793,5,3.6910435557907904,3,4,3,3.0320105977789638,1,0,1,4,1,3,1.6292460101643993
Professional,7.0244937677757004,5,3.2689224488931448,2,5,2,3.14504649453654,2,2,1,1,1,0,5.546675654769929
Student,8.353076530367034,5,4.509566735596609,4,4,1,5.516352603219551,0,0,0,1,1,0,6.362057553837348
Student,7.998860998550871,5,4.7424051671422,3,5,3,3.396498319124579,0,1,0,3,2,0,4.349459202749851
Student,7.939006353869994,4,4.238322564032529,5,4,1,6.153484923104404,0,0,1,2,2,0,4.862833002225857
Student,8.68065519602723,5,5.287988424514145,3,5,3,6.789821836410717,1,2,1,2,3,0,4.415353372325023
Student,6.52349379044626,4,6.035105557555221,2,4,3,3.193956988864642,1,0,3,1,2,0,2.876065668562439
Professional,5.309192430157447,1,10.121915710820579,5,2,4,3.016188142633694,4,5,2,4,5,5,0.0
Student,5.490584010932245,2,9.811970671284742,4,3,5,3.2066154884498435,2,2,3,5,4,5,0.0
Professional,5.327982541874592,2,11.091591101987419,5,1,5,3.63279147357439,3,2,2,4,4,5,0.0
Student,4.868277894486422,1,8.76352072239482,2,1,3,3.7584723374292004,2,3,2,1,3,1,0.0
Student,6.689476571187082,1,8.800287677426576,4,1,5,1.1499709089792503,3,2,2,5,5,5,0.0
Professional,8.84945899780701,5,2.6985914276561505,3,5,2,5.766553488445991,0,0,1,5,0,2,4.276183716567035
Professional,8.03221846597118,5,3.729935784690816,5,4,1,6.472408083275406,1,1,0,2,1,0,6.918506444986146
Professional,5.343441118371995,2,9.029167518159015,5,1,4,1.2267713823680109,4,4,3,3,4,5,0.0
Professional,4.567719725742824,3,7.458113268938252,2,2,3,3.0332017531583317,1,1,2,0,4,0,0.0
Professional,7.559963427980339,4,5.889510211964135,5,5,1,6.5395280426265,2,1,1,3,2,0,5.2528945306158965
Professional,8.484584447164929,5,5.22020321393069,5,4,2,5.323400422687182,1,1,1,4,2,3,4.0674918744599635
Professional,6.6331436483560555,2,7.547146743951901,4,2,3,2.863380012489027,2,1,1,1,3,1,0.0
Student,8.272326605343395,3,3.842084670092537,2,3,2,4.4155549012547795,0,0,2,1,1,1,4.930355563270524
Professional,5.607655828634061,2,9.75362153512193,4,2,3,3.357828386063649,4,5,0,3,5,3,0.0
Student,7.2431145476922385,4,4.537958498249184,2,4,3,3.528509248223999,2,3,1,2,1,0,3.2294707373867086
Professional,8.382501180727315,3,4.503536562164772,2,5,3,3.3430297258190302,2,3,1,2,2,0,4.088675672401871
Student,8.137157401281648,5,6.044038521468409,3,4,3,3.256861313447345,0,1,1,3,3,0,2.2828167736652123
Professional,6.197343533380002,2,7.458413776396322,4,1,4,3.228907124902484,4,3,1,2,3,5,0.0
Student,5.292419462812269,2,6.327505330837429,3,1,5,2.966287285319691,3,3,1,4,2,5,0.0
Professional,7.525134501870327,4,2.2148971390357546,5,4,1,5.937663251610063,0,0,0,2,0,0,6.304729949270478
Professional,7.009832843414396,5,5.326542906992687,4,5,2,6.3282093376889925,1,0,1,4,2,1,3.5248517687447367
Student,5.9351524369213084,2,7.74675960073884,5,3,5,2.077931827162371,3,4,3,3,5,4,0.0
Student,5.980578337727689,3,5.830643689556055,4,1,3,3.2980133669710487,1,1,1,4,3,5,0.0
Student,6.118525856017614,2,8.750088046489518,5,3,5,2.3194793864364227,5,5,1,4,3,5,0.0
Student,5.449710161415547,2,9.67681640911518,5,2,4,1.0803618656810932,3,2,4,5,4,5,0.0
Professional,7.30508219059418,4,3.143191139882691,3,5,3,3.3604777092575793,0,1,1,3,0,1,4.973357884557464
Professional,8.953003512708188,4,4.0581711969377245,4,4,1,5.783692461566636,1,0,0,2,2,0,5.531572041373101
Professional,7.364831909755809,4,5.501614584533773,4,5,3,7.406770784249432,1,2,2,5,2,2,2.027702579228553
Student,6.05592425227293,1,9.217733734274955,4,2,4,3.3311379255521567,2,2,3,5,3,5,0.0
Professional,7.276352121169624,3,6.4978150469068305,2,4,3,3.2194829865781296,0,0,1,2,2,0,2.082550963962447
Student,6.1304823123853405,3,9.260044467861217,2,1,3,3.07323361233867,2,2,1,3,5,5,0.0
Student,6.904582532348002,4,6.230344076655496,3,3,2,4.145096162019618,1,1,0,3,4,0,1.9866825604715577
Professional,7.641451676654737,5,3.0302570679533742,5,4,3,7.286541284708327,0,0,3,3,1,0,4.86928538837215
Student,5.817107589868573,3,8.526848061246051,4,2,5,2.9244912451154663,4,4,5,4,4,5,0.0
Student,5.603548782710602,2,10.535923287407671,4,3,4,3.413924312404986,5,5,1,3,5,4,0.0
Professional,7.643029105306454,5,5.5928467639561905,3,5,2,3.384118052152774,2,3,1,1,3,0,4.041839085777733
Professional,7.825146398630141,5,4.517949712362752,5,5,3,5.287514687195759,1,2,0,4,4,2,3.901848884882302
Professional,5.576898853054983,2,9.245671485369703,3,2,4,3.642259897329725,2,3,2,2,4,2,0.0
Student,5.389510022965112,3,8.509475112164319,4,3,4,3.237070879344512,2,2,3,3,5,4,0.0
Student,5.413557610263152,1,8.895250580195604,4,2,4,3.1851533030604102,3,4,1,4,4,4,0.0
Professional,7.269677920757084,3,4.211979425548702,2,5,2,5.677706505878914,2,3,1,1,0,0,5.751223319667666
Professional,5.704092574253517,2,8.496394180124447,5,1,4,3.6033371044569904,3,4,3,3,3,5,0.0
Student,8.249169809110587,5,5.955860507385816,4,5,1,5.4479590973170025,2,2,1,1,2,0,5.630944240691654
Professional,5.324767610876539,3,6.90102969216199,3,2,4,1.1654235450251336,2,1,2,5,3,5,0.0
Professional,6.961174200270755,3,4.197637971469913,2,4,2,4.677725157660195,0,0,0,2,3,0,5.803428986797346
Professional,5.906368463531923,1,9.20894124912685,2,2,3,3.386218386953462,5,5,2,2,4,2,0.0
Professional,4.671185527020507,3,10.65412761609706,4,2,4,1.62388339571261,5,5,2,4,5,5,0.0
Professional,4.598384837884348,2,7.723338325292723,5,1,4,2.9900237114809833,1,2,4,5,3,5,0.0
Student,8.362630253296045,5,3.922569481534344,3,3,3,5.771258412851337,2,3,2,4,1,4,2.7709208503084795
Student,4.61503423193351,2,7.582989355853236,2,1,5,1.934229367053499,3,2,2,3,2,5,0.0
Professional,7.207528486716975,3,5.142297868942299,2,5,2,4.2194533673090255,1,1,1,1,2,0,5.860548340000731
Student,8.124578489877191,4,3.357949405038273,2,3,2,3.2430028481464124,2,3,1,1,2,0,2.885027248178072
Student,8.254141666583799,4,3.5114743086540545,3,3,2,3.8696815986214266,0,1,1,2,1,1,2.895926601837795
Professional,5.198170830513327,2,8.752050869235863,3,2,3,3.2590365880929224,2,3,2,1,4,2,0.0
Student,8.268030070257943,4,2.498021573349637,5,4,3,5.8012132279978434,0,1,1,3,1,1,5.783956289862134
Student,7.870843315432271,4,4.165907407967592,3,4,2,5.272092610468453,1,2,1,2,2,0,4.393683394117055
Student,7.017282167787423,4,4.879132706595851,2,3,2,4.031423894917843,1,0,2,4,2,3,1.5908988481969148
Student,8.806992418388319,5,2.397812489103154,3,5,1,6.494394365358025,0,1,0,1,0,0,8.879761814664883
Student,4.639223609391493,3,11.516670319070021,4,1,4,2.4876274448587212,4,4,3,3,4,5,0.0
Student,6.159242469637296,1,6.647951419029104,4,1,4,3.3339106279738164,1,2,4,3,1,5,0.0
Professional,5.353570377927322,1,9.865924270718313,4,2,5,2.333173714963637,3,3,3,3,4,5,0.0
Student,8.373435393095253,4,5.359324959111578,2,3,3,5.254330990323131,2,1,1,2,3,1,4.107393949277592
Student,7.418035189674439,4,3.174055359790798,5,4,1,7.600728583254361,0,1,0,4,3,0,4.891175740824855
Student,8.200497532619815,4,6.098938003727742,2,3,2,5.110080947561375,0,0,2,3,1,1,5.5130758261106
Professional,5.312562443564238,1,11.971720928300261,4,1,5,1.668909664128541,3,4,2,5,5,5,0.0
Student,6.985209229439146,3,3.912496101069346,2,3,2,5.556937795106528,2,2,2,3,1,1,1.5399678660015936
Student,7.463397096906382,5,5.934495696530416,3,3,2,5.081193727627633,0,1,0,2,2,1,4.269368485199172
Student,4.393465888838414,1,9.764998833283979,5,1,4,1.3184415336618032,4,5,3,4,5,5,0.0
Professional,7.557697248667209,5,3.3182589306045425,5,5,3,5.980426285399995,1,1,0,3,0,0,6.104622891182242
Student,8.237716641511932,3,3.9288466475690296,2,3,3,5.950562778891237,0,0,3,0,2,0,3.8419785001258924
Student,8.031308312097298,5,5.8813183051191125,4,4,1,7.817090734467915,1,1,0,2,2,0,6.465670187591279
Professional,4.786580767667221,1,7.319263031323679,4,2,5,3.781662381517295,2,3,2,5,2,5,0.0
Student,7.718083359889617,5,5.907046414741547,2,4,3,5.615922191393914,0,1,2,3,3,0,4.1946519895805165
Student,7.27761336798504,5,3.9280268118729307,5,4,2,6.800170776960444,1,1,0,3,0,2,4.31088244549821
Professional,7.633256330089293,3,5.784841809316209,2,5,2,5.401262222632333,2,2,0,3,2,0,4.7323251509289745
Student,5.93720754888231,2,9.974530171311072,5,2,5,3.5868318211427974,3,3,3,5,5,5,0.0
Student,8.052535477215493,4,3.8435814273126048,3,4,3,6.007909722760429,0,0,2,2,2,1,4.999415512570245
Student,7.276845417957332,4,5.317086791618284,2,3,3,5.388324126281156,0,1,2,1,2,0,5.018452280021488
Professional,7.177188497974863,5,5.70594596851066,2,3,3,3.394790723420553,1,2,0,2,3,2,3.149249974645228
Student,6.165406227448703,2,10.793918087658279,5,1,4,2.54500491984572,3,2,2,4,5,5,0.0
Professional,5.299245935992982,2,6.860908006066479,3,2,3,3.1854590648236893,2,1,1,2,2,2,0.0
Student,7.238834545155277,4,3.7326343144941094,5,4,1,6.280964305305032,2,3,0,3,3,0,3.7036928327552268
Professional,7.071739975051555,4,4.276150464529735,3,5,3,6.214616755849888,1,1,3,3,0,1,4.845531573300392
Student,8.940279286389991,4,4.295048385809266,3,4,2,7.369904879667043,1,0,1,2,1,0,7.5750052273209505
Professional,7.049348006890059,3,4.55310391882433,3,3,3,5.611882798810746,1,0,1,3,0,2,2.107227473085464
Student,6.21374554710362,2,7.181857088764214,5,2,4,3.8777304037677225,1,1,0,3,2,5,0.0
Student,7.12384073374605,4,4.919970126801388,5,4,2,5.97588917793281,2,2,2,2,2,1,2.5923408939829105
Student,7.7049069347102215,3,6.236896765434585,2,4,3,5.885662014575363,2,1,1,1,3,0,3.462738840115514
Professional,7.901367873619622,5,6.462751676412724,3,5,2,4.832153281596697,2,1,0,2,1,0,5.372452412790351
Student,7.959885870213643,5,3.537482325893725,3,5,3,4.023361540220243,1,1,1,4,2,1,4.272082746389003
Student,4.706778424304236,2,7.60126586169602,5,2,4,1.2624011669291253,3,2,1,5,2,5,0.0
Professional,5.2484997527396935,3,8.926977364913496,4,2,5,2.9627429071336286,4,5,4,4,4,5,0.0
Student,6.949243405556856,4,6.750169150145748,2,5,3,4.154311935965828,1,0,0,2,2,0,4.440502869386431
Professional,5.119470427291724,3,11.534821146749803,5,2,5,3.189029131641057,5,5,3,3,5,4,0.0
Student,7.793562991690527,5,5.7104814265885455,3,5,2,4.423451917578499,0,0,0,2,3,0,4.872617089453796
Professional,5.630270761924609,1,6.806549629102431,2,2,5,3.369323172259956,2,3,0,4,4,5,0.0
Professional,7.573386139511477,3,6.113050395393143,2,4,3,3.475467176770433,2,1,0,0,2,0,4.20835839357989
Student,5.43113226286625,3,9.683591745559916,5,2,5,1.487216921179828,4,3,3,5,4,5,0.0
Student,8.296288963902759,5,2.013561515190766,5,5,1,5.366186167760411,0,0,0,4,1,1,6.376031594250554
Student,8.771969647314059,5,5.778678512035683,3,4,3,7.353224636458218,0,1,2,3,3,2,4.515666278676838
Professional,4.476947933750195,2,7.7612954455853025,5,2,5,3.719900698051946,1,1,0,5,4,5,0.0
Student,8.449585782264942,5,6.25601838926927,3,4,2,4.421679118367482,2,1,2,3,2,0,4.134664973825941
Professional,4.8706213532258955,1,7.602727597467798,5,3,4,3.2811643075596884,2,2,3,3,2,4,0.0
Student,6.8675902768740045,3,5.184818414140404,3,5,3,4.905179940189932,2,3,1,2,4,0,4.682924591503927
Student,7.887969605670255,3,4.118997353548757,2,3,3,5.26584696729061,0,1,1,2,3,1,4.466945780023028
Professional,5.617344512679535,2,11.234152054178669,4,3,4,3.158067735625457,4,3,2,5,3,5,0.0
Professional,7.901926611274691,4,4.221145349604049,2,5,3,3.4443208486756265,1,1,0,2,1,1,3.6108204444115204
Student,7.494165820629032,5,5.398741818315153,2,5,3,5.084882234649043,3,3,1,2,4,1,2.394350845313078
Student,8.33497654311033,5,5.107259094822545,5,4,1,7.381978847130838,1,1,1,1,1,0,6.837418489683607
Student,4.6920568879750535,1,5.034621485322762,2,2,5,3.656567250667411,2,3,1,3,2,4,0.0
Student,8.368267129913042,4,3.0966080392801154,5,5,3,6.36197832659622,0,0,1,4,2,2,4.2105062785562435
Student,6.910933111483445,5,3.931600137293735,3,3,3,3.5624228084607337,1,2,0,1,1,0,2.8128028383888255
Student,7.703916779728081,4,3.1053396352755342,2,4,2,3.544869470989637,0,0,0,1,2,0,5.613703395763229
Professional,6.379131711574533,2,7.284865704545304,2,1,5,1.7180009451142764,3,2,3,1,2,5,0.0
Professional,6.964864813925908,3,3.137507154562905,2,3,2,4.562090925249189,2,3,1,1,2,1,2.5242212555140275
Professional,7.21543560365018,4,6.030897687805064,2,4,2,4.022689605248724,1,1,0,0,3,0,4.6553540359997365
Student,5.055619370364255,1,8.376887859057865,4,2,5,3.366540697394848,3,4,2,4,3,5,0.0
Student,7.623757327976051,4,5.445045287096834,4,4,3,7.0349796651736405,2,1,2,3,0,1,2.8358202170855
Professional,8.096693470126,5,2.965322033182471,5,5,1,5.799948550204419,0,0,0,3,0,0,6.348814734405366
Professional,6.6395705259653415,3,6.358070878695397,3,4,3,5.266798557550969,1,0,2,2,3,1,2.0684615395712846
Student,6.839559233148754,3,4.138555148695465,2,4,3,3.6710471735423034,1,0,0,1,1,1,4.983294805407276
Student,6.7396411565049945,1,5.8191851462551085,4,2,5,2.1059345688156985,1,0,2,4,3,5,0.0
Student,8.171545235925828,4,5.871851091167711,2,4,3,5.530187214148803,2,2,1,1,2,0,3.266339683611118
Student,8.199266660655148,4,5.524689679436786,3,5,2,6.761307482643591,1,0,1,1,4,0,6.303446706791733
Professional,8.600959528059004,5,5.916993958264094,4,5,2,6.470927699898114,1,0,0,3,2,0,5.4673127033512
Professional,7.225949273513308,5,2.372671767516113,3,5,2,6.398929212145015,0,0,0,2,2,0,7.186292745178423
Student,8.429233949758652,5,5.337813528426826,3,5,3,3.1726913944670923,3,4,2,2,3,0,2.088490402989945
Professional,7.231932495098041,5,6.938059109413938,2,5,3,4.5411700012591325,2,3,0,1,4,0,3.5645383747272694
Student,6.318954344765123,1,7.236787401394522,4,2,4,1.3796950443806406,1,0,1,4,4,5,0.0
Professional,5.295226044259532,1,6.115567076928598,3,1,5,2.8694365344397617,2,1,1,3,2,5,0.0
Student,6.593996971053033,2,5.5385029387944105,4,2,5,1.382537007069255,0,1,2,4,3,5,0.0
Student,7.783924247890717,4,6.8353653565818835,3,4,3,3.755535707536219,0,0,0,3,3,1,3.077348283810139
Professional,8.203581823142713,4,5.469306546778873,3,3,2,4.200416415449961,2,2,1,4,3,3,1.5583914276321305
Professional,6.492569963905982,3,7.765039608228564,4,1,3,3.8071319049079615,3,3,1,3,3,5,0.0
Professional,7.470186517474718,5,4.532688729078122,4,4,2,7.618617391476587,2,1,0,3,2,0,3.1498759856197696
Professional,6.198701941333061,3,6.829228020741427,3,2,5,2.2519739537043977,2,3,1,4,1,5,0.0
Professional,7.924620247262346,4,5.022636148287317,3,3,3,3.142836821576057,1,1,0,2,2,0,2.7227200405176633
Professional,4.535726876988112,3,8.213730945375797,4,3,4,3.4103626861976695,4,5,3,1,5,1,0.0
Professional,7.573372922485221,5,2.3823363246670013,4,5,2,5.6070914723671805,0,0,2,2,0,0,5.68904539265748
Student,7.689692147643046,4,4.991021391449669,5,4,3,5.854282703891796,1,0,1,4,1,4,0.4154591950694293
Student,5.619058467542566,3,8.921387013764768,5,2,5,1.3160732276478369,4,5,2,5,4,5,0.0
Student,8.191670101307363,4,6.644907177106136,3,3,3,5.559608145179798,2,3,3,2,1,2,2.0242681503984485
Student,5.239823952296841,2,10.82866687508226,5,3,4,2.0440113062795486,4,3,1,3,5,4,0.0
Student,7.898071700956377,4,4.994847390737531,3,3,3,3.9512544914550265,1,1,0,1,0,2,4.018974674267871
Student,6.4648506744453424,2,10.476390888748902,5,3,4,2.758115668933687,3,2,2,4,3,5,0.0
Professional,5.749149963400473,1,6.280752211307023,4,2,5,3.9290764171232553,2,2,3,4,2,5,0.0
Student,5.245274426930388,2,8.483352721433729,4,2,4,1.1699582160354427,2,1,1,3,3,4,0.0
Professional,6.65010701963725,2,9.955333303110022,2,2,3,1.6360077899763212,3,4,1,1,3,1,0.0
Professional,7.473530654824225,5,4.291968795593887,3,5,2,5.2324475898307305,1,2,1,3,3,0,4.525981430988846
Student,7.7640178305683945,4,3.3779781030128797,4,4,1,7.231444330591776,0,0,0,3,1,2,5.779234335643794
Professional,5.679137369622991,1,7.715964872048307,3,2,3,2.4877086074277988,3,4,0,1,4,0,0.0
Professional,6.972872690672046,5,3.5482976849820225,3,5,3,5.253842277930836,0,0,1,3,4,1,4.789440940783805
Professional,8.214074064484615,4,4.361971940276085,2,4,2,4.087664087070363,0,0,0,0,1,0,5.971857150098836
Professional,5.347785755567351,2,7.325011496499698,5,2,5,3.2683547300956706,1,1,1,5,3,5,0.0
Student,7.918581883181032,5,3.0004188431925742,2,3,2,4.10728859271744,0,0,2,1,1,0,5.1016710755393735
Student,7.002008482174082,4,3.3599241787525314,4,4,1,6.5120927579191275,0,0,0,0,1,0,7.035713252672479
Professional,4.5024478341922505,3,7.445014812307464,3,2,5,2.5260306878010854,2,2,4,4,5,5,0.0
Student,5.596243074390074,2,9.401358759290225,5,1,4,3.7662459423061767,3,3,1,2,5,4,0.0
Student,8.335546502016097,3,5.660563507594808,2,4,2,4.900996553237158,1,0,2,1,2,0,5.720278317267563
Professional,6.233620317660698,2,8.27455377484379,4,1,5,3.5072291487962466,3,2,4,2,3,5,0.0
Student,7.650450230581687,5,5.466792379905586,4,5,1,6.667618284632638,2,1,0,4,4,0,5.294571279691283
Professional,6.790901104208357,4,6.472297545702595,2,3,3,4.4961788093034665,2,3,1,3,2,1,1.8493866687713842
Professional,4.311244513287012,1,7.0647188050642376,5,2,4,1.9075306927628553,3,3,2,4,1,4,0.0
Student,8.400176672559617,5,5.779779884482621,4,4,2,6.6405434029014465,1,0,1,2,2,0,5.219553899659224
Professional,8.244682926584003,5,5.676508149796833,3,4,3,5.739070320897561,3,4,1,3,1,1,3.0427508862468486
Professional,7.314859051332825,3,4.063740325658789,2,4,3,4.785276006019003,2,3,1,5,1,5,0.06530548293517108
Professional,7.858965498162262,5,2.702016812575169,3,5,1,5.96403182068298,0,0,0,2,1,0,8.51564121035847
Student,7.942402513055101,3,6.507245058488563,3,3,2,5.12045253218443,3,3,1,2,3,0,3.241717130662548
Student,7.419293723765755,4,4.577984995951118,2,5,2,5.4883632102016815,0,0,1,2,1,0,6.321958202276519
Student,6.98260688202074,2,8.744538216467573,3,2,4,3.4084185197784227,3,4,1,3,5,4,0.0
Professional,7.802252588653137,4,3.5647590395863538,3,5,2,5.90519545506097,2,3,1,0,1,0,5.183748330612571
Professional,6.59337775257756,4,5.610282194935616,3,4,2,4.266126195987342,1,0,1,3,1,0,3.9620573710203995
Professional,7.973671510048239,5,5.427694870723283,2,4,3,5.612047210616079,1,0,0,1,2,0,5.67534608580966
Student,7.068912181574978,5,4.405080529237386,3,5,3,4.934418535918306,0,0,2,2,2,0,3.927356013446538
Student,7.700235396680438,5,3.004618683268169,3,5,3,4.3490289328830265,1,0,3,2,1,0,5.133402349317794
Professional,7.327915043703298,3,5.6241052780716165,3,3,3,4.259370300999285,2,3,2,3,2,2,0.9400347417507726
Student,6.983909315261889,3,3.01639013725041,3,5,2,5.353400374100643,0,0,0,3,2,0,5.568512421197377
Student,5.743743379305135,1,9.651556477420144,5,3,4,1.2618123921655715,4,5,1,5,3,5,0.0
Student,7.710620733551611,4,5.579110738293114,3,4,2,5.354614291214812,3,4,0,1,4,0,4.607972752063033
Student,8.256461511201696,5,2.982614109295113,4,5,2,7.424572274851686,0,1,0,2,2,0,6.773168989194134
Professional,7.025629301177002,5,5.131958017938251,5,4,1,6.184305278428706,1,1,0,2,2,0,5.1614614036547195
Professional,7.149813227769748,4,3.833257203485386,2,3,3,3.6588211295537665,0,1,0,4,2,3,1.7015833396221545
Professional,5.827919836065662,1,9.557994807700396,3,1,3,3.775638120090394,3,2,1,3,4,5,0.0
Student,5.552189900667747,2,8.29871277202894,4,2,3,3.8130809031645407,3,2,1,2,4,1,0.0
Student,5.88080433329171,1,9.86111974559825,3,2,5,2.5309426568715754,2,3,3,4,3,5,0.0
Professional,5.729016401691952,1,8.12897326923082,2,2,3,1.873031784745642,1,0,2,1,3,2,0.8170593263744088
Professional,4.9112509022121404,1,7.4914805098824475,3,2,5,2.1780808931043607,2,3,4,2,5,3,0.0
Student,4.120172095146074,1,7.890191494145135,4,2,5,1.9887398513856858,0,1,1,5,5,5,0.0
Professional,6.506436168223368,5,5.236853318060521,3,5,3,5.411293034231545,1,2,1,4,2,2,3.227234742012105
Professional,7.7514934012367505,4,4.090369652519556,4,5,2,7.608580682051221,1,1,2,2,1,0,5.931981960035952
Professional,7.505000217663799,4,5.588023351651364,4,5,2,7.29426566683181,1,0,1,1,4,0,5.973135315134389
Professional,7.584041654976518,5,3.381888477088653,4,5,3,6.695497926767504,1,0,2,4,0,3,5.495770047435879
Student,4.516916388073584,3,10.571895865903617,4,1,4,3.6748565534563515,3,2,3,4,4,5,0.0
Student,8.407506823107724,3,4.43529952382973,3,3,3,4.441861436757218,0,1,1,4,2,2,2.5407564920250896
Professional,6.1385819229644385,1,8.330907356020113,5,2,5,1.437567603983172,4,4,4,5,4,5,0.0
Student,5.022670137767362,2,9.605245882041398,2,2,4,1.6451951507187577,3,4,3,2,3,4,0.0
Student,5.618208857837983,1,7.802004615850431,5,3,4,3.264521803710365,3,2,2,2,4,4,0.0
Professional,5.118645383094217,1,11.661068444134333,4,2,4,2.843943174659066,4,3,2,3,5,4,0.0
Professional,7.614507763660508,4,5.692646330796499,3,5,2,3.3225233473115745,1,1,1,3,3,0,3.5009758308961327
Student,5.925559946854161,2,7.910934936632758,5,2,5,2.75473111236066,2,3,3,4,3,5,0.0
Student,6.842738060302256,1,5.6174756964061725,3,2,5,3.4189035740091036,0,0,1,3,4,5,0.0
Student,7.75274202350777,5,2.0887050262566387,4,4,1,7.530210289499507,0,0,1,0,2,0,8.238387345504114
Student,8.917405871087889,4,5.280556423753202,5,5,3,5.927012744997141,3,3,3,4,1,2,1.672478726080278
Professional,4.159361581488911,1,8.475303354989453,4,3,4,3.3348759544017064,3,4,3,2,5,5,0.0
Professional,7.172139902264157,5,4.1856703487580775,4,5,2,6.4784049678009366,0,0,1,1,2,0,5.24489496354333
Student,7.688161240600877,4,5.617287482874882,2,5,2,5.294481822145631,3,4,2,2,2,0,2.740692792084759
Student,8.393552909416735,4,4.446629159198668,4,5,3,5.776696746783054,0,0,1,4,2,2,3.4694365715672375
Professional,4.275033369474724,2,7.776462182218182,4,1,4,2.3846213561885037,1,1,1,5,5,5,0.0
Student,4.752457902952742,1,7.464171407922562,4,3,4,2.461672170275984,3,2,2,3,3,4,0.0
Student,7.070296678345922,4,3.2297686691112952,4,4,2,7.665837498390249,2,2,1,2,1,1,3.407287727902709
Professional,6.600899401441696,3,7.909010552792735,2,2,4,1.6515005502345121,1,1,1,3,4,4,0.0
Student,7.321379912608535,3,5.722784917676197,3,4,3,5.4765119516734835,4,3,2,2,1,1,1.5966335462044863
Professional,5.73280636618287,2,5.008027674797479,3,2,4,3.480322749529488,1,2,1,2,1,5,0.0
Professional,6.738836213201977,5,6.270964243254653,3,4,2,4.61907356075339,2,2,0,2,2,1,3.373991587551563
Professional,5.733469236098769,2,9.532339854192344,4,3,4,2.0106585779894024,3,4,4,3,3,3,0.0
Student,6.734922966149647,4,5.342527200115697,2,4,2,5.931038673859528,2,3,2,3,3,0,2.836405702748997
Student,7.593876894400345,4,6.7397155577934065,3,5,2,3.1270684627845604,2,3,2,1,3,0,2.1742609600678255
Student,5.5675111598514135,3,8.46281444929645,4,2,4,3.8193772287376073,4,3,1,1,3,2,0.0
Student,7.400192796018128,5,5.396949001991104,2,5,3,3.891881171895704,0,0,2,2,2,0,4.669932944869286
Student,6.312524164395684,1,8.533631881750349,4,2,5,3.327237294601932,3,4,1,5,5,5,0.0
Professional,5.520453794362778,1,7.485947186722864,2,2,4,3.0965926898771956,4,5,1,4,3,5,0.0
Student,8.473581479431292,4,5.65620160771546,3,4,3,4.526221735674495,1,2,1,2,2,0,4.733198997292485
Professional,7.807768619065057,4,3.257611750749153,3,5,3,6.927800546186487,2,2,4,2,2,0,3.549281568211345
Professional,4.607862607473748,2,9.944182299540675,5,2,5,1.5292387917783636,4,4,2,3,5,5,0.0
Student,7.917939947278619,5,2.2248576840271785,3,4,2,5.548073048396837,0,1,0,2,1,1,7.117004217717006
Professional,8.058136817333867,4,3.129795432596448,2,5,3,3.531272291531084,1,0,2,3,0,4,4.04710180282091
Professional,7.332689878878618,3,4.014471148437901,3,5,3,4.4049289255304735,0,0,1,3,0,1,5.059319870156665
Student,8.305194890291965,4,3.7918672441309544,2,5,3,5.177415155145962,0,1,1,2,2,0,5.20307238638194
Student,6.994411709073204,4,4.802986561837295,2,4,3,5.123897125180141,1,2,1,1,2,0,5.035060062209964
Professional,7.342539351978806,5,5.61080980368409,3,4,3,5.5175964856700705,0,0,1,2,1,0,5.269959747258785
Student,8.995424963719962,4,5.191701264730758,4,4,3,6.597442604824051,2,3,0,2,3,1,3.092910688774186
Professional,6.662199941507758,1,5.389683076842994,2,1,3,2.406314735457163,2,3,3,3,0,4,0.0
Student,6.056113002509321,2,7.729082619733925,4,2,5,3.585120131255547,2,2,3,3,5,5,0.0
Student,8.263167979031984,4,5.678014824813299,5,5,3,6.297291928280742,3,3,3,3,3,1,3.0539282270676384
Student,7.13418297990698,4,5.552121899470906,3,3,3,3.474954963225565,1,1,2,1,3,1,2.7112398528383497
Professional,8.240556786593592,5,5.9138796637649875,2,4,3,4.017580508176117,0,0,2,5,2,3,1.1312241943279133
Professional,7.920750267958663,3,6.749672394606655,3,4,2,4.56535899263671,3,3,1,0,2,0,2.9306076149766196
Professional,8.018334283759613,5,6.550243719543335,3,3,2,3.8357306418225474,2,1,1,2,4,0,2.942969233538237
Student,4.490969001959926,1,7.403685892000068,5,1,5,1.9985931216483088,2,3,4,5,3,5,0.0
Student,5.968556226573389,1,11.801371520278611,5,3,5,1.6929107375090053,5,5,3,3,5,4,0.0
Professional,4.5736661886246255,3,11.526090851822099,5,3,4,1.136277958689544,4,3,2,5,5,5,0.0
Student,5.046187402875117,2,8.137779115165948,5,2,5,2.100671162052892,2,1,3,5,5,5,0.0
Professional,6.71183569259963,1,7.909392494174696,2,2,5,1.7576568480752153,2,2,2,4,4,5,0.0
Student,7.421856304801376,5,4.4049878307833,5,4,1,5.7844730106898865,1,2,0,3,3,1,1.993881231908769
Professional,7.348025202512938,4,5.623933406761223,3,3,3,3.5769733331094535,0,0,1,3,1,3,0.9488893818740146
Professional,5.455461299712617,1,6.949307119789648,2,1,3,1.7614141602568798,3,3,2,3,5,4,0.0
Student,5.84688686182899,3,5.109832892237904,2,1,3,3.0880472329411095,2,2,1,0,1,1,1.1505581668654281
Professional,8.214728344320061,4,5.64437919721985,2,4,3,5.996715614674981,2,1,1,2,1,1,3.038299112865174
Student,4.7447084080578135,2,8.503817864650156,5,3,5,2.2221866229365297,2,2,2,4,4,5,0.0
Professional,6.156294043669236,1,8.133834341776668,4,1,5,2.4046543707318837,4,3,4,4,2,5,0.0
Student,6.306900945405772,1,8.193822853342041,2,2,3,3.8170564877041118,1,1,0,1,1,2,0.0
Student,6.584910365846567,2,5.4005068566801,3,1,4,3.2552353874447553,2,2,3,1,2,4,0.0
Professional,7.3610381048478235,5,3.8547334245585523,2,5,3,5.279663646340615,4,4,3,1,0,0,4.521368037791386
Student,6.254865024868016,1,8.701320963815498,4,1,4,2.4224312680953553,4,4,2,5,3,5,0.0
Student,5.799574628498702,2,11.328834692141392,4,2,5,1.9225648606121601,4,5,3,4,4,5,0.0
Student,4.507205205973184,2,8.791910316758099,5,2,5,2.2592791806111765,3,3,4,4,4,5,0.0
Professional,8.414240060522618,4,6.468978010566564,2,5,2,4.44735070673677,2,1,1,1,3,0,6.216606725692694
Student,4.654425633002947,1,6.219789687739619,2,2,4,2.8191800378746237,3,3,2,2,3,5,0.0
Student,8.028820326998247,5,3.5836145218583244,4,5,2,6.908361570937819,1,0,2,0,1,0,6.278834507568024
Student,4.757208864270498,1,9.974462841867586,2,2,5,2.8197647778820096,5,5,3,3,4,5,0.0
Professional,4.581864386308369,1,5.761782411600102,4,2,5,1.9408837887125332,2,2,2,5,4,5,0.0
Professional,7.196992612879431,4,3.4947254241379553,3,5,1,5.1939911006674535,0,1,1,0,0,0,5.90946865327564
Professional,4.749765535650381,1,9.585111688739854,4,1,5,2.367031184173563,1,0,4,3,4,5,0.0
Professional,7.6350888925308675,4,5.966839290083357,4,4,2,7.258960998812917,4,3,0,1,1,0,4.359467030823746
Professional,6.706924139843405,3,3.4096299599444166,2,5,3,3.440613383368457,0,0,0,2,0,1,4.952463926187867
Student,7.790050164540875,4,3.778511905999463,5,4,3,7.541269458792742,0,0,2,5,1,4,4.0025361545904286
Professional,7.670700578008474,4,5.266963498938479,2,5,2,4.986247423870728,1,0,2,2,2,0,5.445025892885966
Professional,7.4281498195248,5,2.0385704573499295,3,4,3,5.794583407540967,0,0,0,3,1,0,5.136675098628936
Student,7.668423777703133,4,4.863291221109465,2,3,3,3.261582851774632,1,2,3,3,1,2,0.3420437298594641
Student,7.0525095433441365,3,3.2539054670419896,3,4,3,4.640766887235152,1,0,2,3,0,1,3.3859392603186493
Professional,8.055632171047776,5,3.488652323337242,3,4,3,3.441219280391029,1,1,1,1,1,0,5.848477942725458
Professional,8.305769829421974,3,3.718836484543841,2,5,3,4.3513021900221425,1,1,1,2,2,0,5.449675415809773
Student,8.33779834048994,4,5.752423169293119,4,4,1,7.047569127740513,1,1,0,1,1,0,6.353106053831663
Professional,8.230689393784932,4,4.620020305476542,5,4,2,5.989021886403172,3,2,0,5,2,3,1.237776062800255
Professional,5.621733972337847,1,9.670682155023965,5,1,5,3.0065491138162033,3,4,3,5,5,5,0.0
Student,6.5794444289818825,4,4.526897291120026,2,5,3,5.230534642536813,2,3,0,2,2,0,4.625090153789133
Student,7.6727968303139935,4,5.439114907028863,2,5,3,5.8411508937769145,1,2,2,3,3,0,4.15551283573783
Student,6.564865277182946,3,3.334057122159045,3,4,2,3.7910027259623185,0,0,2,1,1,0,4.7145421419037055
Professional,8.11085197811823,5,5.3414134014766255,2,4,2,4.297486115534574,0,0,1,2,3,0,4.780459996112721
Professional,6.6305632760206645,2,7.176498959183742,3,2,5,2.6697606661919253,3,3,3,4,2,5,0.0
Student,6.99397315000075,3,3.7829009315611217,2,5,3,5.830376901792336,1,1,1,2,1,0,5.576982153471408
Student,5.325547371280715,1,8.921084525230402,4,3,4,2.9438765526626662,2,2,2,3,5,5,0.0
Student,8.166469951430821,5,4.934927294610503,2,4,2,3.886349424469475,0,0,0,3,3,0,5.959616687357538
Professional,7.993859022189513,3,3.255323178029471,3,5,3,5.253383205180043,0,0,2,2,1,0,4.821832072654549
Professional,4.748114966638007,2,9.989924195305957,4,1,5,2.295817776541452,4,3,4,3,5,5,0.0
Student,8.870246044294225,4,5.3175105067325585,4,5,2,7.388411406038981,0,0,1,2,3,0,5.722407922054132
Professional,7.329818072223138,3,6.489550244851968,2,4,2,4.575929873549154,0,0,2,2,1,0,3.526819101832967
Student,7.570482375254434,3,6.1787244145459725,3,3,3,3.7293869650340845,1,0,3,2,3,1,1.3507315417574024
Professional,4.297275254687542,2,7.611651888004513,5,1,5,1.0022329446672433,3,2,1,4,3,5,0.0
Student,8.025386329706393,4,5.094469149937647,3,4,3,4.948120434138893,1,1,0,3,2,0,2.2942837021036726
Professional,7.396713002575166,4,3.9929166962541376,2,5,3,4.2673007816963064,2,2,3,3,0,0,4.853403465957274
Professional,5.077247161429794,2,7.391268177537718,4,2,5,2.323133877741501,3,2,2,3,5,5,0.0
Professional,7.832536078515382,5,3.583278231227857,5,4,2,6.346769994718322,0,1,1,4,0,3,4.738018440009686
Professional,5.533229986513998,1,10.043922133187072,4,3,5,2.1862553324723026,3,2,2,3,4,5,0.0
Professional,5.088042522936982,3,7.120324763042394,4,2,4,2.6725723310792002,4,4,2,4,3,4,0.0
Professional,5.32416506514881,3,10.584742909292554,4,3,5,1.8850934388737026,4,5,3,4,4,5,0.0
Professional,5.808675433281385,1,11.76334054209183,5,2,4,2.0652992891993818,3,4,3,4,3,5,0.0
Student,7.719920167975069,4,2.241954518066821,4,4,2,6.464905349777085,0,1,0,3,1,0,5.784621794913728
Student,8.771588330465175,5,4.874371710658615,3,4,2,6.353047238949138,0,0,2,2,0,0,5.804419806069508
Professional,7.059805084486484,3,4.024365280965258,3,5,3,3.3931814961220077,1,1,1,1,1,1,3.948627120397358
Professional,5.045463804898732,2,8.728260543213288,4,2,4,3.633466212947759,4,3,3,3,5,5,0.0
Student,5.856638453222299,1,9.789179114121733,5,1,5,1.2045178733068074,1,0,0,4,3,5,0.0
Student,5.510187367198615,2,5.527097130078683,3,1,4,1.0436770005144245,2,2,1,4,2,5,0.0
Professional,8.23336636933701,5,5.718740650859157,5,4,3,6.831645070067913,2,3,0,3,3,3,2.820304243456815
Student,4.524547317321402,2,9.663890050846911,4,3,4,3.7896104360803635,5,5,3,4,3,4,0.0
Student,8.35484861325116,3,6.128327766121361,3,3,2,4.66388660002338,2,3,0,2,3,1,3.0947600976363874
Student,7.1277273192515445,5,4.901438173668427,4,5,1,6.845527391548338,0,0,0,3,0,0,7.437068683611274
Student,7.197142210409295,4,3.5567355133796035,2,4,2,5.11051818193363,1,2,0,2,1,0,4.468721033496009
Student,7.786217524376164,3,6.04721558116289,3,4,3,4.467326933641861,2,2,1,3,4,2,0.9240238952406945
Student,8.295195641779394,5,3.198035940339922,3,4,2,4.908893362638128,0,0,1,3,0,0,5.02762752393411
Professional,7.044903906762786,5,5.758927550449901,4,4,2,6.506771084170476,0,1,1,4,3,2,3.4123643663176435
Professional,7.933835719247526,4,4.790443128777206,3,5,2,3.7664287075907383,1,0,1,3,3,0,3.4346875497589804
Professional,5.716644861707293,1,8.266410272226077,5,3,4,1.731067413014279,4,3,4,4,5,3,0.0
Student,5.125939211765437,3,9.622347646550597,4,2,3,2.6043952998193367,3,2,2,4,4,5,0.0
Professional,7.597283075893617,4,5.888121390551554,2,4,2,3.1698440264656043,2,1,2,0,2,0,4.108392458559453
Professional,5.712229934424139,3,7.035752763992861,5,1,5,1.3101900861460463,2,2,3,5,2,5,0.0
Student,5.227058843020007,3,9.616490421726784,4,3,5,1.2418378260011291,3,3,3,5,4,5,0.0
Professional,7.315589804530888,4,3.2690291777647214,2,3,3,3.731133827428948,1,1,0,1,0,0,4.625751541563552
Student,8.80131730121495,4,4.295553763526966,5,4,1,6.878017610079242,1,1,1,3,2,0,5.045377925574767
Student,6.525612603302498,5,6.219300306813924,3,3,3,3.7250096235173866,2,2,1,2,3,1,1.9331705741771092
Student,5.3965022148593995,3,7.236625284838244,5,3,4,1.2824836665391905,3,4,1,4,4,4,0.0
Professional,4.648262143727295,2,11.944233975845922,5,2,5,3.332587131157635,5,4,2,5,5,5,0.0
Professional,8.141862157280947,4,2.6583383708358803,4,4,3,7.061065546976524,0,0,2,4,1,3,2.8857891861325253
Professional,7.23333212570304,4,5.036997246080325,5,4,2,5.971330228970438,0,0,2,5,0,2,1.235770978479668
Professional,7.738743601489537,5,3.5363851650101954,2,3,2,3.7790814376300075,1,1,2,2,1,1,4.37817277823117
Student,7.052425153308459,4,5.356999000718407,3,5,3,3.2099165166487973,1,0,1,1,1,0,5.70639650421789
Professional,8.389662218784375,4,4.524658113998774,4,5,2,7.946636102685523,2,2,2,2,2,0,5.8987127791205
Student,4.576166118507475,3,11.487550117054587,5,1,4,1.3108487609821438,5,5,1,4,5,5,0.0
Student,5.151817387268571,2,8.082342791712831,2,2,3,3.3379358975706697,2,2,0,3,2,4,0.0
Student,6.189291859814005,3,7.877478624444275,2,1,5,2.1833296670661606,2,2,2,3,3,5,0.0
Professional,4.7583364999645985,2,7.326804888855712,3,1,5,2.0587884279866877,3,2,3,2,4,5,0.0
Professional,5.307658002325628,3,11.502627050011125,5,3,5,3.259396447354009,4,5,3,4,5,5,0.0
Student,7.8139851882361935,5,5.92656447804106,3,4,2,4.635778863433201,0,0,2,2,2,0,6.677753289441672
Student,8.739361252526137,4,3.306975966137413,5,5,3,7.521950974223376,1,0,1,5,0,1,5.662784944767717
Student,5.731605809376153,1,11.1215102213165,4,2,4,2.8101037865985248,5,5,1,3,5,5,0.0
Student,6.519421030741248,3,5.301517040421839,3,4,3,3.0668663019397258,0,0,2,5,2,4,0.0
Professional,6.643444583961363,1,6.133958292224452,2,2,5,2.347201848740302,3,3,1,3,2,5,0.0
Professional,4.858584589495386,1,7.459538164879978,2,2,4,1.060354353865434,3,4,2,2,4,4,0.0
Professional,6.460220188948949,1,11.056213491076818,4,3,4,3.623937701194265,4,4,3,2,5,2,0.0
Professional,7.619703713726238,5,3.9418035523699135,3,4,2,4.411394285514666,1,0,0,3,1,1,5.121083934022203
Student,4.76427393756639,2,11.418344711559936,5,1,4,2.784993289772248,4,3,4,1,5,4,0.0
Student,6.814250041057852,3,8.469084890028938,3,1,3,3.5051714097514624,3,2,2,4,4,5,0.0
Professional,6.781590893164632,2,5.0179905083782685,2,2,5,1.4628020926911893,1,2,3,2,2,5,0.0
Student,8.402602658851105,4,4.828467788788317,2,4,2,3.591027032538193,2,2,2,2,2,1,2.1001867591845307
Professional,6.852046896473365,3,6.717615302043628,2,4,2,4.96926441274652,2,1,0,1,1,0,5.156235109556019
Professional,4.94787650643273,1,5.316483425724248,4,2,5,3.587918507128129,2,1,3,4,3,5,0.0
Student,4.57740626762693,2,11.740491133425893,4,1,4,3.6818212039199887,4,3,2,3,5,5,0.0
Professional,6.3879257972417385,3,11.654822850710534,4,2,5,1.8121900510756288,5,4,4,4,5,5,0.0
Professional,6.516210806167589,3,8.084470787957095,3,1,4,3.955003649373839,4,3,2,3,3,5,0.0
Professional,7.880701843963755,3,3.7262055443077147,2,4,3,3.3773459994120336,1,2,3,3,4,5,1.9144107726432653
Student,7.000810710380671,4,3.6202230581899593,5,4,1,7.24749338116157,0,1,0,2,2,0,5.886346713069337
Professional,6.850480039219068,4,4.853273942742609,3,4,3,5.740359544424079,2,3,1,3,1,1,1.6132612134708457
Professional,5.42451271238385,2,8.138339194847443,4,3,4,3.655095928538886,2,2,2,5,5,5,0.0
Student,6.610856827236552,1,7.897128594929452,4,1,4,1.5402090167145532,2,3,2,4,4,5,0.0
Student,5.310957259585745,3,9.30263880074624,4,3,5,3.6096795289617747,3,3,2,4,2,5,0.0
Student,5.643365254131575,3,9.750326500009088,3,2,4,1.049104389887669,3,2,1,3,5,5,0.0
Professional,5.443060215939592,3,8.668689171823706,5,1,5,2.012269279484358,3,4,3,5,4,5,0.0
Student,8.255063899147455,4,4.653139054860603,2,5,2,5.21130392117051,0,0,2,4,2,2,5.233244982241599
Student,7.482413375516266,3,6.510708180375097,3,5,3,4.068252809362928,2,2,0,2,5,0,3.561805901689039
Professional,5.7767532052339075,1,10.876997857563062,4,1,5,3.4191357681130747,3,4,4,2,4,5,0.0
Student,5.748758763584881,1,11.61799977571448,4,2,4,3.913103927494664,5,5,1,4,5,5,0.0
Professional,7.187069401998729,3,4.21159673103867,2,3,2,4.723598240044522,0,0,0,1,1,0,5.066005798677301
Student,5.066364774153358,1,8.375020943638312,4,2,4,3.9209901556392257,4,4,2,3,4,5,0.0
Student,4.416839441628878,3,11.046206126912407,4,1,5,2.8562187101020355,5,5,3,4,5,5,0.0
Professional,8.190640062223038,4,3.482677028830048,4,5,3,7.376076126432854,0,0,2,3,1,0,5.190731817789678
Student,8.158068689358881,5,4.131982873169975,4,5,3,5.9169798077231865,0,1,0,2,2,0,5.153377010003233
Professional,7.5242223587424775,5,3.933340812122774,3,5,2,6.106238107382682,0,0,0,2,1,0,6.872119779862186
Student,7.954945424921332,5,4.353644734510511,3,4,2,4.123094932411057,0,0,0,3,2,0,4.932426177639357
Student,7.261934719016663,3,3.2190555749273115,2,5,3,5.604648926919527,1,0,3,2,2,0,4.170763065980983
Student,7.921550420823705,5,2.624528434682157,3,5,2,7.678456674669357,0,0,0,2,2,0,7.384893746886228
Professional,6.014349878985456,1,11.241608357558883,4,1,5,2.599188167448812,4,4,3,5,5,5,0.0
Student,6.941180097773362,5,6.482664040086039,3,4,2,4.017698535468159,1,0,0,4,1,1,3.293931730113912
Student,5.5909773187006575,1,9.92154258056159,2,1,4,1.3775847642456078,5,5,0,2,5,5,0.0
Student,7.10775120178269,4,3.092650350780712,4,4,3,7.764970703469041,1,0,0,1,2,0,3.9726062957753356
Student,4.88951826892425,1,8.366980759564163,4,1,4,2.554566230741032,3,2,1,3,4,5,0.0
Professional,6.999307965178782,3,3.123461176019028,3,5,2,3.2806214995101657,1,0,0,0,3,0,5.091359611990499
Student,8.789493819428666,4,3.507216168989261,4,5,3,7.191224253451141,0,0,1,3,2,0,6.315997108019001
Student,4.351003725129906,3,9.111565460723613,5,1,4,2.075262053796638,3,4,4,3,4,5,0.0
Professional,7.474941678315039,4,2.7565882618218853,5,5,3,6.038072812290093,0,0,0,3,1,1,5.804224751507978
Student,8.54509364502418,5,4.038807610019299,3,5,2,5.825414555764,1,2,1,3,2,0,5.70919836996035
Professional,6.345300022800766,3,7.004286935308603,2,2,3,2.233017289281104,2,3,0,2,3,5,0.0
Professional,4.732142094512615,2,10.360764450786185,5,1,4,2.0753030670042487,4,5,2,3,5,4,0.0
Student,8.040656165696536,3,5.1091255601592085,2,3,3,3.954685569858503,1,0,1,0,1,0,4.725721769405109
Student,8.434642310411574,4,3.8211055055028305,4,5,1,5.213142074172048,0,1,1,2,2,0,5.551016270601348
Student,7.840747771514293,4,3.8896320572932837,5,4,3,7.965162080629646,0,0,2,5,2,4,2.2757067246624976
Student,8.071136282280557,5,4.069637208062428,3,5,2,6.7440087988887,1,2,0,0,1,0,5.888690749642542
Professional,8.24867955025071,4,3.708279543168009,2,3,2,3.9603764761741314,0,0,1,5,3,3,2.4182520083834955
Student,6.9137343507686015,3,5.455980547583812,3,3,3,4.460898034851651,1,2,1,1,2,1,2.085612311806205
Student,6.046615011558099,2,6.431269752886282,3,1,4,2.2395194263487808,2,1,3,4,4,5,0.0
Professional,8.195874198275558,4,4.870829304153371,4,4,1,5.82752641379455,0,1,0,3,2,0,4.159162601156592
Student,5.667415003582095,3,6.976058811869221,2,2,3,3.398959824836928,4,3,1,1,3,2,0.0
Professional,7.786073514263131,5,4.569914372219576,4,4,1,7.533542605371465,0,0,0,3,4,1,5.783146605720864
Student,4.109944528022392,2,11.255676877528511,4,1,4,3.0236690771561907,4,3,1,5,5,5,0.0
Professional,8.092766623504195,4,2.8628371257910277,3,4,1,6.814168292105843,1,0,0,1,2,0,7.9530565144931025
Student,6.019782813722426,3,9.917339337648261,4,2,3,2.4190470633567394,3,3,0,2,5,3,0.0
Professional,4.311644921641972,2,7.448449480810483,5,3,4,3.2537899887280726,1,2,2,4,2,4,0.0
Student,8.428133486318176,5,5.349712483674655,3,4,2,5.315337092342811,2,3,1,3,1,1,3.742341428941189
Student,8.216520494955475,5,5.223179224316738,2,5,3,3.8684205576730553,1,0,2,1,0,0,5.92622848939917
Professional,5.412604138288113,1,9.80109943530615,5,2,4,1.98414302998542,5,5,1,5,4,5,0.0
Professional,8.455824716322196,4,4.797894167191762,4,5,3,7.9488054050670796,3,2,0,2,2,0,4.352133129938017
Student,7.600704393371704,5,3.698287484233839,2,3,3,5.880263264127764,1,0,1,2,2,1,4.323742153851702
Student,7.814783486104485,4,4.5268314566807515,3,4,2,4.672957352483193,0,1,3,1,3,0,4.22769718618275
Professional,7.0082166489787845,5,5.903839600895281,2,4,3,3.3025807577689106,2,3,2,0,0,0,2.475390577551212
Student,7.687801073430614,5,4.472411415018785,2,3,2,3.3888961221371674,1,2,0,3,2,2,3.165798042643608
Student,6.940402195746255,4,4.333549839067805,2,3,2,5.6853720679303414,1,1,0,2,3,1,4.26741246570004
Student,5.234588289753451,2,8.167224192533771,4,2,4,1.370882576811702,4,5,1,2,5,5,0.0
Student,4.937689955338976,1,7.9245951482242125,4,2,4,1.7999753127963298,1,2,1,2,4,5,0.0
Professional,6.129813394159778,1,11.634440169761396,4,2,4,3.7259080854394577,4,4,1,3,5,4,0.0
Student,6.678944054098975,4,5.183152409713376,2,4,2,4.389387555020047,3,4,0,0,2,0,5.466241280831844
Professional,6.951053304825253,4,4.744373189309568,3,3,3,5.321764319463271,1,2,1,2,1,2,4.208452828250872
Professional,7.0583529405287795,4,3.315015710353928,5,4,1,5.933190737482457,0,0,0,4,2,1,4.965885294422672
Student,4.480967540758631,1,9.07502869569319,4,3,5,3.0042885462545876,5,5,1,3,5,3,0.0
Student,6.882032023029881,1,6.161542034432431,2,1,3,3.521261375356788,1,0,2,2,3,3,0.18362044545030543
Professional,7.270795702815552,5,3.518951942901441,4,4,2,6.111734065943588,0,1,1,2,1,0,5.863285532327007
Student,7.248881463027138,5,2.286754746003392,4,4,3,6.887324298752523,0,1,0,2,2,1,3.609322148620447
Professional,7.426001057258331,5,6.239333632346726,2,5,3,3.5535587360171443,2,2,2,3,2,1,2.8471127080124177
Student,8.31187443675288,4,2.62868165637186,3,4,3,7.702412902364202,0,0,0,2,1,0,6.180721989476225
Professional,7.679593765715998,3,3.4419487180620707,3,4,2,3.399170429727548,0,0,0,2,2,0,5.540207560479024
Professional,6.380373523397306,3,8.03852303733855,3,1,3,2.8298535432581966,4,5,1,2,3,3,0.0
Student,8.413273626104123,4,4.702963936388978,4,4,3,5.3181150834010085,1,1,1,2,2,2,2.568575824309892
Student,8.4458782562248,5,4.1228304173005945,2,3,2,3.544174843264469,0,0,0,1,0,0,5.474728673510487
Professional,7.425201548518421,3,5.346656812176327,3,4,3,4.2931172801453314,2,3,2,2,0,2,2.525663094949432
Professional,8.46830573368506,3,6.664417427853341,2,5,2,5.4610064334756245,1,2,0,2,2,0,5.967757377892831
Professional,8.686832081423123,4,4.688076573034201,5,5,3,5.089906627002271,2,2,0,4,3,2,3.7045543216258046
Student,7.646565899570669,5,5.211609108352441,3,4,2,4.3634491857043844,0,0,0,2,0,0,5.7624316865615794
Professional,4.767575908072136,1,8.521728540168539,4,3,4,2.800357359148332,2,1,2,3,3,4,0.0
Professional,7.658967440507263,5,4.861141012386904,2,5,2,5.033682988091503,3,2,1,1,1,0,4.459153860299285
Student,7.798406544647026,4,5.304369111443145,5,5,2,7.680368920078772,0,1,1,4,2,0,4.041640887230674
Student,4.790385145367119,1,6.436231794675151,2,2,4,1.4862016891364176,2,1,4,5,1,5,0.0
Student,7.071460849773704,5,4.943511469195238,5,5,1,5.607943292915957,0,0,1,2,3,0,5.253806236635836
Student,7.839001810719291,4,4.829353009315829,5,4,1,7.386685448511235,0,0,1,2,3,0,6.197698479578788
Professional,7.859606422614134,5,5.963575213344934,3,3,3,4.766067034672506,1,0,1,3,2,3,1.8046194534317284
Professional,7.584352832632429,5,6.352325405497803,3,4,2,3.3770220209371287,2,3,1,4,1,0,3.1792750668779792
Professional,7.807483526954504,5,4.817244118638854,3,4,3,5.848818356876112,3,3,2,3,1,2,1.9691045165929393
Student,4.021515599440706,2,8.079960540738789,4,3,5,1.0460947616663532,2,2,3,3,4,3,0.0
Professional,4.61018205576633,1,10.668278304785446,4,2,4,1.4722917705452923,5,5,3,5,5,5,0.0
Student,7.745958510602625,5,6.6038833376902915,2,4,2,3.2796320695879073,0,1,0,2,3,0,4.80295635079009
Student,8.365440955079148,5,5.779635681153046,2,4,2,5.4855296597384715,2,3,2,2,2,0,5.331243602424822
Student,7.83754270561422,3,5.330355539042342,3,5,3,3.1475944546866934,3,3,1,2,3,0,2.6416023114577025
Student,6.050746522872145,3,5.75001296429846,2,1,5,1.4592071826437882,2,1,3,4,5,5,0.0
Student,6.9002392789013465,3,3.4281312005499447,2,5,3,4.093074247520454,2,1,0,4,2,0,2.6484570735723416
Professional,6.291442994485507,3,9.81979529494158,5,1,4,1.7735808216211624,3,3,1,4,5,5,0.0
Professional,7.45770482572156,3,5.046035307497283,3,4,3,4.284634858599983,2,1,1,5,1,5,1.2856128867537362
Professional,8.4288304939994,5,2.0523791782514893,5,5,3,5.499802116026709,0,1,1,5,0,3,3.1860472761563976
Professional,7.407265799423905,5,5.503906481809052,3,5,2,5.151183723771127,2,1,0,1,2,0,5.750065923216133
Student,4.606061149544036,2,8.448085178832434,3,1,3,2.8704473210434687,2,1,0,1,3,1,0.0
Student,5.096233189223942,2,9.066271674209332,2,1,3,3.7073661637486546,2,2,3,5,5,5,0.0
Student,7.284455336303319,5,4.789581374912314,3,3,3,3.2623815181940725,1,0,0,2,4,1,2.867475448240046
Professional,4.9490175656909035,1,5.379528249543,3,1,5,3.0387240608943804,0,0,4,5,1,5,0.0
Student,5.1325130157747,2,9.7766325195431,4,2,4,3.776859747016637,3,4,2,4,5,5,0.0
Student,5.020948526471634,1,7.565019065181296,2,1,3,2.2104651010135763,4,4,2,1,3,3,0.0
Student,5.999614917843679,2,5.613924558718058,3,2,4,3.9680718163911743,0,0,0,2,1,3,0.0
Student,7.758491608528656,4,4.712126545743516,3,4,2,5.866508947307881,1,2,1,2,4,0,3.308739896333933
Professional,4.901331858362967,2,9.665805312934545,5,2,4,3.7487239334824674,4,4,2,4,5,5,0.0
Professional,7.147704621335354,4,4.970592924418872,3,3,3,4.247626351451942,0,1,0,2,4,2,2.3906085258590632
Student,7.770480128997962,3,5.560895690155889,2,4,2,3.690101343369092,0,0,1,3,3,2,1.7377625782066497
Student,5.555452986601149,1,5.13357970432737,3,2,3,2.5551310096170905,2,2,2,4,2,4,0.0
Professional,8.348719413542243,5,5.9336303352522055,3,5,3,4.345142343915443,2,3,2,4,4,1,2.5155470439053373
Student,8.207698339140933,5,2.4857626259444903,5,4,1,7.590612416007792,0,0,0,3,1,0,5.9725070505748254
Student,6.4099791851667876,1,7.11983309076005,4,2,4,3.40940347766736,3,2,2,2,2,4,0.0
Student,5.843096643456871,3,8.827797309072725,4,1,4,3.308439819308677,3,3,0,5,3,5,0.0
Student,4.5726806175158705,2,6.401280437530172,4,2,3,3.065254435254843,2,3,2,2,3,1,0.0
Student,7.267177267394455,3,5.083501054348353,3,4,3,5.735649978768378,2,3,1,2,2,0,2.7778831605282663
Student,7.451046900191971,4,3.9756086765044945,2,5,2,4.135760196037374,0,1,4,2,1,0,3.7260124825190335
Student,5.648050660690197,1,10.285824504940557,5,2,5,3.0942411329842496,4,5,4,3,4,5,0.0
Professional,6.966699698951931,4,5.056346550462848,3,3,3,4.160084055648403,2,2,3,2,3,1,1.155524805144975
Student,8.476586630810775,5,6.244600924982287,3,4,2,4.127709820014365,1,0,2,3,3,0,3.736764008489807
Professional,6.027652683246561,1,7.173147062782448,4,1,4,3.8144630178245618,3,3,1,3,1,5,0.0
Student,7.378085303851996,5,5.54536205238705,4,5,2,6.570282307426169,1,1,0,2,2,0,6.232202823929775
Student,5.983741895343024,1,9.82319920113703,5,1,4,1.4408787920090993,5,5,2,3,4,5,0.0
Professional,7.0484612671424784,5,5.447385234393881,3,4,3,3.1129989904918434,0,0,2,3,1,1,3.140088855836284
Professional,8.17150187745521,5,3.0865495308048057,3,5,2,6.75020623820339,0,0,0,2,3,0,6.674955760821161
Professional,7.427692175405267,5,6.874754816278606,2,3,3,5.427882085563975,1,1,3,3,1,2,2.312344843454116
Student,7.901364177627007,3,5.941903998538104,3,4,2,4.781631194814798,1,1,0,4,3,1,1.1592150993594477
Professional,8.616100238001591,5,5.8028500076195835,5,4,3,5.738590678319781,1,1,1,5,1,5,3.165436415428131
Professional,8.158483127782183,4,4.386748936370985,5,4,1,6.603735548197088,2,3,0,3,2,0,5.092766498569899
Student,8.128671189567733,5,5.9320513226244636,3,4,3,5.176553855005211,2,3,1,2,2,0,5.26140171370334
Student,7.712105530068765,4,6.015356046520943,3,5,2,4.196774938835404,4,4,2,2,2,0,2.216563105156457
Professional,4.986114191622056,2,8.752046315911336,2,2,3,3.959687590255747,3,3,1,2,2,3,0.0
Student,7.250529337404579,5,5.117677976833393,4,5,1,7.845988037257944,2,3,2,2,3,0,4.094698790721714
Professional,6.161057181404482,2,7.0820586288538365,4,2,5,1.0496441961665217,4,4,2,4,4,5,0.0
Professional,7.635285957698194,4,2.8535594829908923,4,4,1,7.386091747412379,0,0,0,1,1,0,5.935356914444209
Professional,4.9441400117583605,2,8.696809437678326,4,1,3,3.531802484077396,2,2,1,3,4,4,0.0
Student,4.619993669411442,2,9.155981257471556,5,2,5,1.0279332857927899,3,2,2,3,3,5,0.0
Professional,5.742788025859938,1,8.288502639869872,4,2,4,2.507437455955891,3,4,3,1,3,3,0.0
Student,4.785212695912291,3,5.939780543282819,4,1,3,3.5877273580478604,1,2,1,1,3,4,0.0
Professional,8.388870282537741,5,3.8249922561604355,4,4,2,7.949756562801448,0,0,2,3,1,0,6.629779527456647
Student,4.89592440440545,3,11.674444766934556,4,2,5,3.2716971936015264,5,5,2,3,3,5,0.0
Student,8.435454055284993,5,2.062050964137929,5,5,1,5.839160004195413,0,1,1,1,3,0,7.799747112273737
Student,5.07150787126093,2,9.182930348210167,4,3,5,1.9918112524800313,4,3,3,5,3,5,0.0
Student,6.810102327900788,4,4.142263812965265,2,3,2,3.3401525310865274,0,0,2,3,1,0,3.8051459316030507
Student,5.881813249795157,1,10.339752742546601,4,1,4,2.2051817886089324,3,3,2,4,5,5,0.0
Student,5.672124795285104,3,7.902071091082987,2,1,3,2.34935809961394,3,2,1,2,1,3,0.0
Student,5.868572841627151,1,6.3303247306182495,3,2,5,2.419305561776375,2,2,2,3,2,4,0.0
Professional,8.018066279474409,3,6.104090779597627,3,5,2,4.2439880012794795,1,0,0,3,1,1,3.5766796091976243
Student,5.091130497629501,1,9.676729448616362,5,1,5,2.4628523735004264,5,4,2,5,4,5,0.0
Student,7.451550015296328,5,6.655786819438772,3,5,2,5.704911868575474,2,2,1,2,3,0,3.774787772377533
Professional,5.20499756101897,1,7.077836356451332,2,2,5,1.817138389084744,2,3,2,4,4,5,0.0
Professional,4.630548466653877,2,9.12097977665266,2,1,3,1.2144848715985535,2,3,1,3,5,4,0.0
Student,8.416972542918678,5,4.49225786163913,5,4,1,7.6596784242964056,0,1,0,3,3,0,5.006768702728259
Professional,5.001665217328079,3,7.840963130071984,3,1,5,3.9468257955428907,3,2,2,5,3,5,0.0
Professional,8.94716362386992,4,3.9040011454360872,5,4,3,5.107168141443067,0,0,3,4,0,3,3.142526248552757
Professional,4.206641011782986,2,7.591367240127601,5,1,5,3.566676313818091,2,1,1,4,5,5,0.0
Student,8.16931362557996,4,4.750214569147518,3,4,2,3.7399770624977626,0,0,1,0,1,0,6.223793792337892
Professional,4.088672179291988,3,10.893659982230057,5,3,5,1.9803190712711995,5,5,3,5,5,5,0.0
Student,8.563999504983029,4,5.0281887019884355,4,5,1,6.7472698643725035,1,1,0,2,2,0,5.589059879640807
Professional,7.863756720553603,5,2.906458025040796,5,4,3,5.526659856867166,1,1,1,3,2,3,2.726967442357335
Student,5.313046150394145,1,11.205638040526717,5,1,5,1.5504455890693516,3,2,1,5,5,5,0.0
Professional,6.36493986829953,3,9.277213046476948,3,2,4,3.744519534528093,3,3,2,4,5,5,0.0
Professional,8.196462216181086,5,4.682171121029272,2,4,2,4.44402142430358,1,2,0,1,2,0,5.749362890896665
Student,4.710127199906009,3,11.528446500655445,4,1,5,3.290867391559793,5,5,2,3,5,5,0.0
Professional,8.931015105389276,5,2.757833127179455,4,5,1,5.620286598136065,0,1,0,2,1,0,7.576653098296015
Professional,8.573743158445094,4,5.369265559545871,4,4,1,6.054737233415889,0,1,0,1,4,0,5.715095287690384
Student,7.336475561081338,5,2.766380559195516,4,5,2,7.31510079187485,0,1,2,2,1,0,5.101339655832237
Professional,8.264275559383096,5,5.0771718018367515,3,4,2,5.477638808573139,1,2,0,5,4,3,2.638383777268122
Student,7.427631207938332,3,4.8143162531347965,2,5,2,3.022690243921822,0,0,1,1,2,0,5.752062502655137
Professional,8.559189035331833,5,4.332461902863867,3,5,1,7.856715585957349,1,1,1,1,2,0,9.105499287970812
Student,4.842624146376947,3,7.67994759853632,5,2,4,3.439435712933716,0,0,3,5,4,5,0.0
Professional,7.929957726117877,5,3.990628019217265,2,4,2,5.36813085472644,0,0,1,1,2,0,7.722518287894599
Student,7.74576653823881,5,5.54574231124823,5,5,2,7.41220571603843,2,2,0,3,3,0,5.688156477739781
Professional,5.92647535856522,3,11.100274576091039,4,1,5,1.9206156183364667,5,4,3,5,5,5,0.0
Student,8.235076666519115,5,2.117780363980409,3,5,2,6.690842942363997,0,0,0,1,2,0,7.599206895705093
Professional,5.1838749399004875,3,6.074775356032449,2,1,3,2.702904820461132,0,0,0,2,3,2,0.0
Professional,8.116593305487385,3,4.079547044664076,2,3,2,4.454894068804082,2,3,0,4,1,3,3.253967925441309
Professional,6.838579586703675,4,4.797062936244817,2,4,3,5.298769204318031,2,2,3,2,2,0,3.153623999830238
Student,8.726552967514241,4,4.756828017964839,3,4,1,7.150718138771191,0,0,0,2,3,0,6.554155183678359
Professional,8.096406913961989,4,4.658188181890409,4,5,2,7.2623261034513,0,1,2,4,2,0,6.532233044481501
Student,7.519249315309311,5,5.031547325229041,3,4,1,6.967020145445395,4,4,0,1,2,0,4.07011164301277
Student,5.42822203194493,3,9.407843053511126,3,2,5,3.8208225289735527,0,0,2,5,5,5,0.0
Professional,6.970517516498573,1,7.274975927147034,3,2,3,1.7882573858167243,3,4,2,1,1,0,0.9567778194985885
Professional,6.447834228331349,2,5.944123352601241,4,2,4,2.4125863846029936,2,3,3,2,2,4,0.0
Student,5.8426686408738435,2,10.841587454970659,4,1,5,1.1971660901223293,5,5,2,5,5,5,0.0
Student,5.803286714226968,1,8.248502574655443,4,3,5,2.191421673316699,2,3,0,3,2,3,0.0
Professional,6.069559712604759,2,9.124528376279773,5,1,4,1.9092709431094979,4,5,3,5,5,5,0.0
Student,6.9126316691264496,5,6.369640182674674,2,3,3,4.387177835106112,1,1,0,2,1,1,2.7511055015686976
Professional,4.991647446704515,1,11.573739366386594,4,2,5,2.67273418084889,5,5,2,4,5,5,0.0
Student,8.008876799412379,4,4.653789016734937,3,5,2,5.256417762510853,1,0,1,1,1,0,6.376336656404637
Professional,5.2493163143201995,2,7.41322786208991,4,2,4,2.337700076973637,1,2,0,3,3,4,0.0
Student,4.061359958959651,2,11.156143412493549,4,1,5,2.9182103045378365,5,4,2,5,5,5,0.0
Professional,5.750814536761146,3,8.702514360012966,4,1,5,3.5503372348203968,3,4,2,4,4,5,0.0
Student,4.895042652711023,3,8.318518427806945,5,1,5,3.212747401144574,3,3,3,5,3,5,0.0
Professional,7.195820999882284,3,4.252535743637484,3,5,3,3.8322031349483243,1,0,2,4,1,0,4.017051653900767
Student,7.9332477948911535,4,5.378755066939938,2,5,2,5.423277909946144,0,1,2,2,3,0,3.98295492460144
Professional,4.068408348093912,2,8.553558250044562,5,3,5,2.809700399937176,3,2,3,4,1,5,0.0
Student,7.231305366545066,3,6.706946107046993,2,3,2,4.208010064640847,1,2,1,1,1,1,2.9980760087562133
Professional,8.194120282293309,5,2.8931104216573877,3,5,2,5.856447403216118,1,0,2,1,0,0,7.174979044658118
Professional,5.6638930435968895,2,7.384952863409535,3,1,3,3.0020242761876683,3,4,1,3,3,5,0.0
Student,6.473234804991186,2,6.645746574966221,2,1,3,1.2934205126426168,3,2,1,2,1,5,0.0
Professional,8.966150575388271,4,5.119701388871307,5,4,1,6.036281709940428,0,1,1,5,1,1,3.3992234225037685
Student,8.059995137641467,3,4.247316480787996,2,4,2,4.90030653532286,1,2,2,1,1,0,5.09114102189643
Student,5.161921095701645,3,8.128599046944268,2,2,5,2.114214516217406,1,1,3,5,2,5,0.0
Professional,5.885772510435058,3,8.0458730409923,3,2,3,1.2753982968941133,3,2,3,2,3,2,0.0
Student,8.327006436210613,5,6.378010511593934,3,3,2,5.171750720102356,0,1,0,2,3,2,4.268304075986447
Student,8.929309363412258,4,2.261661575893996,4,5,1,6.699838932130714,0,0,1,1,0,0,7.538487534780604
Student,7.4524130334578995,4,4.570350223213794,2,3,3,3.0578309270591078,1,0,4,1,4,0,3.2054773406842036
Professional,6.554063000129263,1,8.175614207858144,2,2,3,2.179252296847005,2,3,1,0,4,3,0.0
Professional,4.820869603841343,2,5.587008775491677,2,2,5,2.0654562215393306,3,3,4,3,2,4,0.0
Professional,8.266664687049573,3,4.284908145453198,2,4,2,4.62675285197399,0,0,1,1,1,0,5.882581462830805
Student,6.827176540993387,2,8.49341936110283,2,1,4,3.082109423458994,4,3,1,3,4,5,0.0
Student,7.72587197291892,5,4.540468091321068,5,4,3,5.944654891920588,1,2,2,4,2,3,2.546295056982813
Student,4.682159551341076,1,9.572098553634738,4,2,4,3.1936346470196653,5,4,2,3,5,5,0.0
Student,4.827549312577086,1,10.563417702893176,5,1,4,3.6440640015464147,3,3,2,5,4,5,0.0
Student,5.495855636486757,3,8.455529309748968,4,2,5,3.073380984138697,3,4,3,4,5,5,0.0
Professional,8.428893685707836,4,6.184383532207734,3,3,2,3.6105145281955524,2,2,2,3,2,1,2.5658514128241205
Student,7.928287501545935,5,4.644693742648869,2,4,2,4.322608883582076,1,2,2,0,2,0,5.0074203798104975
Professional,6.839012508666107,4,3.0728710436869497,2,5,3,5.848504248690288,0,0,2,2,1,0,4.8072693144691385
Professional,6.7491956825154436,2,6.1984373461957185,2,1,3,3.126032031245991,1,1,1,2,2,2,0.0
Student,5.963507603052763,3,6.216190124107486,2,2,3,2.87170354434091,1,2,1,3,3,5,0.0
Student,6.8574630479932,1,8.973596028276038,3,1,5,1.991224041587218,4,4,3,3,2,5,0.0
Professional,5.744883881797959,2,6.72938028346012,3,2,4,1.0141861692696077,2,3,1,2,2,4,0.0
Professional,8.04310444566913,4,6.865296300398708,2,4,3,3.025641587468714,1,1,3,3,3,1,2.9967266277609035
Student,6.3481371356771925,2,11.630614929778876,5,1,5,3.3833662270263134,5,5,2,5,5,5,0.0
Student,6.834001245170823,4,6.405680149014463,3,3,3,3.50512137255798,1,1,1,3,3,3,0.0
Professional,6.981875077482822,4,3.52484570112264,2,4,2,4.838896159019985,0,1,0,2,2,0,6.256927274273124
Student,7.718894635542702,3,6.3647314319413235,2,3,3,5.592147111085918,1,1,1,2,0,1,2.894620865418741
Student,4.5249813309780835,1,10.43827268673872,5,3,5,3.2488148621538,3,2,2,5,4,5,0.0
Professional,7.278360022089229,4,5.600468546740581,2,5,3,5.256316193633872,2,3,1,3,3,2,3.3992816205201795
Student,7.186072568744679,4,3.7837935375756864,3,4,3,4.273808011761695,0,1,3,2,3,1,3.411166148780452
Student,8.430782686040942,3,6.943392348652374,2,4,2,5.8948665982097594,1,0,1,2,3,0,4.069859990995805
Professional,7.668622274001907,5,5.93261907599224,2,3,3,4.186363350897424,1,0,2,2,3,2,2.5400422593129934
Student,5.472371148635915,2,7.5593605964445825,2,1,5,2.6916370344354568,2,3,2,3,3,5,0.0
Professional,8.40745364620152,5,4.545139788777016,3,5,3,6.123610076904866,1,2,2,1,1,0,5.9352200258367995
Student,6.187439794478185,3,8.686502981631838,3,2,5,1.3239760557892402,2,1,3,3,2,5,0.0
Professional,4.664689316411525,2,7.611108974255216,5,1,5,3.0415533668367942,2,1,2,4,3,5,0.0
Student,7.385364415904769,5,5.4508193346785285,3,4,2,5.222452830978902,2,2,1,1,2,0,5.4271628673779695
Professional,8.005617804505244,4,5.091275089858906,3,5,3,5.183303632361463,2,2,1,4,1,2,3.6713461690381517
Student,7.611158385416231,4,5.94184726962628,2,3,2,4.573984322845776,1,0,0,2,3,1,3.3748928096984767
Student,7.639363405094498,5,6.7204051503865045,3,3,2,4.272100608835122,2,1,1,3,4,1,1.04903099749787
Professional,7.3368454724072025,4,4.437573663705576,3,4,2,3.970289847879519,0,0,2,2,2,0,5.185489109725577
Professional,6.589110319185969,3,3.60958250715095,2,4,3,4.45340842902391,0,1,2,2,1,0,4.032317742139998
Professional,7.884670157269431,4,4.149955236160116,3,5,2,3.070097216298227,2,3,1,2,2,0,3.7083514374085436
Student,5.662483934134268,3,11.373956687961055,5,1,5,3.3649524983331522,3,2,4,4,5,5,0.0
Professional,7.180673056640403,4,5.472662614279447,5,4,1,7.5048305322254745,1,2,0,4,3,0,4.393438640364352
Student,7.737854088744844,5,5.60105479725847,3,3,2,4.443883500048561,2,3,0,2,0,1,2.327920203636437
Professional,7.924164724201885,5,3.7061373930401906,2,4,2,4.1360029671184515,0,0,0,1,2,0,5.308906232300534
Student,6.377466233560771,1,9.20390674424219,2,2,4,2.284010314902461,2,1,1,0,5,1,0.0
Professional,7.5054255203985285,5,3.452896913790018,2,5,3,5.288336006173443,1,2,2,2,0,0,5.490391404197781
Professional,8.329515433049648,3,5.51113525295841,3,5,3,4.269707153985124,1,0,2,3,1,1,3.535103850007106
Professional,6.733258724543865,3,5.574925971717577,3,1,4,3.541488798119186,1,0,4,3,5,5,0.0
Professional,7.694892689697963,5,4.671441394018732,3,3,3,4.674966508161616,0,0,1,1,4,1,4.497966167108455
Student,8.154666996311363,4,4.788236088386096,2,5,2,4.095593668822625,1,0,1,2,1,0,5.339952441266753
Student,5.567808537175127,2,10.503806506525134,5,2,4,3.072789113193454,4,5,1,3,5,5,0.0
Professional,7.974163650534817,4,5.887858552262228,2,3,3,4.030391337568927,1,2,2,3,3,2,3.077365188043143
Student,4.452838399745766,2,7.399503662860176,4,3,5,3.46343265075289,4,4,4,3,5,3,0.0
Student,5.617119790955285,2,9.520472373371586,2,2,3,2.9577981729443805,3,3,0,0,5,0,0.0
Student,8.245184233088532,3,3.342967832285048,3,5,3,3.73628514069138,0,0,0,3,0,1,4.402137917793004
Professional,6.336554526569937,2,7.367407777925103,4,2,4,1.2015462784531485,2,3,2,3,4,4,0.0
Professional,4.259899955766145,3,9.816504611346422,4,3,5,2.6235748791533084,2,2,4,3,4,4,0.0
Professional,6.989079172393432,5,4.598659623022968,3,5,2,3.460259091488238,2,3,1,2,2,0,4.240540301870133
Professional,7.991612091821476,5,3.0236160070030644,4,5,2,5.454313310025684,0,0,0,2,1,0,6.98632795818452
Professional,7.702029733917666,5,4.06103481619383,2,4,3,4.538375254604155,2,3,1,2,2,0,2.740479898106621
Student,6.4385932301646385,3,7.927810357133097,5,3,4,3.3132762214006695,4,5,2,5,3,5,0.0
Professional,6.910039339560328,5,4.047901056556773,3,3,3,3.8355271968190356,1,1,2,3,3,2,0.7254365929161258
Student,5.221564166258463,2,7.080010066636736,4,2,4,1.791548612844917,2,2,0,4,4,5,0.0
Professional,6.894787185076228,5,6.822766407507958,2,3,3,4.683561598525182,2,2,3,2,2,1,2.456515157068295
Student,5.480715656178845,1,7.95153275171147,3,2,3,1.2689975486236278,4,5,1,2,2,3,0.0
Professional,6.53601041509207,5,4.772862487069675,3,5,2,5.912456971201867,3,3,0,2,3,0,5.533870862636064
Student,6.475564943155479,1,10.664994432249218,5,3,5,2.1256495873154346,2,1,1,5,5,5,0.0
Student,4.707530578751373,1,10.232726952385036,5,1,5,3.6480412399898916,5,4,4,2,5,5,0.0
Student,7.415451774584967,4,3.613056732559468,3,4,1,7.49318300898641,1,2,0,1,2,0,5.847838955265813
Professional,5.57738713752649,2,7.238895680975468,5,1,4,2.7948036446282787,1,1,2,3,3,5,0.0
Student,7.956182734127201,5,3.428688269659477,4,4,1,6.593538300217865,1,0,2,2,1,0,4.8330250309922755
Student,7.880820847244092,5,5.212196101364842,4,4,1,5.901947280657858,1,2,0,3,4,0,3.0743465235926255
Professional,5.263008175844286,2,8.575891425764247,3,1,4,2.9499379689093446,2,2,2,3,3,5,0.0
Student,6.776994651146612,5,4.51958379886818,2,5,3,4.425020525202498,2,3,0,3,1,1,3.242888689603094
Student,4.241518663208466,1,10.875832617136478,5,2,5,3.5701798960131486,4,4,3,5,5,5,0.0
Student,6.962471755611787,3,9.335794830748139,2,2,3,2.6971307133517,4,5,0,2,5,3,0.0
Professional,6.865961463740052,2,6.640103082828812,3,1,5,1.378289781724236,2,1,4,3,1,5,0.0
Professional,5.2934125157719345,3,5.312780580137034,4,1,4,2.6840793761454074,2,1,3,4,2,5,0.0
Professional,5.716320461226684,3,7.872995740449654,4,2,5,3.0308640288621684,3,3,2,4,2,5,0.0
Professional,6.64457123970136,5,4.857873925892234,2,5,3,4.531618386071945,1,0,2,3,2,1,3.999176859082907
Student,4.365196999143649,3,7.102643089908934,4,2,4,2.381846924061655,2,1,3,4,5,5,0.0
Student,8.515862063915902,4,3.2911538816586394,4,5,3,6.945409807732126,0,0,4,4,2,2,4.336100993130787
Student,5.322332154175458,2,9.154222970610348,5,1,4,3.0327724995349103,4,5,2,5,4,5,0.0
Professional,6.042579312048586,1,8.261726036976338,5,3,4,3.4736496582314897,3,4,3,3,4,3,0.0
Student,4.608848106930474,2,6.389125430201162,2,2,4,1.9659704924431365,1,2,2,1,4,3,0.0
Professional,6.334715749723689,1,10.495239880280563,5,3,4,1.6464770511883264,4,5,2,2,3,3,0.0
Professional,5.806232080969728,3,7.802188592345564,3,2,5,3.377619684349493,1,1,1,2,4,4,0.0
Professional,6.303453702113233,1,8.061143689253855,4,3,5,3.4096824004201114,3,4,3,4,2,5,0.0
Student,6.726659026290883,5,3.3898934242852157,3,5,3,5.665069620534975,0,0,0,3,0,0,6.179789873829914
Student,4.633519548134672,3,10.907999872871253,4,1,5,1.2020092088221737,3,4,4,3,5,5,0.0
Professional,7.507123997538674,4,3.488840291553874,5,5,3,7.312901180787308,2,3,2,3,0,0,5.343827568898027
Student,8.210136460805941,4,5.442031581091314,3,4,3,3.366666322885534,1,0,3,2,3,0,2.332116092427312
Professional,7.226823414188872,5,4.314206971778103,2,4,2,4.874801432745748,2,1,1,2,3,0,4.016720453413338
Professional,6.401783026016744,1,8.937021918074494,2,2,4,2.3571740809499593,2,1,2,3,3,5,0.0
Professional,7.734698578752183,3,4.752876597942636,3,4,3,3.4239716371133357,1,0,0,2,1,1,2.5794416788061367
Student,6.051523868479384,2,8.659851838740176,4,2,4,1.272402401273508,2,3,1,4,4,5,0.0
Professional,4.712935667914589,3,8.104938465374271,5,3,5,2.3392366280415393,3,4,1,3,5,5,0.0
Student,6.413099446150481,1,9.27206894093851,4,1,5,3.925360425403772,5,4,2,5,4,5,0.0
Professional,8.892001023847463,5,3.8583470282843013,3,5,2,6.440527885957662,0,0,0,0,1,0,7.619533224986389
Student,8.126463409734312,5,5.686887723950223,3,5,3,5.981665941989403,1,1,2,4,3,1,3.8099783412933164
Student,4.86380785164448,3,9.349202286972597,5,2,4,2.8314664081000194,5,4,2,4,3,5,0.0
Professional,4.7115927180539625,2,7.409616148836979,5,3,4,2.030008978479136,1,0,2,3,3,4,0.0
Professional,7.75110521046686,4,3.5811343220020553,3,4,1,7.857663621336718,0,1,1,1,2,0,6.947689733628792
Student,7.836669000577766,3,4.309581078065022,2,4,2,4.881570840938482,1,2,1,1,3,0,3.561557637842898
Professional,6.039480864347872,1,9.169906323904804,5,3,5,2.6368680114382723,1,1,3,5,5,5,0.0
Professional,8.472708456686734,3,4.559534421828868,2,5,2,4.412704408487246,0,0,0,2,2,0,6.648511028573045
Student,6.673862487464913,5,3.5771475534205655,3,3,2,4.70464232792436,0,1,2,4,1,4,1.1447496775140324
Student,6.834517111699391,4,6.4961907501863125,3,5,3,3.3571522948137558,2,3,2,3,3,3,0.570628714866109
Professional,7.706485718368466,4,5.656237172350298,3,4,2,4.61843809449037,2,3,1,3,2,2,1.5873987283673108
Professional,5.918570348514431,3,5.714290866735513,3,2,5,1.6158862871490616,1,1,2,4,1,5,0.0
Professional,7.081320594186437,3,5.588236658793644,3,3,2,3.723922679888926,0,1,1,2,2,2,2.6645385789458067
Student,5.08651604203439,1,9.245302859687218,4,2,5,3.326942877919228,2,1,3,5,5,5,0.0
Student,5.528211152482624,3,5.013772664705958,2,1,3,1.462030027066728,0,0,2,2,2,2,0.0
Student,4.318205629701144,2,11.377604386992353,4,2,4,3.931500401533759,3,2,2,3,5,4,0.0
Professional,7.2452408602032055,4,3.7334387236154836,2,5,3,5.219512978653878,0,0,2,1,2,0,5.999763641090352
Student,6.475704637795466,3,11.02194543479385,4,1,5,1.798290783829748,3,3,4,3,5,5,0.0
Professional,7.97439320313257,5,5.932835371039312,3,4,1,6.628421538315518,0,1,0,2,4,0,5.461762411872604
Student,4.232535238613085,1,9.72637803300583,5,1,4,1.9220665745079728,2,1,3,3,5,4,0.0
Student,8.148123185762078,3,6.612855709075001,3,5,3,5.513464404289336,0,1,2,3,2,1,3.3960260629345598
Professional,5.7511564673207065,3,7.435154937934451,5,1,5,1.0149066905208635,2,3,1,4,4,5,0.0
Professional,6.989698823375474,3,5.241058793557673,3,2,4,3.112705503666649,2,1,4,2,2,3,0.0
Professional,7.962494925462606,5,4.046081288919534,4,4,3,7.013484618350689,0,1,1,3,1,2,3.5436402779929783
Student,7.963840250512294,5,4.965586629320439,3,4,3,5.8015692554842735,0,0,2,2,4,0,4.329132491883894
Student,7.894472985308214,5,4.246016671159629,3,5,2,5.334159422316115,0,0,0,2,2,0,7.549688438500972
Professional,7.852738834759388,3,6.756430805516709,3,3,2,5.241642621091671,1,1,0,2,4,1,2.943229794817449
Professional,8.177728154478714,4,6.828532797633704,3,3,2,5.112860985152114,1,0,2,4,3,3,2.2002368230994147
Professional,4.6458344040433115,3,5.672316549769712,4,1,3,1.7396604418428165,2,3,3,3,1,5,0.0
Professional,8.044996861128027,3,4.44839110685615,3,5,3,3.383315488994452,1,1,0,1,2,0,4.445193176962306
Student,6.564395951890611,4,4.879172919886788,2,5,2,3.9099727334263563,2,3,0,2,2,0,2.9752945588313198
Professional,7.141556027340307,4,3.363425319143011,3,3,2,5.256729869229281,0,0,0,2,1,2,3.4301115293768474
Student,4.632837766310598,2,6.549448865525811,3,2,5,1.734083413482966,4,5,1,5,2,5,0.0
Student,7.905943174381467,5,5.929479460181116,4,4,1,5.823661539006933,3,2,1,0,3,0,5.8454355601065275
Professional,8.22639072272108,4,3.1534390643076367,4,5,2,7.064684112040458,1,2,1,2,1,0,5.6206731564860455
Professional,8.067670632769955,5,5.1277517086213305,4,5,2,6.799183179773079,0,1,1,4,1,1,5.057502986079272
Student,6.550616728630821,3,6.331988027209263,3,4,2,3.3643094190366156,2,2,0,2,2,0,0.0
Student,4.058702820524387,2,7.385160487903757,5,2,5,3.6209770950757885,2,3,4,4,5,5,0.0
Student,4.760124667246737,2,10.673532465885781,5,2,4,1.0354080208553356,3,3,1,4,5,5,0.0
Professional,6.756767245839064,3,4.9879301421652045,2,4,3,4.120196116874887,2,1,3,2,3,2,2.907968681368776
Professional,6.134975941753742,3,10.33480476842922,5,1,4,2.3388990323875767,4,5,2,4,5,5,0.0
Student,5.672800704265117,2,9.82005041382418,3,2,5,3.594414252737801,3,3,3,4,3,5,0.0
Professional,7.146094092649504,5,5.330129320772889,3,4,2,3.9506111647200655,2,3,0,4,3,4,2.280448549932247
Professional,8.27500630502485,5,5.204047131135962,2,3,3,3.8565602251955546,0,0,1,2,2,2,4.363693537729332
Student,7.7339583193320784,5,4.4072428793841985,2,5,2,3.1169234572782667,1,2,0,0,3,0,7.129290561174714
Professional,7.914547762578525,4,4.343547249919004,2,4,2,3.6203270944437054,2,3,0,0,1,0,5.085760513261128
Student,5.910149871264577,1,5.9115013329456145,4,2,3,1.2305309776294626,1,0,2,3,4,3,0.0
Student,4.1262483608633325,1,11.264498222749491,4,3,4,2.6072635461203593,2,1,2,4,4,4,0.0
Professional,6.431785879898774,2,11.991182219487541,4,1,4,3.795237571278208,5,5,0,4,5,5,0.0
Student,7.868708134944428,5,5.009693815289939,3,4,1,5.291332968620855,1,2,1,2,1,0,6.507107005211344
Student,7.482993037937936,4,4.154762936250542,3,3,2,4.731890006678475,0,1,1,3,3,0,4.131489481652577
Student,6.318671151454565,3,8.164085548950007,4,1,4,1.8958586696664899,2,2,3,3,3,4,0.0
Professional,4.192576147990175,3,10.682633686612256,4,2,5,1.9234055367993979,3,4,4,3,4,4,0.0
Student,6.400295932216228,2,11.030102925148505,4,3,5,2.0376744673803273,1,2,2,4,5,5,0.0
Professional,5.492272804696458,2,6.352999891667636,2,2,3,3.699905393246329,1,2,1,2,3,3,0.0
Student,8.493062039989029,4,4.602406674711842,3,5,1,5.006534323671734,1,2,0,2,0,0,5.698271614894313
Professional,6.343341477415844,1,8.612307017133634,5,1,5,2.59033046423571,4,4,1,5,3,5,0.0
Student,6.274538337675914,2,9.093551584284272,3,1,3,3.1577700872097028,3,2,2,2,4,3,0.0
Professional,7.849179537842511,4,4.817400353632486,3,3,3,3.077966814549164,1,2,2,2,2,0,2.067998135491298
Student,8.341557872348897,3,4.524176980724857,2,5,2,4.820669504910468,1,2,0,2,2,0,5.416209118866535
Professional,7.562482223896584,4,4.003212588022315,3,3,2,3.813326631675235,1,1,2,2,2,1,2.47720927109587
Student,7.453575823466464,5,6.414702532993864,3,5,2,3.292769326973482,2,1,1,1,4,0,3.6733823805156973
Professional,4.486460082084525,1,10.574932394234196,5,3,5,3.9809096225185785,4,3,3,5,5,5,0.0
Professional,8.163079529364339,5,2.8594334766936242,5,4,1,6.30991368709287,0,0,0,2,1,0,7.824518421585288
Professional,5.598028144322005,1,5.10695676721314,3,1,3,2.4203026087578334,0,0,1,2,3,5,0.0
Student,5.403221057395498,3,8.606338183899224,5,1,4,1.0331585591670325,2,3,3,4,4,5,0.0
Professional,6.041744088975493,2,7.208602299291961,5,3,5,3.051081166028121,0,1,2,4,4,5,0.0
Professional,7.997263620406446,4,3.3004573072805283,2,3,2,5.868716834129206,1,0,1,0,3,0,5.851839455177355
Student,7.110960125817817,3,4.143314162706798,2,4,2,5.382202713694857,2,3,1,1,2,0,4.374120842433701
Professional,5.6288024523505795,3,10.279391837755712,4,1,4,1.474413952991863,4,4,1,4,5,5,0.0
Professional,4.3561180067302185,1,9.766635994918346,5,2,4,3.42660756388229,3,4,3,4,4,3,0.0
Student,4.78333524793034,3,9.417467348414496,3,2,5,3.8993810119873444,3,4,3,4,2,5,0.0
Professional,6.701348015660977,4,3.684426605243278,3,3,3,5.475672931354606,1,1,1,2,2,1,2.3549876035421473
Professional,6.621112228415012,5,4.5695595166069625,2,5,2,5.339203169855381,0,0,1,0,2,0,7.417488195396578
Student,4.116173693547359,3,11.596226640929132,5,3,4,1.9330833071318159,4,5,3,4,5,4,0.0
Professional,8.168201274114848,5,5.199843101778719,2,3,3,4.606250323967563,2,3,2,2,3,1,2.2058000267899978
Professional,7.743440962270591,3,6.396291947202565,3,5,2,3.489705803962764,3,3,2,2,2,0,1.6085240216960477
Professional,8.74844347002387,4,3.962364750820033,4,5,2,5.131806469504959,1,0,0,1,2,0,4.357255530559408
Student,6.79059683630876,3,6.049540286099834,3,5,3,5.845594475883608,2,2,1,3,2,1,1.8741785095013448
Student,7.00413778286868,5,2.828422985116948,5,5,2,6.478508528277241,0,0,0,3,2,0,4.573057410760066
Student,7.432730771090199,5,3.081457306890391,2,4,2,4.057327465552904,0,0,2,1,1,0,5.385772185581571
Student,8.055838440855023,3,6.617710454802768,2,3,2,5.957175759639165,2,3,2,3,2,1,3.1632300355909018
Professional,4.5357505173530015,3,11.20239725512649,5,2,5,3.81186443409093,5,4,2,3,4,5,0.0
Student,5.9318070212366525,1,5.944268844278638,3,2,3,2.9160751986641387,1,0,1,3,0,3,0.0
Professional,4.077557447929247,3,8.197041713342974,4,2,5,3.3834152427091104,3,2,3,5,3,5,0.0
Professional,7.208137564115922,4,5.096425787482246,5,4,2,6.030539465304768,0,0,0,5,2,3,3.538116496989963
Professional,8.396351230165003,3,6.331258304493277,2,4,3,4.044906755536076,3,3,0,2,2,1,0.4688147421863622
Professional,8.749734673272979,5,4.947520440493305,4,5,1,6.393473281048817,1,2,2,2,1,0,5.9784214810496685
Student,6.764248620533669,5,6.56165209943608,3,4,3,3.4190713841025424,2,2,4,2,4,0,1.6356335152836337
Student,7.427469310299209,5,5.712216806383089,5,5,3,7.232012517700154,1,1,2,4,3,0,2.942839248854324
Student,4.842641498030109,2,8.606612221075636,5,2,5,1.2230652917266733,2,2,3,4,4,5,0.0
Student,6.245172548284616,3,6.235934148057426,4,1,4,3.764203950952469,2,2,2,5,1,5,0.0
Student,5.659611559124889,3,8.78706446391099,5,3,5,1.4713417993822633,4,5,3,4,2,5,0.0
Professional,7.022600672063573,4,5.0819757806622246,2,5,2,4.30350491821787,2,2,0,3,2,0,4.795180894677022
Student,8.178514739068525,4,5.561624907633835,2,3,3,4.2646230884129555,2,3,0,1,2,0,3.4520348559135576
Student,5.494493291210179,3,7.882669259092424,4,2,5,3.706494026188687,2,1,3,5,4,5,0.0
Student,6.46144292002349,3,7.611716079262209,4,3,4,3.284750207470402,4,4,1,3,5,5,0.0
Professional,7.291337806470462,5,5.795370179202653,3,4,1,7.593542762584363,1,2,0,1,2,0,6.6899527276938535
Professional,6.733716507918138,4,3.5839742034777298,2,5,3,5.511560439127333,1,0,3,0,2,1,5.244173497494064
Professional,6.63851283661242,4,4.358543293660807,2,4,3,5.239547506240921,1,2,2,2,2,0,3.958405945450182
Student,6.523234604365337,5,3.9842273271920394,2,5,3,4.755426448935754,0,0,3,0,2,0,5.237639351123007
Student,5.1395880926318185,3,6.050171692554413,2,1,4,2.740930268492067,2,2,5,4,3,5,0.0
Professional,8.932333719761214,5,4.876147136685019,5,4,2,7.410656090896554,0,0,1,3,1,1,6.566059152675671
Professional,6.545580313013835,1,8.788530822732934,4,1,3,3.926695551933064,3,2,2,2,3,3,0.0
Student,7.68141306694003,4,4.167496327870143,3,5,3,3.08259684517643,1,0,1,1,1,0,5.775378817453186
Student,7.95951124231675,4,2.42978804907938,3,5,1,6.06851429909026,0,0,0,2,1,0,7.7478536894678935
Student,8.561645217724267,4,4.867997196074247,5,5,3,7.598369989582057,0,0,3,3,4,0,3.011210193597928
Student,8.401595981952546,3,4.659571095274314,3,5,3,3.927644907792831,0,0,1,4,1,3,2.3309245638879372
Professional,6.706923263848221,1,6.943388286290408,4,2,3,3.2555668441648944,4,5,1,4,2,5,0.0
Student,5.304927393764658,1,5.964603631294619,3,2,5,3.10480969530415,1,1,4,2,2,3,0.0
Professional,6.938934690592932,1,9.913043192868445,3,2,4,3.8533290896015493,2,3,1,2,4,4,0.0
Student,7.879903576547012,5,5.592936874201179,3,5,2,6.500636711629726,1,0,1,2,1,0,4.231080865312394
Student,6.5276617614198456,5,6.152705870961288,3,3,3,5.228721028866823,2,1,2,2,2,0,3.7412100099790053
Professional,6.648553853211791,4,5.393138975647002,2,4,3,5.815038904675176,1,2,2,2,3,1,2.4118301628717407
Student,5.72846168138555,3,9.295072402702969,2,2,4,1.9783591961399645,3,3,1,3,5,5,0.0
Student,7.523780066489641,3,6.836518179142162,2,4,2,3.629851868061182,3,4,1,1,5,0,3.381936806959307
Professional,7.869221555138405,4,4.960564664688203,4,4,1,7.254207603778147,0,0,0,2,4,0,6.046226467323339
Professional,7.194091453698242,4,2.3252520873942926,5,4,2,7.813089737123168,2,2,0,1,1,0,4.915790939616629
Professional,8.59106253466608,4,4.021549797627477,4,5,3,6.797458065687685,0,1,0,2,2,0,7.743581588914161
Professional,6.006226899798622,3,5.831002836831539,3,2,3,2.099505887070003,1,2,3,1,3,2,0.0
Professional,7.683885254027738,4,5.971332061578272,3,5,3,3.536745865751789,3,4,1,3,2,0,2.9217189277798896
Student,7.783137484959401,4,6.876661161797456,3,4,2,3.6894182670642373,1,0,2,2,2,0,3.3867397859554607
Student,6.969834159907076,3,5.599668593757118,2,3,2,4.080963721553571,1,0,1,0,3,0,3.321741828413767
Student,5.2522706662312615,1,8.443897537386526,4,1,4,3.758523586580459,3,4,1,4,3,5,0.0
Student,7.902645501812551,5,5.841768107218231,3,3,3,3.2790961625448163,3,4,3,2,3,0,0.48315387125984866
Student,8.382933576274919,3,5.507165936931088,2,3,3,5.6080303945572485,2,3,1,2,3,1,2.423046088779369
Student,4.7442443744585825,1,9.519825217021259,2,1,3,2.47315984941396,4,5,3,4,4,5,0.0
Student,5.326912327547618,2,9.781685310343764,2,1,3,2.7585977131751522,2,1,0,1,5,3,0.0
Student,8.21134183671057,4,5.09185424825621,2,3,3,5.651927361365401,3,4,1,2,2,0,2.591347091418455
Student,6.433953313718629,2,7.427174469914843,4,2,4,3.7800082259124275,1,0,2,3,5,4,0.0
Professional,5.986439964071273,1,7.22195266043177,2,1,3,2.983683490684448,2,3,1,2,3,5,0.0
Professional,7.468479690068218,5,3.6322787966406556,2,3,3,5.638626657514359,0,0,1,3,2,2,4.035487038190868
Professional,6.801963047425119,3,4.281418620018616,3,4,3,3.674213730900849,2,3,2,2,1,1,2.908645621307418
Student,7.45829999466975,3,5.221283092213404,2,3,3,4.841369109225328,0,0,0,2,2,2,2.739673443597799
Professional,4.8330032349000005,1,7.116238172565727,5,2,5,2.568835981438103,2,3,3,4,3,5,0.0
Student,7.480855731638177,4,3.6688944152291794,3,4,3,4.097615074082686,0,0,1,3,1,0,4.347311968328075
Student,4.610051645379916,1,5.509387208887007,2,1,3,3.3663080412379185,1,2,0,2,2,3,0.0
Student,6.470662974634392,3,9.353067856869929,4,3,5,2.109263186350286,4,4,3,5,5,5,0.0
Student,4.641338569577261,2,9.812421933511345,5,3,5,1.3285457420189164,3,2,3,4,3,5,0.0
Student,7.021505362866696,4,4.114925264137563,3,3,3,3.245370933733252,0,1,3,3,1,3,1.7526864820105181
Student,5.937140742230776,3,8.802178873601525,5,2,5,3.2364531909376355,4,5,3,3,3,5,0.0
Professional,7.9589569722649545,4,3.9344756748719143,5,5,2,7.677387978069095,1,2,2,4,2,1,4.618169669587553
Student,8.201354266088384,5,4.510052186301796,4,5,3,6.249756144284084,1,2,1,1,1,0,6.2570891429280175
Professional,8.064343238373791,5,4.656779476776545,3,5,2,5.828008317242587,3,3,2,2,2,0,4.775335086624879
Professional,5.3373919502873015,3,7.747545556400279,5,1,5,2.383539390881949,2,1,3,3,3,5,0.0
Student,6.122483971760724,2,5.211358176108881,4,1,3,1.7874125986438467,0,1,2,2,1,2,0.0
Professional,6.912779627815341,3,8.930459175756303,3,2,4,1.68468380792146,0,1,2,3,3,3,0.0
Student,8.513763036042006,5,2.3097119281910437,4,4,2,5.267094724994311,0,1,1,2,0,0,5.804213250058865
Professional,7.6364176699346995,3,4.588792947445159,2,4,3,3.011780058363972,1,1,2,2,3,1,2.019323541085713
Professional,7.5405960395117555,4,6.64777942651341,3,4,3,3.023216952274263,1,0,1,2,4,0,2.656629591994012
Professional,7.933715681759114,4,6.995903916210279,3,5,2,5.95066038384838,2,2,1,1,4,0,5.266461877243654
Professional,7.059777920934853,4,3.2883436353819975,5,4,3,5.4617603983586696,0,0,3,3,0,2,1.2154421259786063
Professional,4.333333848179365,2,9.109816831042926,4,1,4,2.2654494064259842,4,4,3,4,4,5,0.0
Student,4.398751292261021,3,11.93672471598931,4,3,4,1.9542816787070052,5,4,2,2,5,2,0.0
Student,6.621176560423549,3,5.649578373442216,4,2,5,1.957998495556998,1,2,1,3,2,4,0.0
Professional,4.941646009179902,3,6.781911974189234,2,1,3,3.488023821164185,2,2,2,2,3,4,0.0
Professional,6.078648092506117,1,5.86087702196811,2,2,3,2.1533034431097198,1,0,0,3,2,4,0.0
Student,8.164609530742903,5,3.195363810809134,3,4,2,4.356136319782388,0,0,0,4,0,0,5.155472772596308
Student,7.826908315115576,5,5.073354618162133,3,4,3,7.014568952528703,1,2,1,1,0,0,4.8518665489934465
Professional,8.074922610476971,3,5.906492594161567,2,3,3,3.6741464018365253,1,1,0,3,3,2,1.1810769794485365
Student,7.387582606424226,5,5.805917487586848,2,5,3,3.470828546338593,3,3,3,2,1,0,3.312574743462683
Professional,7.660926770112785,4,4.521207639158942,3,5,3,3.141310546017155,1,0,2,3,2,1,2.955607307226694
Professional,7.830364431469258,5,6.171419920573618,3,3,2,4.126578376617718,2,3,1,2,3,0,4.025575024065694
Student,5.576868628413052,2,9.73591701933495,4,1,5,2.9382123337589503,5,4,3,4,5,5,0.0
Professional,4.859537904851767,3,6.6723862445865505,3,2,5,3.622874046546435,0,0,3,3,2,5,0.0
Professional,7.630513750537451,4,4.129047865231536,3,4,3,5.42524691034443,3,3,0,2,1,0,2.4445356422817075
Professional,8.129936806508827,4,3.4099490630410196,5,5,2,7.451718437636347,0,1,1,4,1,2,5.392445193079773
Student,4.361654526792558,3,7.873872668379018,4,3,4,3.453849747921993,4,3,3,5,3,4,0.0
Professional,6.880192130897199,4,5.3507946320404605,3,3,2,3.20490121058081,0,0,1,2,3,0,3.1941121432339745
Student,4.027900763703359,1,9.939589676519795,4,1,5,2.346316072893684,3,2,3,4,4,5,0.0
Student,7.841822668548019,4,5.9989355432550235,3,3,3,3.5385495225486983,2,3,3,3,3,2,0.0
Student,6.05483169831281,2,8.861521012527586,5,2,5,2.289211714109036,4,5,2,5,4,5,0.0
Professional,4.498118833377707,1,8.031152204689475,4,2,4,3.480343526106279,3,4,2,3,4,3,0.0
Professional,7.754217349953384,4,5.8081181999302505,2,3,3,4.207431939267856,4,4,3,3,3,2,0.881881569292399
Student,6.728867398536864,4,3.484339099996638,3,4,3,3.1063213869647166,1,1,1,2,1,1,2.741363397362658
Student,6.323610662062432,3,7.954628364788926,4,2,5,2.975846629019635,1,1,1,4,3,5,0.0
Professional,4.513604159443354,1,9.046251587786069,2,1,5,3.727023204332767,3,4,3,4,5,5,0.0
Student,6.661954504999491,5,5.980647749962346,2,4,2,5.338602339488711,2,2,1,3,3,0,3.74712535315548
Professional,7.094225052791191,5,5.924460918826362,3,4,3,7.731345320794962,3,3,3,3,1,2,2.558655733570415
Student,8.521213945031631,5,3.094244426209453,5,4,3,7.830872190855605,0,1,2,2,1,1,6.048959938844831
Student,6.6622163946306125,1,7.97888497500868,4,1,5,3.3904596797298363,2,2,1,4,3,5,0.0
Professional,4.5001171744790165,2,5.185363930594455,4,1,4,1.343487422309922,2,2,2,4,2,5,0.0
Professional,4.006805775811746,2,11.925025766365097,4,1,4,1.4486148634817169,5,4,2,3,4,5,0.0
Professional,7.82134193287732,4,3.3392789967914402,5,5,3,7.7950648673495495,0,1,4,3,1,0,4.203316886021159
Student,6.0604233028851535,1,9.674206453162117,4,2,4,1.0030644971516325,4,5,2,5,4,5,0.0
Student,4.654453537414732,2,11.501477324157559,5,3,5,3.441938700902768,2,3,2,2,5,3,0.0
Student,6.64882927289551,3,5.768855596218586,2,3,3,4.011593252558254,2,2,3,0,1,0,2.1607026599398034
Student,6.988982391013544,5,4.5531924855936285,2,5,3,4.01721428955031,0,0,0,1,3,0,5.8094696662085274
Student,5.159410880025446,1,5.714456766001979,4,1,4,1.4977973738474462,2,3,3,4,1,5,0.0
Student,6.973845835458954,3,5.8563450376430986,2,1,5,2.4912059093642265,1,1,2,3,3,5,0.0
Student,7.436988157668757,3,4.647137658159168,3,4,2,5.294942794030542,0,0,0,2,1,0,4.787474154886926
Student,5.419868710006236,3,8.071383927820587,4,2,4,3.2847289826714308,1,1,3,2,3,3,0.0
Student,6.296554200191206,2,8.822719619721681,4,1,5,3.104150599142596,3,4,3,5,4,5,0.0
Student,7.434197339252735,3,5.768376140114706,3,4,2,3.716883718436476,2,2,1,2,3,2,1.2876932050684964
Student,6.94949780772467,2,7.001618114223129,4,1,3,3.1968956178003265,2,2,1,3,3,5,0.0
Professional,7.088201371092687,4,5.167658848146326,3,5,3,4.654598806485242,2,3,2,3,3,0,3.5388064173048615
Student,7.883486518601584,5,3.146893830526478,3,5,3,5.160808761434722,1,1,1,1,1,0,7.042391702956317
Professional,6.0387214685571475,3,8.75783790031344,5,1,4,2.3031460731609084,2,2,3,4,5,5,0.0
Professional,7.299423168146614,4,2.771489799401127,3,4,3,7.835855426035474,0,0,3,4,0,3,3.4795994868525963
Student,7.699072649716735,5,6.3717674368123145,3,3,2,5.570908153321343,0,1,0,2,2,0,5.107431642806167
Student,8.947561176969854,5,5.960397179350736,5,5,1,7.308138335085792,0,0,1,4,2,0,6.319030134937807
Professional,4.345274147007511,2,7.593541187941769,5,3,5,2.8064786179993444,2,1,2,3,3,2,0.0
Student,7.439851986999331,5,6.163335899597705,2,3,2,4.20096332764299,1,2,1,2,1,1,3.404841649636741
Student,6.7326717627538715,3,3.8841071018080715,2,3,2,5.6533589326618925,0,0,1,1,2,0,3.97206931270299
Student,4.142787279364036,2,9.861272758710264,5,2,5,3.1659808664392144,3,2,2,4,5,5,0.0
Professional,8.441336314949975,3,5.833952315727233,2,5,3,5.2876741697494305,1,2,0,3,2,0,5.318411887120167
Student,5.260557596579797,3,7.799883704337485,3,2,5,1.0444824267545196,4,4,3,2,5,5,0.0
Professional,6.282506256532588,1,5.473521946441537,3,2,4,2.5235533226983,0,1,2,2,3,5,0.0
Professional,4.596607779548698,1,8.32671891601401,4,1,4,1.3939730753350743,1,1,3,4,3,5,0.0
Professional,6.657951988476473,3,4.681041852850057,2,3,2,3.2270687274177803,1,1,0,2,3,0,2.2121507964001803
Professional,6.45597169022131,2,7.666044840688846,3,1,4,3.67904900399396,3,2,1,2,4,4,0.0
Professional,4.8327925882589176,3,11.726273073403544,4,1,5,2.8201623718896593,5,5,3,5,4,5,0.0
Professional,7.300406079141045,3,4.330203725014861,2,3,3,3.019067420030771,0,0,2,4,2,5,0.0
Student,8.29650685874098,3,4.3558226332086765,3,3,2,5.49070585830759,2,2,0,0,3,0,3.34281728493714
Student,6.634851656865346,3,4.047127576557974,2,4,2,4.966021203174082,0,0,0,1,2,0,7.141165451989396
Professional,7.573321181424122,4,2.122497548957602,5,5,1,6.33045912323275,0,1,0,2,0,0,7.304051103662182
Student,6.1943878285315,1,11.867903056927236,5,3,4,1.164194795125803,2,1,2,4,5,5,0.0
Professional,6.936980266402327,3,4.2349175242317045,3,4,3,5.18195693513251,2,3,2,3,1,2,1.0247967774230555
Professional,7.716215110269417,4,4.070288316990915,3,4,2,7.114106328821876,1,2,0,5,1,3,4.332928028763302
Professional,7.055811004267245,5,4.260975418745639,2,4,3,3.059211508511046,1,2,1,1,1,0,4.895010650082999
Professional,6.350475663621406,1,9.909634423350411,4,1,5,3.284209731198289,4,5,2,4,5,5,0.0
Student,4.9610133949571145,1,7.439361009741252,4,2,4,2.470604570655276,3,2,3,5,3,5,0.0
Professional,5.0152613370929995,1,8.70520511423346,2,1,4,1.7564885946718602,4,5,2,2,5,5,0.0
Student,5.49725922206818,1,9.49581471207393,4,2,4,2.7626794433746977,2,2,2,4,5,5,0.0
Professional,5.913607163592127,3,7.809633943580775,5,3,5,1.4465743061955418,2,3,2,3,2,5,0.0
Professional,4.024116376323568,1,10.075696192128733,4,1,4,2.455172310649501,3,3,1,3,5,5,0.0
Student,4.11443665758486,2,8.543790163332059,4,3,5,1.1368888413388352,4,3,3,4,4,2,0.0
Student,6.832957903250916,1,9.726767819478226,2,1,5,1.7465823538115681,3,2,3,2,4,5,0.0
Student,7.814033991098259,5,5.662080269894475,3,5,3,5.103882326593199,3,3,2,5,5,3,2.169145141820295
Student,8.021916239466142,5,6.835462345258315,3,5,3,3.2992014371419263,2,2,2,2,3,0,2.266706883161234
Student,7.456331164505677,4,5.140576223224354,2,3,2,3.0656802426026637,0,0,1,1,2,0,4.249676468946167
Professional,4.097654018054443,3,11.643027203684515,5,1,4,1.7966734892788265,5,5,3,1,5,3,0.0
Student,4.943000943871201,3,10.402637275547956,4,2,5,2.0661499386613524,3,3,3,5,3,5,0.0
Professional,6.663452015055138,1,9.612744470104978,4,1,3,3.8596465074623385,3,3,2,4,5,5,0.0
Professional,7.795724189887413,4,4.407266126315038,2,3,2,3.984134365735184,0,0,0,2,1,0,5.4557708941951075
Professional,4.8705220759687124,3,11.434598978121898,5,2,4,1.5076093609774595,5,5,2,3,5,5,0.0
Student,6.032969868011008,3,8.843195406846178,3,1,5,2.4875485513984534,2,1,2,4,5,5,0.0
Student,5.531070641086357,1,7.814640778681288,2,2,3,2.6482892477797124,1,0,0,1,3,1,0.18440380997242672
Professional,5.581771431630535,1,10.035461186552219,4,1,5,2.5251650557018412,4,5,3,5,5,5,0.0
Professional,4.550449386542883,3,9.626066705688718,5,3,4,3.1191862198134346,4,3,4,4,4,3,0.0
Professional,8.035625925912974,4,4.289777497284334,2,3,2,4.431809761941378,0,0,2,4,3,2,4.793777326105711
Student,6.361852606415237,2,9.987630136414992,3,2,3,1.0759332359390965,4,4,0,5,5,5,0.0
Professional,6.5629950088510265,5,5.702546098911141,2,4,2,4.861746642056149,1,0,0,3,2,0,4.485977879209093
Student,6.9551308735317985,3,5.369773028732644,2,2,3,3.8338701544586486,1,0,3,3,1,5,0.0
Student,7.420310842567719,5,5.169782552438111,5,4,2,5.252061954276618,2,2,0,4,3,3,1.547927879831621
Student,4.87701605511286,3,10.460508001471648,5,3,5,1.8264764032653846,4,3,1,5,5,5,0.0
Student,8.394053314703655,5,6.16511165333292,2,3,3,4.063403311121162,1,0,0,2,2,2,4.207501239496079
Professional,4.812487720595862,1,8.902438789435234,4,3,4,1.6313156799265234,4,5,2,3,3,2,0.0
Professional,5.959045134217172,2,9.688386954541212,5,1,5,1.3640018512707575,3,2,3,3,4,5,0.0
Student,7.989716943983817,5,5.286455671439883,3,5,2,4.892511864360371,1,1,3,3,2,0,3.7298932130050115
Professional,7.575264476916624,5,3.791693049829591,3,4,3,5.817970272347286,1,2,1,3,0,0,2.768114675680233
Student,4.764970429347745,3,5.649827352426838,2,1,4,3.879009726511775,1,0,2,2,1,4,0.0
Student,4.426265512494384,3,8.660074750192246,5,2,4,2.4899237447947424,2,1,2,4,3,5,0.0
Professional,8.299585680677346,5,2.866834380382838,5,4,2,5.697914637298898,0,0,0,4,1,1,3.5331547242748
Student,7.681165363693973,3,6.419729457640959,3,3,2,5.425677209459636,2,3,0,1,2,0,2.765479728765671
Student,5.774614535037098,3,8.65459482756679,5,2,5,3.2339668774347388,4,5,2,5,3,5,0.0
Student,7.650959449098253,4,3.774222193139017,3,5,2,3.113990023092775,1,0,0,0,0,0,5.765184583281658
Student,8.481668507292989,4,5.481654414928892,4,5,3,5.786480448553935,0,0,1,2,4,0,4.52322273731463
Student,6.642004181434828,3,7.081872432837155,2,1,3,2.3347282291260076,2,1,1,3,2,3,0.0
Student,7.687953665579186,4,2.0442323152956288,4,5,1,5.227013985962884,0,0,0,1,1,0,6.870479218670096
Professional,8.377663659914193,3,5.934132665515721,3,3,3,3.0524936864027694,1,1,2,3,3,1,1.6944622247960393
Student,5.782084981868806,1,11.488021404685302,5,1,4,1.3606997333691182,5,5,1,5,4,5,0.0
Student,4.0692528018714045,1,10.450669591864512,4,2,5,2.4033503343704097,4,3,3,4,5,5,0.0
Professional,4.306822390046462,3,8.433713861923728,5,1,4,1.77197471654934,3,4,2,4,3,5,0.0
Professional,4.8959744900419935,1,9.144183049669108,3,1,4,3.794998555560066,3,2,1,3,4,5,0.0
Student,5.233642440701361,2,7.835670241802626,3,2,4,3.274992820165847,2,1,2,3,4,5,0.0
Professional,7.3221137466059645,5,4.670494649110113,3,5,1,7.623929386039904,2,1,2,1,3,0,5.133575721506636
Professional,4.4950872926283765,3,11.536344028845654,5,2,4,3.507612704095878,4,5,3,4,5,4,0.0
Student,7.723152568975753,4,5.896003700413541,3,4,3,3.1069001083401107,2,1,2,2,3,0,1.8040655503577163
Student,8.045611937248443,4,5.638632342239154,3,3,2,5.809542426688651,0,1,2,4,2,2,2.7431140546169144
Professional,6.15834062944819,2,10.772517066936055,5,2,5,1.9898910069045945,4,4,3,5,5,5,0.0
Student,4.462031981495806,2,10.518229770231013,5,1,5,2.9438366314592592,3,4,2,5,5,5,0.0
Student,8.134733457716901,4,2.6181921431262682,4,5,2,7.8541709167363205,0,0,1,3,0,0,5.217860085108286
Professional,8.509762470217265,4,2.0607494830996753,3,5,3,7.7648209799923436,0,0,1,2,0,0,8.458452277981547
Professional,8.278532065827237,4,5.901320997539749,3,3,3,4.732318097643445,1,1,0,2,1,2,3.467655707267199
Professional,5.935292673003291,3,8.370251446727572,4,2,5,2.8644367262723476,3,2,2,4,4,5,0.0
Student,6.804501282740197,4,3.94015893415791,3,3,2,5.142839686883891,2,1,2,1,2,0,2.2712880118598395
Professional,7.515368608970893,5,3.2061522501196253,3,3,2,4.8120082824531885,2,3,2,0,0,0,4.708748222739266
Professional,5.467978802774196,1,6.411751979724405,3,2,4,1.9307495831749832,1,2,2,3,3,3,0.0
Professional,6.509767060853508,4,6.708683219389441,2,3,3,3.054462993642492,2,3,1,1,3,1,1.1860214997273766
Professional,5.026996053034184,3,9.200452788086587,5,3,4,1.9736026593707143,4,3,1,2,4,2,0.0
Professional,7.522714821314256,3,6.029412751624385,3,5,2,3.0910518656896513,2,3,2,1,2,0,3.195078985546545
Professional,5.670047370296108,1,8.058348534789465,4,2,5,3.468949002791983,2,2,3,4,4,5,0.0
Student,4.173266616447046,1,8.877014573175922,4,3,4,1.3798342656575835,3,2,2,5,5,5,0.0
Professional,6.96303279425601,3,5.755562693548534,3,5,2,4.49577435617333,1,0,0,2,3,0,4.199985038260286
Professional,5.706507617325085,3,11.823605365957242,5,1,4,1.4977567071062865,2,2,2,5,5,5,0.0
Student,7.1966104306493515,4,2.498552170620192,4,5,2,7.440625679665356,0,0,0,2,1,0,4.5831590580133446
Student,5.4563317973512895,1,8.947876479097472,3,1,5,3.1804709760201892,4,3,3,4,3,5,0.0
Professional,7.070471337455144,3,4.0376969671537895,3,3,2,5.645910991030856,0,0,0,3,1,2,3.1933406137908285
Student,5.925684566587413,3,8.244282685409381,3,1,3,2.786245215322895,3,2,0,3,4,5,0.0
Professional,6.492441427303894,1,7.090828327195375,3,1,3,1.9307236653399038,3,3,0,1,2,4,0.0
Professional,5.105655241323069,1,7.407288784317397,3,1,4,2.8997072050717634,3,3,3,1,2,2,0.0
Professional,8.444862293784777,4,4.913378793029025,4,4,2,5.516986303902861,1,2,1,3,2,2,3.58350090002508
Professional,7.743881411123581,4,3.74043197476588,4,4,2,6.984434458413372,0,1,0,1,3,0,5.985940062099193
Professional,5.4678413072353305,3,8.57758900601253,5,3,4,3.911400418164395,2,2,2,5,4,5,0.0
Professional,8.623934886800942,4,3.1567149266936303,4,5,3,7.313677845170155,0,0,1,5,2,3,4.632718339741564
Professional,5.708084097482859,3,7.2725175211891875,5,3,4,3.4218752179582053,1,2,2,5,3,5,0.0
Student,7.895767232513518,5,3.624532609283909,3,4,2,5.6672877851514825,2,2,1,2,1,0,4.3396628566125655
Professional,4.308137670506403,3,11.716404130028785,5,1,4,1.4682214307891601,3,2,1,3,5,5,0.0
Professional,7.481404979311323,4,5.0141605219473195,3,5,1,6.594267205141463,2,3,0,3,3,0,4.652493872167627
Student,5.7203638501658,2,9.828339303116469,3,1,4,2.565001727684665,3,3,2,4,4,5,0.0
Professional,7.918443298110925,3,3.2409776117689466,3,4,2,4.814992423124004,1,1,0,3,0,0,4.695578787497713
Professional,6.2017477824905995,1,7.12201522372788,3,2,3,1.1373066359117396,3,4,2,2,3,4,0.0
Student,5.877148033634928,1,9.220329190339928,4,3,5,3.3407570605515144,4,3,2,4,3,4,0.0
Student,5.626750153438712,3,8.532963737129055,2,2,3,2.6538203418210378,4,4,1,1,4,0,0.0
Student,6.1846383974431856,1,9.673866808380598,4,3,5,1.6773457571814299,3,3,2,3,4,4,0.0
Professional,5.834121722338529,1,10.980649921685288,4,1,4,2.1900118694136204,5,5,1,4,4,5,0.0
Professional,5.021695680450032,3,8.22063215114551,4,1,4,3.179473099878983,2,2,4,2,5,5,0.0
Professional,7.2869125233935605,3,3.4585448157112126,2,4,2,3.1129271995903385,0,1,1,2,1,0,4.296585964151893
Professional,5.572065985913158,1,6.61269673565068,2,2,5,1.992068158864998,2,2,2,2,3,3,0.0
Student,4.152343081211042,3,8.30354111550431,4,1,4,2.222540006450735,3,3,2,5,3,5,0.0
Student,6.271979930176844,3,9.528841391103677,4,2,4,2.8345562496514516,0,0,1,5,5,5,0.0
Student,8.125170330242705,4,6.727865612327287,2,3,3,3.4277455536261323,3,3,3,1,4,2,0.0
Professional,4.241572453545903,3,7.395774667838574,5,1,5,3.9866947055704474,1,0,2,4,4,5,0.0
Professional,7.118273282828268,3,6.560260785157269,2,5,3,4.4682887866168794,2,3,3,2,2,0,1.8357414343137017
Professional,7.206867821446291,4,5.95965687511508,2,4,3,3.898957436999536,0,0,2,1,2,0,3.9239546773337257
Professional,8.365814679870928,3,3.624246119114775,3,5,2,3.090685431143279,2,2,2,2,2,0,4.7473418215298295
Professional,7.811517077812803,4,3.8498294340757746,3,4,3,3.6662216838558215,0,0,0,2,1,0,5.692772463815299
Professional,6.508868944004835,2,8.716992432538687,4,2,3,3.0984123105172774,2,2,0,3,4,4,0.0
Student,6.113085746620119,2,7.065742031233546,4,2,4,2.30307559987624,2,1,3,1,3,3,0.0
Professional,4.839980102077449,3,8.382450348756741,5,2,5,1.6469812494207123,1,2,4,5,2,5,0.0
Professional,7.650728688147171,4,5.476347114102136,3,5,2,7.465994421137587,1,2,1,2,1,0,6.421968402623776
Professional,6.856123013929133,3,5.209636862113092,3,5,3,3.1242249229578345,0,0,2,4,1,2,3.186579904149398
Student,7.592400269190014,5,5.238865839734302,5,5,1,5.793398816439821,0,1,0,4,3,0,5.269656893314924
Student,5.663249548637687,3,9.441342474123681,4,1,3,3.459656425716035,3,4,0,5,3,5,0.0
Professional,6.238823141710053,1,8.662955532642957,2,1,4,1.3156077960421988,3,3,2,3,5,5,0.0
Professional,5.245405495601368,2,8.283759910258022,4,2,5,1.8605738595925216,3,3,2,3,4,5,0.0
Professional,7.717297369592453,4,4.544865172121851,4,5,1,6.4620511352554075,1,2,0,2,1,0,7.585029133754423
Professional,8.096073913888883,5,5.52129344567228,3,3,3,4.442064128897776,0,0,1,0,1,0,3.8281789799438304
Professional,4.553961277057176,2,6.588004295557467,2,1,3,3.2397225397551503,1,2,1,4,2,4,0.0
Professional,6.875019712628739,4,3.3345220440554493,2,5,2,3.3969487404813705,0,1,2,3,1,0,4.260580438928935
Student,8.765775809280909,5,3.846152355783612,4,4,1,7.82945002358155,1,1,3,3,4,0,5.680961882668907
Student,7.263330615306224,5,4.714477419373369,5,5,2,7.584108944948483,0,0,1,4,2,1,5.41266230926843
Professional,7.094705643351919,4,3.5477436840715795,3,4,2,7.432758479022088,1,0,0,3,1,1,5.460541972012417
Professional,7.987310307785208,5,4.148728295315564,2,4,2,4.935337596351868,2,1,0,3,2,0,4.426976728889288
Professional,5.0985498061583705,3,5.666134365321618,4,2,3,1.6489538545251676,0,0,2,2,4,4,0.3210962446957568
Student,7.0230373959828745,3,3.865714783493089,2,3,3,5.337180955699649,0,1,2,2,1,0,2.1943230498250728
Student,7.530654733213308,4,5.445335831096467,4,4,1,7.807315688605096,1,0,0,3,2,0,4.911297176589643
Student,6.798721425911205,3,4.43686490100915,3,5,2,3.189300367549973,1,0,1,2,2,0,2.8855153906355273
Professional,8.068724575596917,3,6.8834631909989525,3,3,3,3.237572017602555,2,3,1,2,3,3,0.0
Student,5.49572889670529,1,7.99777488235331,4,1,5,2.0049426414886606,3,2,1,4,3,5,0.0
Professional,5.6305054795133405,1,8.009130152902454,4,1,5,2.981107135567423,1,2,3,5,2,5,0.0
Professional,8.101256174457925,3,5.15977640133966,3,3,3,5.249546953047486,2,3,1,3,1,4,0.3492700428316955
Professional,8.056304205583748,3,6.905066742893014,3,4,3,4.563006671708751,1,2,3,0,3,0,3.597470901731308
Student,4.4429224860963625,3,9.899381823860185,4,2,5,2.3917863599241627,5,5,3,5,5,5,0.0
Student,8.438524224009697,5,4.08033785458265,3,4,2,6.998273953127159,1,0,1,3,3,0,5.665262571754454
Student,6.645310396761556,1,5.678077711345945,2,1,4,3.058725283265234,1,0,3,3,2,5,0.0
Student,7.2045727906850505,5,4.2504331167582805,3,5,2,3.4653742525775435,1,0,0,1,3,0,6.1215873333390585
Professional,5.905513448561146,1,10.176815094914788,4,2,4,1.558124876301238,3,3,2,3,5,5,0.0
Student,7.266554582178897,5,4.096111825347679,3,3,3,4.297407349875577,1,2,1,1,2,0,3.0360331733084855
Student,8.094913810172313,3,5.541267683055883,3,4,2,4.133419091389753,1,1,2,1,3,0,3.6428691155186415
Student,8.459502566541364,4,2.475289892484798,4,5,3,7.022552277440646,0,0,1,3,2,1,5.349940852971892
Professional,7.4153005674990045,5,2.551284105119989,4,4,2,6.454429458325609,0,0,1,4,0,1,4.212934017427848
Professional,7.021785649291324,5,5.937721101024104,2,3,2,3.567783431783086,1,1,0,0,3,0,3.6242367723771256
Student,8.091787497185148,5,6.552692521303053,3,3,2,5.37290364837048,2,1,0,4,2,3,3.2997238855299784
Professional,7.629320108044144,5,3.697646675065846,3,3,2,5.009828248095113,0,0,1,2,2,0,4.2203868454019595
Professional,4.586044361141291,2,9.222883047563215,3,1,4,3.9952501820303086,3,4,2,2,5,5,0.0
Professional,5.514694158168058,3,9.629930922443453,4,2,5,1.8673947444254093,4,5,0,4,4,5,0.0
Student,7.308956071929074,4,4.358692519249049,3,4,2,3.5769976384083937,1,2,1,1,1,0,2.3707276055501936
Student,7.955068357577952,3,4.837517616614549,3,4,3,4.068260365625667,3,3,4,0,1,0,3.6544746894926563
Professional,5.016837620503587,2,7.08894319383724,4,2,4,2.064469518919398,2,2,2,3,3,4,0.0
Student,4.707117930043559,3,9.918853578095803,2,1,4,1.9843067893650645,3,2,3,1,5,4,0.0
Student,5.888204717046722,3,8.189936722289602,4,3,4,1.0376861465880776,3,3,3,3,2,2,0.0
Student,7.289110850358714,4,3.163651150767682,2,3,3,3.9656843851029397,1,2,1,2,1,2,2.5409978490654885
Student,8.114352547945948,5,3.372844640656649,3,4,2,3.5200183491802877,0,0,0,1,2,0,4.9706968244258
Student,5.944621289728397,2,7.991406366750526,5,1,5,1.834711539076117,1,2,1,4,5,5,0.0
Student,5.187705971522655,2,8.771251024472456,4,3,5,3.5611568567138456,3,2,2,5,3,5,0.0
Professional,7.439574665598343,4,3.7734004372256473,3,3,2,3.2926289586995883,0,1,1,2,1,0,5.4602251847065775
Student,6.2146681544234434,2,8.4431651523055,5,3,4,3.5344601628661727,2,1,0,4,5,5,0.0
Professional,7.284768310933924,3,5.781118540364692,3,4,3,4.696309768526882,0,1,2,2,0,2,3.3759784180886476
Professional,8.330164958961012,4,5.0242444544088745,4,5,3,7.760739481569611,0,1,0,3,1,2,5.189926330789842
Professional,8.292294305126335,3,3.133219962321677,3,3,2,4.722521118730322,0,1,2,1,0,0,4.414872320632354
Professional,7.6964787223500775,3,3.6645256396293213,3,5,2,3.75450848990181,1,0,0,0,1,0,6.477205298380566
Student,4.714285447086261,1,7.391059382914894,4,3,4,2.4759602817741913,2,3,1,2,5,1,0.0
Student,4.8233319205924765,3,11.287417704918031,5,2,5,3.9588985020205194,5,4,3,3,4,5,0.0
Professional,6.8668019451323605,2,6.577005158732012,3,1,4,2.5776941022535693,1,1,2,4,3,5,0.0
Student,5.802334769079296,3,10.337223032041301,5,3,5,2.3078154334737833,1,1,4,5,5,5,0.0
Student,7.126148207440235,5,5.480098606769969,3,5,3,4.958932752115696,2,3,2,2,1,0,4.060833815324067
Student,7.164878558322117,4,5.92002443918588,3,5,1,6.6280255417330345,2,3,1,1,2,0,5.603668077198224
Professional,8.309078539140296,4,3.6213103231070165,2,5,3,5.200253222289344,2,3,2,3,2,1,3.7179310010006454
Student,5.455542826404921,3,8.385457570161924,3,2,4,1.6596506156880062,4,5,2,2,5,4,0.0
Professional,6.227783012878488,2,9.874061022622602,5,1,5,2.6115605926163297,4,3,3,4,5,5,0.0
Professional,4.497042383745935,2,9.555854993689167,5,2,5,3.0662825869743218,3,2,3,4,4,5,0.0
Professional,8.334616722603688,3,5.8976767444096,2,3,2,4.610958161760717,1,1,2,2,1,0,3.427097503340446
Student,6.424434245270582,1,8.007759953539205,5,2,5,1.0192532411778186,2,3,2,5,3,5,0.0
Professional,4.633990395484731,3,7.322208948264744,3,2,5,3.5098342131255063,3,2,2,3,4,5,0.0
Professional,5.670345110735898,3,8.243401360937543,3,1,5,2.1324195681601052,4,5,3,4,3,5,0.0
Student,7.922039795064945,3,4.8659485386743615,3,4,2,5.933045243494848,1,0,0,0,2,0,4.906626321930554
Student,7.785570419270584,3,4.69387351868879,2,3,2,3.5601395953685797,1,2,0,3,0,3,3.532524507234157
Professional,5.189394104923186,2,6.176155888044992,4,1,4,2.162978804062087,2,2,2,5,3,5,0.0
Student,4.7983027056735565,3,6.782414124116503,3,2,5,3.7600671402049097,1,0,5,4,2,5,0.0
Student,6.857186566924712,5,4.390129582362454,3,3,3,4.851524341015909,0,0,1,4,2,3,2.509222262933691
Student,4.5763911302882745,1,7.284277453158288,4,1,5,1.0198969777739846,0,0,2,4,3,5,0.0
Professional,8.246565778287096,4,4.863407679373229,3,4,3,5.902878715425473,1,2,0,2,1,1,2.7442405366490217
Professional,4.73456709481245,1,8.975724793984798,2,2,5,2.3657871192843816,4,4,3,2,3,4,0.0
Professional,7.592627669805518,4,4.566640369435629,2,4,3,4.427242347094307,1,1,0,2,0,1,4.105889676379744
Professional,8.253509618774268,4,4.378895449607096,3,4,2,4.544984405855409,1,0,1,2,1,0,3.595793313551238
Student,8.087030110095858,4,2.4100128377633685,3,4,3,6.717031325841372,0,0,0,2,1,0,4.589364741352274
Professional,6.919922542716362,4,3.44300110435883,2,5,3,5.74684288898616,0,1,2,2,0,0,4.472723572089708
Student,5.9143318523383215,1,10.600587962148031,4,2,5,2.263652794429983,4,4,3,5,4,5,0.0
Student,4.661103672509716,2,7.528481287630502,5,2,5,3.8891468196474106,3,3,2,3,3,4,0.0
Student,8.344409673801318,4,6.050138150144111,3,4,2,4.948918218030211,0,0,0,1,2,0,5.47154102293431
Professional,4.545549171824415,2,8.787234156766292,4,3,4,1.110200663198436,5,4,2,4,3,3,0.0
Professional,4.984836730774536,2,11.349788625321677,4,3,4,1.60502274452067,4,3,2,2,5,3,0.0
Professional,6.523724622878895,3,4.808065581234042,2,3,2,5.727850206976644,1,1,0,1,2,0,2.709305850536384
Student,4.2483530999835235,2,7.8439386383209015,5,2,4,2.94497446041334,2,3,1,5,4,5,0.0
Student,6.891520306368259,3,9.437754517679869,4,1,3,2.1866844204125973,4,4,1,4,5,5,0.0
Professional,8.631663034093425,5,5.160902148879428,3,5,1,6.332770538833036,0,0,0,1,3,0,6.940680530842937
Professional,6.688783927899806,5,3.9831032362334295,3,4,3,3.560369628653834,1,1,0,3,1,2,2.1914252947259625
Professional,7.890558500847632,3,6.764609548478388,3,3,3,4.014050481739655,1,0,2,2,2,1,1.3663544282280107
Professional,7.689842806519284,3,4.930806129049297,2,5,3,5.2862395368086394,0,0,1,3,2,2,3.9491053078854774
Student,4.090312922762161,2,11.894457388336397,4,3,5,3.5624783337126864,3,2,1,5,5,5,0.0
Professional,6.4358674760147565,2,8.308624269528744,5,3,4,2.973325458512827,2,2,3,3,5,2,0.0
Professional,8.93419227981772,5,3.120882635056793,5,4,2,7.3367206698795435,0,1,0,3,0,1,5.464498495734605
Professional,8.16447616245554,5,6.20727480640265,3,5,2,3.9196039720415055,2,1,1,0,2,0,5.370095765705866
Professional,7.763604473360651,3,6.06493936861834,3,3,2,5.83007982586015,3,4,0,2,3,0,2.6664947476664276
Student,5.4845335478079065,3,11.016223894806448,4,2,4,1.5146863806588258,4,5,2,3,5,4,0.0
Student,8.158643451716019,4,4.225029556636022,3,5,1,7.973009685214602,0,0,1,1,2,0,7.626136224268117
Professional,8.476440433074021,4,3.9213743757959745,3,3,3,5.782288528243107,0,1,1,4,1,4,2.927449171512365
Student,7.191821926810821,4,3.697028289124871,3,4,1,6.8388963339096485,2,1,0,1,1,0,7.554539622906238
Professional,7.88332234651113,4,5.7515027296197765,3,3,2,5.3498333131948215,1,1,0,2,2,0,4.039413444274754
Professional,4.892980559471248,1,9.141377818450113,4,1,3,3.848822627547649,2,1,1,3,4,3,0.0
Professional,6.381495131882737,2,6.843653800692937,3,1,3,1.629973974260266,0,0,2,3,3,4,0.0
Professional,8.029352637881807,4,5.213830939206363,2,3,2,5.4418133577633885,1,1,2,2,2,0,5.288329943850436
Student,8.376008094005782,4,5.002391243867954,2,4,3,3.1391524247630644,1,0,3,3,3,1,2.3941867272839064
Student,5.588869065797067,1,10.700065651014881,5,2,4,1.2254255751688485,5,4,1,4,5,5,0.0
Professional,7.121238843930317,5,3.6582054395968537,2,4,2,5.806572665270875,0,0,2,1,2,0,4.3395679174918325
Student,8.632499547044953,5,2.654143316740252,5,5,2,5.852293948502503,1,0,2,4,2,1,4.628901455982389
Student,5.988132232662233,3,8.252410307730944,3,2,5,3.815304080269185,4,3,1,4,4,5,0.0
Professional,8.778942336362292,4,3.485058138893693,5,5,2,6.396076930134742,2,2,0,2,0,0,6.655606837754887
Student,5.29699980256901,1,7.009888767998861,3,1,4,1.536092355930751,4,5,2,4,4,5,0.0
Student,5.422999209327007,1,10.716121947275429,5,3,5,1.7881575618635561,3,3,1,4,5,5,0.0
Professional,6.506974993025514,5,3.8082358387023434,2,4,3,3.04530036622953,1,0,2,1,2,0,4.517361088634575
Student,8.536014843777414,5,3.9299870273640365,4,4,1,7.311065752484996,1,0,0,0,2,0,7.017487534805956
Student,5.894640273002153,3,10.540725511939248,4,2,5,1.11240516587347,5,5,3,4,2,5,0.0
Professional,7.386097334836528,4,3.141236646065093,3,5,3,5.028927786813495,0,0,2,2,2,0,3.5954039602286056
Student,7.0974145398336566,3,6.087312905840749,2,5,2,4.8017203871479275,3,4,0,1,1,0,4.175852437137471
Professional,6.583869533541629,3,3.9909909213493227,2,3,2,4.818010297958656,0,0,0,1,1,0,5.578216331347614
Professional,6.082731660339711,2,6.120694950284193,4,2,5,1.5451620803215675,2,2,1,4,1,5,0.0
Student,6.710096710255097,4,6.628371401662138,2,4,2,4.890956064670924,0,1,0,1,4,0,3.8631303206804772
Student,6.990477888852437,3,9.463980137852086,3,2,5,3.7898905239592398,3,4,3,5,3,5,0.0
Student,5.268025291379757,2,6.195603763441886,4,2,5,1.4058878555234702,1,0,2,4,2,5,0.0
Student,7.612469151898152,4,4.600005502069703,5,4,3,7.600678689205397,0,0,1,3,3,3,2.6146958696659497
Student,7.038628496232111,5,2.57362281857202,4,4,1,7.03554152359746,0,0,0,1,1,0,7.630401089865252
Student,5.963617441435147,2,9.03771593606676,4,3,5,2.1848507060578335,3,3,3,4,4,4,0.0
Professional,5.35609315418235,3,7.47458877458951,2,2,4,3.5358241392687315,4,4,1,2,1,3,0.0
Student,8.066261526216614,5,4.488610270574432,3,5,3,4.297301459947553,2,2,1,2,2,0,4.6849169749348665
Student,5.805584283681623,3,8.229020342767843,4,3,4,1.4444886414473976,2,3,3,4,5,4,0.0
Professional,8.387528432413546,5,3.5504959465034105,4,4,3,6.609026941321037,0,0,2,4,0,2,2.620857317447305
Professional,6.2081243906113155,3,11.435690978353307,5,1,4,2.3630906884917025,5,5,3,4,4,5,0.0
Professional,6.082248461658857,3,8.480752111546387,4,3,5,2.635686154049423,4,5,1,5,3,5,0.0
Professional,7.774582596876599,5,5.014834616853088,2,5,3,3.8821311691957767,1,0,2,1,3,0,3.5856071548891464
Professional,5.5307139473196685,1,11.636633116270303,4,1,4,1.689274391811861,3,2,1,3,5,5,0.0
Student,6.15269182004489,3,7.247827255945145,4,2,3,1.4325667813921819,4,5,2,4,4,5,0.0
Professional,6.62381177055301,3,4.050908905019311,2,3,3,3.51825643367535,3,3,2,1,1,1,1.0181861105707124
Student,5.808946425941572,3,5.536588460109664,4,1,4,1.3321976539342528,2,2,2,4,2,5,0.0
Professional,7.626998611354485,5,3.468567674405114,3,4,3,6.358867191172861,1,2,2,2,2,1,4.417707528923981
Student,6.545815516282733,3,7.743978154670769,2,1,4,2.099645625223133,3,4,3,3,4,5,0.0
Student,5.535131630686151,3,10.11301750348061,5,3,5,3.7209007301255026,4,3,2,4,5,4,0.0
Professional,7.781303853524566,5,2.888229484386703,5,4,1,5.245828621704891,1,2,2,2,2,0,4.3837312748330355
Student,7.521591172503478,4,4.179740942524168,3,4,3,5.153978483914768,3,3,1,3,1,1,2.7745610843381034
Student,5.161592048010385,3,9.504354047406645,3,2,5,2.6510419250572355,5,5,4,4,5,5,0.0
Professional,7.540935770661713,4,6.953978451997908,2,4,3,5.86743179174075,2,3,2,0,1,0,4.4749512542272445
Professional,5.967118763704118,3,7.7134022375572036,4,1,3,1.556385767703536,3,2,2,3,3,5,0.0
Professional,4.748466299402315,2,9.601248771129352,4,2,5,2.656232273377094,4,3,2,3,5,5,0.0
Student,8.497160551598917,4,5.4429242758729846,3,5,2,3.305691614627001,2,1,0,2,2,0,5.198137601349912
Professional,7.699063021760902,4,5.5226175665863995,2,4,2,4.018981444787934,1,0,2,2,2,0,3.0538678978823555
Student,8.150176442121527,4,4.309374767194489,4,5,1,5.002002242681819,3,2,0,2,3,0,5.202342126024907
Student,7.063538527548799,4,4.211957708081661,2,4,2,3.7187104162200195,1,1,0,2,0,1,4.361858973969061
Student,6.0197259456365995,3,6.66980258580981,2,2,4,3.6098058763834415,2,3,2,3,2,5,0.0
Student,7.31030368020901,3,4.906004538890084,3,5,3,4.772793760950073,0,0,1,3,3,0,4.462633827273991
Professional,8.228147801913263,4,3.2647206198003382,3,5,3,4.299733823050746,0,0,3,2,1,0,5.554280051025804
Professional,6.465123176617792,2,8.633331988526866,2,1,3,3.700097089824748,4,3,0,3,5,3,0.0
Student,7.032359051044562,4,2.12053891956685,4,5,2,6.437107955306841,0,0,2,2,0,0,6.413821561844999
Professional,4.9345278238315196,3,7.817879054064997,4,2,3,3.907792909884098,3,2,2,4,2,4,0.0
Student,6.546186619299039,3,4.933496534535899,2,3,2,3.529794049108205,1,2,1,2,2,0,1.1589691914601985
Professional,8.971387185936413,4,3.990700487406414,5,5,3,6.080695762301987,0,0,0,4,1,1,4.064702169173721
Student,5.52201369379334,3,8.856451732281078,4,2,5,2.0715085042743717,2,2,4,5,4,5,0.0
Professional,8.830504503253815,5,3.152012474005538,5,4,1,7.432195160456324,2,1,0,3,0,0,6.74023762216261
Student,7.427595088648086,4,5.084235648629939,4,5,2,5.971375276435148,1,1,0,2,1,0,4.969071289630818
Professional,4.968653612773181,3,11.02901626998134,4,2,4,1.4671342140500827,5,5,3,3,5,3,0.0
Professional,4.961337246161154,1,11.285823483026814,4,2,4,3.114078371449919,5,5,0,3,4,4,0.0
Student,7.432000411564129,4,3.4013939984296666,2,5,3,4.981404019040773,2,2,0,2,0,0,3.9252576572501647
Student,7.897728256529121,4,4.825563414143965,4,4,2,7.855289517592585,1,2,1,3,3,2,3.0980836324966337
Student,6.819304881480664,5,6.73231671068766,2,5,2,3.6022042376254397,1,0,2,2,3,0,1.745359037765728
Professional,7.696129926490202,4,4.783882364441044,3,5,3,7.636363761348477,0,1,2,1,1,0,4.775275236619629
Student,7.2961219978904985,5,5.7913184695017925,2,4,3,3.123064642186208,2,1,1,2,1,1,3.706452934689347
Professional,7.629414852355255,5,4.866867234402704,4,5,1,7.87208042112667,0,0,1,1,1,0,8.003231050014762
Professional,7.36065795841669,5,4.737832787577448,5,5,2,7.404010249251515,2,2,0,4,2,1,3.8129085013825255
Student,8.32713792963975,4,5.606653386246466,3,4,2,4.224944170377487,2,2,0,1,2,0,4.718543756967531
Student,8.237355500483838,4,3.4906124683933486,2,3,2,3.931075551521651,1,1,1,2,2,0,4.706809388173882
Student,7.4484518126459704,3,5.471098321322886,3,3,3,3.1961022876730243,2,1,4,2,3,1,0.9388461641600075
Professional,7.860902647961139,4,3.630203793236594,5,5,3,5.438437572182302,0,0,0,4,2,2,3.372159014720461
Student,4.758700711357969,3,9.982740361286758,2,2,3,1.8826914802264123,4,4,0,3,5,4,0.0
Student,8.364811654485372,3,5.253925967244779,2,3,3,4.642028015290588,0,1,1,2,2,1,2.65431006381602
Professional,8.569369927189184,5,5.256113387683291,3,4,3,5.102462336965424,3,2,3,1,1,0,4.7674789074528565
Professional,7.777485222561381,5,4.828174280409643,3,4,2,5.270063348639301,3,2,0,1,3,0,5.129865831701377
Student,4.262792526013861,1,11.335429912653101,5,2,5,1.7905650505082944,3,3,3,3,5,5,0.0
Professional,4.809105737362721,1,9.090372484070294,3,1,4,3.912807010993719,4,5,2,2,3,5,0.0
Professional,6.521963736278937,5,3.8338147925613897,2,5,3,3.2562108997828885,0,0,3,2,0,0,4.198013109755147
Professional,5.475021397114215,2,11.60027125253848,5,3,4,2.8896830139770078,4,4,3,5,5,5,0.0
Professional,6.884518544355614,3,3.1946015679867306,3,3,3,3.0892162129977017,1,2,0,2,3,1,1.7394787590044845
Student,7.194254850492358,5,5.588723006179713,3,5,3,4.474660149656623,0,0,3,3,3,0,2.6025599072687924
Student,8.16065311456191,5,4.140119188687997,2,4,2,3.7911841369344375,1,1,0,2,1,0,4.317619331293439
Professional,7.317512961664459,5,5.585280320678403,2,3,3,4.541525833634941,2,2,2,1,3,1,1.978632231921901
Student,7.93490736945629,4,4.958729838151361,5,5,3,7.178381538805692,1,2,1,2,3,0,4.6529038577895125
Student,5.02797549981792,3,10.036606441408036,5,2,5,2.6205352724576674,5,4,2,4,5,5,0.0
Student,5.638950391769662,1,8.272048797409777,4,1,5,3.913575607110338,2,3,4,4,5,5,0.0
Student,7.731485377726395,4,3.313287340904221,2,3,2,4.9018911677141705,0,0,0,2,2,0,5.6988320396771925
Student,8.340730876215318,4,3.9014222463314927,2,4,2,5.893715882973008,1,2,0,1,2,0,5.569735522862717
Student,7.0761442715987934,5,4.433655471248679,3,4,3,6.855269249654103,2,1,3,4,1,0,4.930359115036431
Professional,4.8810259961248486,3,6.365211902517499,3,2,4,3.034096056036999,2,3,1,5,2,5,0.0
Professional,7.131521246888292,4,6.8320497525328925,2,3,2,5.769666045502268,0,0,1,3,5,3,2.812187130163983
Professional,4.764133462226993,2,8.685812867894557,2,1,4,1.5437768680179715,2,3,4,3,3,5,0.0
Professional,4.610988886500766,3,11.477843068763674,5,2,4,3.263182720609586,5,5,2,5,5,5,0.0
Student,4.638435208562868,3,9.040236473071772,4,2,4,2.5678459699676495,3,2,1,3,5,5,0.0
Student,6.019039687536953,2,8.969363881234232,5,3,4,2.5724257999999907,1,0,4,3,5,1,0.0
Student,6.623380714084601,5,6.644848003604169,3,5,2,5.788343650587215,1,1,1,3,3,0,4.957361910731093
Professional,7.442937833625988,5,3.8859924145258415,2,4,3,5.833839171540367,0,0,2,3,2,1,3.857581922813333
Professional,7.27168563873034,5,4.847520032864539,3,5,2,7.7084044630809245,1,0,0,0,2,0,7.067402239841688
Professional,8.24088379243738,5,5.203119782492545,2,5,2,5.093974098801095,1,1,2,3,3,0,6.058774920957335
Student,5.571974018953876,2,5.085993077987848,3,2,5,3.8826413482303406,1,0,2,3,0,5,0.0
Professional,4.397633829001141,3,9.46576533833294,4,1,5,2.1692912189099043,3,4,2,5,4,5,0.0
Student,6.9243505804493,4,5.593538945473483,2,5,3,3.690414591849443,2,2,3,2,2,0,3.149826827947951
Student,7.715187515192268,4,5.251138366719763,3,5,3,6.671149112145569,0,1,3,4,3,2,2.542621760566141
Professional,8.258788080757935,5,4.602335168482115,3,3,2,3.0710643414092145,1,0,1,2,2,0,3.5517713572090006
Student,4.206162462423804,1,11.499425208746988,5,1,5,1.0460920287827022,2,2,2,5,4,5,0.0
Professional,7.908461313706681,5,5.722165537348634,3,4,1,7.99419776816984,2,2,1,2,2,0,5.403205255640256
Professional,4.980731381004654,2,5.20134451999717,2,1,5,3.1058650854797585,0,0,4,2,2,5,0.0
Professional,8.52917970707995,5,5.810755106575104,3,4,2,7.363874862107287,1,0,1,3,3,0,5.766469391902028
Professional,8.838065914447952,5,3.2483708828765447,4,5,3,6.476518899170555,2,3,1,5,3,3,3.415729662278562
Student,7.00631927939035,4,4.91129974897466,4,4,1,7.382252620883163,1,1,1,2,1,0,4.600104278402474
Professional,5.716222506140751,2,8.374080920497772,3,2,3,2.415399993533475,2,3,1,2,4,4,0.0
Student,7.233074712113355,3,3.8074482640224203,3,4,3,5.66412831522221,2,1,1,1,3,0,3.840234093722466
Student,6.972950508929966,5,6.24001630301563,2,3,3,3.0438860516470685,3,4,1,1,2,1,0.07868603774025607
Student,7.85055929428971,5,5.092221980174656,2,4,2,4.07497402322965,2,2,2,0,4,0,4.450946134531777
Student,7.860275804561005,3,5.059833207074551,2,4,2,5.343772790678229,0,0,2,1,3,0,5.967532315491188
Professional,7.643652224704358,4,2.191486343717617,4,5,1,6.407070318967273,0,0,0,1,0,0,6.729996072766949
Student,8.859832887671633,4,4.7283372743021985,4,4,3,6.0832268182875096,2,2,0,5,2,4,2.1208335768584674
Student,5.714435500797483,2,8.093566837415779,5,2,5,3.384206410322977,2,2,2,5,2,5,0.0
Student,7.036513997048249,3,5.264746677325743,2,5,2,3.1666771877308357,2,2,0,0,0,0,4.338615419372066
Professional,7.897428105871588,5,4.520467467377262,5,5,3,6.839893096282542,2,3,2,3,1,2,2.4554364658101213
Professional,7.382624066862649,5,4.987497179131414,2,4,3,5.032394328211305,1,1,2,3,3,1,4.00099857081581
Student,8.75602030563029,5,5.285594572711078,4,4,2,6.870529332681569,2,2,0,2,1,0,6.194073733692362
Student,6.35635450947591,1,8.669409092504,4,1,4,3.7465028278805628,3,3,3,4,2,5,0.0
Professional,7.326658148145993,3,4.5601310925284535,3,3,2,3.297882337828772,1,0,0,2,2,0,2.9464711537354478
Student,7.972178001850138,5,5.953401627292424,2,3,3,3.184911464233645,1,1,1,3,1,2,1.7704977506120132
Professional,7.99459696443126,3,4.085686594010987,3,5,3,5.908211580382709,0,1,1,3,2,2,5.647075336062715
Professional,6.566715879154811,2,6.729928951656641,2,2,3,1.5256488369852654,2,1,1,2,3,4,0.0
Student,5.190776741733008,3,6.423112363040819,4,2,3,1.8036773944056645,1,2,1,4,3,5,0.0
Professional,7.958265948753924,4,5.980115370140963,3,4,3,6.83489028527412,1,2,1,3,2,0,3.8344328867599664
Student,6.5577443656773005,5,5.322750823130394,3,5,3,3.8869826476435945,1,2,1,3,3,0,3.212406133267913
Professional,4.328001915401347,1,7.368282193489819,5,3,4,3.42558224273455,3,4,3,5,1,5,0.0
Professional,7.517217100832497,4,3.5995001411518563,5,5,2,5.762159261355853,1,1,1,4,1,0,4.199834124895684
Student,8.132762692113344,5,5.7165799679421365,3,4,3,5.423477319492435,0,1,2,3,2,3,3.145720813939939
Student,6.667300343637751,5,3.3557742477625925,3,5,3,4.169250558517485,1,2,1,2,1,0,5.075383392439891
Professional,7.266238497692956,3,3.776749247474937,3,3,2,4.267542416910466,0,0,0,3,2,2,2.041361287820972
Professional,7.115997305872256,4,3.436910410827606,3,5,3,5.047398347611967,0,0,0,2,2,0,4.627884453085891
Professional,5.845746012177042,2,10.069080329538057,5,2,5,1.8177920677087056,3,4,2,4,3,5,0.0
Professional,7.736452068092136,3,4.564619691451885,2,3,2,5.022921036558158,1,1,4,2,3,0,3.53904130694804
Professional,8.339243924827151,5,4.5026730949433045,2,5,2,4.092312884836434,2,2,1,3,2,0,5.986131245329028
Student,4.2660721035235305,2,11.222889263081473,5,2,5,3.4182225227275214,5,5,3,5,5,5,0.0
Professional,4.824095344881518,2,5.090015917678788,3,1,4,2.50983292125653,0,0,0,5,3,5,0.0
Student,4.707962336772792,3,5.502411414559421,3,1,4,3.161229420970029,1,2,1,5,3,5,0.0
Student,4.920271021275933,3,9.320771936223663,4,1,4,2.1432737077650437,1,0,3,3,3,5,0.0
Student,4.501075297603805,3,10.296312761683062,4,2,4,1.9424279061007534,3,4,1,4,5,5,0.0
Professional,7.988341895018761,3,3.948035300225408,2,3,3,4.085409468308015,0,0,1,3,0,2,4.598214357502529
Professional,5.421274644530536,1,9.508578261379494,5,2,5,2.656075836371927,3,4,2,5,5,5,0.0
Student,5.238716313164967,1,9.10867672946063,4,1,4,1.9433828188656923,5,5,2,5,2,5,0.0
Professional,8.111867972176007,4,5.103838862590068,3,5,1,7.6091750745141065,1,2,0,1,0,0,6.926170048090932
Student,5.47190951300111,3,7.923642466228507,5,3,5,3.414565821903624,2,2,3,2,4,3,0.0
Student,8.183389316406513,3,4.483165277724075,3,5,2,4.26738279403554,1,0,1,2,0,0,6.654399840253651
Student,7.461330745313241,5,3.6129690039641496,2,4,3,5.5048802475520215,2,1,2,2,1,1,4.55008459294422
Student,7.69870286585852,3,4.158713545386812,3,3,2,4.8320078855070765,0,1,0,3,0,2,3.285892067575036
Student,7.104247887292023,5,3.714326525925498,2,3,2,4.886935601683296,2,3,1,1,2,0,5.207057649733089
Student,7.978323636086524,4,4.197203290326163,2,3,3,5.7324134829120705,0,0,0,3,1,2,4.30173341348813
Professional,4.982283516454806,3,5.052909310194672,4,1,5,2.0705591573653326,0,0,2,3,2,5,0.0
Student,5.158519062014172,3,8.27663045821406,4,1,5,2.993760417333358,4,3,2,4,5,5,0.0
Student,6.293887666815561,1,7.581121333685231,4,2,5,3.028532555181203,2,2,2,3,3,5,0.0
Student,6.163693943055092,3,7.23609031294596,2,2,4,3.588022926341358,1,2,0,3,3,3,0.0
Student,6.188567766113058,2,8.97722811795654,3,2,4,1.062344148548345,4,5,3,3,4,5,0.0
Professional,4.950610357480746,3,8.251939582034566,4,1,4,3.6446634571427534,2,1,1,1,2,2,0.0
Professional,6.240721387027255,1,9.127738720126697,4,1,3,3.9206021023455135,3,3,1,4,3,5,0.0
Professional,7.674339387464746,5,4.813075824489786,2,5,3,4.637735387868403,0,0,2,3,1,3,4.32102155379812
Professional,8.232351663785632,4,4.828224294074188,3,4,2,4.280234823892648,1,0,0,2,2,1,6.606216329246669
Professional,4.155046057844959,1,10.241345901522834,5,3,4,2.011428830417142,3,4,1,4,5,4,0.0
Professional,7.952447702117126,4,3.22628072893401,4,5,1,5.904149809100113,0,0,0,2,0,0,8.225878240908761
Student,8.291754164289438,4,3.9421679922164294,4,5,1,5.463108324205265,2,1,0,2,1,0,5.234148246175194
Student,7.4230024971574835,5,5.955304896951245,3,5,3,4.303038045402389,0,0,1,2,3,0,4.4099218636300845
Professional,7.7316139759389495,5,3.1649738827051204,3,3,2,5.333662087682883,0,0,1,3,1,2,3.7931118501746903
Student,7.369849564321235,4,5.97672724287136,4,5,3,7.493748387155269,1,0,0,2,2,0,5.104753858520378
Professional,7.0443944250321815,3,3.7634202895990025,2,4,3,4.6887587002098785,1,1,1,3,1,3,0.8939614817197765
Professional,5.537292990758294,1,7.339266188523027,5,3,5,1.2113375971212492,3,4,2,5,3,4,0.0
Student,7.316853188456559,4,5.470651316594701,5,5,3,5.354326064986649,1,1,1,3,0,1,1.824194096355496
Professional,7.616986153650656,4,2.2040165935497975,4,4,3,7.976536777118584,0,1,1,4,1,2,3.3629170244288837
Professional,7.550436046393648,4,5.312063544904449,5,5,2,6.71859117933524,3,4,3,2,2,0,2.8690210195355217
Professional,4.804111887476671,3,5.478201904156989,3,1,5,2.8766621658151097,2,1,4,5,0,5,0.0
Professional,6.483371306686365,2,9.755653958145917,5,1,4,3.3315705992124727,4,4,3,3,3,5,0.0
Student,7.304030777633898,5,3.66014418781835,4,5,1,6.173044891828074,1,2,0,3,2,0,5.444142150796432
Professional,7.897642320655771,4,4.949533309903842,5,4,3,5.5949652535570085,1,2,2,3,0,1,2.2577456842718067
Student,8.153468099495754,4,4.701241768910581,2,3,2,3.590313661387853,1,2,0,2,2,0,3.822834727998794
Student,8.390445538024258,3,6.885504888463059,3,4,2,5.102331566287653,2,3,1,2,5,0,3.9259822783606744
Professional,7.132700798887165,4,6.71283025242373,2,4,2,3.658692509209815,2,3,0,2,4,0,2.985379068484251
Student,5.6690611534319615,3,9.983399677288995,5,1,4,2.8841588728499725,4,4,1,3,4,5,0.0
Professional,8.78591600727643,4,2.7114857197249447,5,4,3,5.326418489893352,0,0,1,3,0,4,4.48817955354197
Student,5.619548187715925,2,7.898540842730544,4,1,4,3.4077331154949935,3,3,3,4,3,5,0.0
Student,7.8690651204345246,5,5.931195115800488,2,5,2,5.220572268449349,2,1,1,0,4,0,5.888986317969461
Professional,7.612465090824898,5,4.978551439881981,3,5,3,3.740535682913691,0,1,1,3,2,1,4.269393704647551
Professional,5.981995695833497,2,7.928040102685472,3,2,5,3.6102217425910306,3,2,3,3,3,5,0.0
Student,7.434887381481221,4,5.088269804657593,2,5,2,5.980151966296725,0,0,1,0,2,0,6.6003439687347765
Student,5.275295699694112,3,7.672300861775775,4,2,4,3.8244712925440085,2,2,4,4,3,5,0.0
Student,4.2298638169347615,3,11.754282958299186,5,1,4,1.180475698872029,5,4,2,5,5,5,0.0
Professional,4.167330715957886,2,10.250382597420302,4,2,5,2.590378816788391,4,3,5,4,4,5,0.0
Student,7.755023297889569,4,4.335964820623525,3,5,2,4.652063951936712,0,1,1,2,0,0,6.73569012509698
Professional,8.340522678154853,4,5.132208486513079,3,4,3,4.203491814243762,2,3,1,2,2,0,4.17597728870432
Professional,8.329643652506185,4,5.943719963147341,2,4,2,3.8807582430599856,2,3,0,2,2,0,2.4588296976706205
Student,5.923104165585972,3,7.058448589317797,5,3,4,3.338559649114552,1,2,2,5,3,4,0.0
Professional,5.614658816952989,2,9.107218124773294,4,3,5,1.8096698593280394,3,4,2,5,5,5,0.0
Student,8.09249506770887,4,5.846723556343621,3,4,3,3.586959299714662,4,3,1,2,3,1,2.2886380483531386
Student,7.327768144311696,4,5.717565485712267,3,4,2,5.516225809079886,0,0,0,2,3,0,4.571442876221471
Student,6.594876116909158,3,8.553714238103629,2,1,5,3.861938812544952,3,2,4,2,4,5,0.0
Professional,6.895372481805939,4,3.358075746580019,3,3,2,5.934950967403783,1,1,0,1,1,0,4.372448896864921
Student,6.165324270318558,3,8.43188520104873,4,2,4,3.1426635118361643,1,1,3,1,4,3,0.0
Student,7.720512954086081,4,4.873873934542539,5,4,1,6.44108859551193,1,0,1,2,2,0,5.556353097209779
Professional,7.886847711695661,4,5.490086325728747,2,5,3,3.5543918505954895,0,0,1,1,1,0,5.119353839710261
Professional,7.419265399115194,4,6.814541972945335,2,5,2,5.0352170404739045,1,2,1,2,3,0,4.061219597700258
Professional,8.181567850643587,4,2.544689212836666,4,4,1,6.350498850538101,1,2,0,2,0,0,6.250442666767588
Professional,4.989520151881111,3,8.849380714394513,2,1,3,2.29380490914789,4,4,2,0,5,1,0.0
Professional,4.515167316318821,3,5.081511619507291,4,1,4,3.9276599023203183,1,2,2,3,3,5,0.0
Professional,4.895862562450964,1,9.957000555203269,4,1,5,2.994235468764285,5,4,1,4,3,5,0.0
Professional,8.392669128781645,4,2.770909739613402,3,4,3,5.619101004916933,2,1,2,2,4,0,3.647591486349963
Student,5.367811569050387,3,8.02839509668267,4,1,4,3.9257271472490136,2,1,2,4,1,5,0.0
Student,8.332137583413681,5,5.809684212298345,3,4,1,5.392744097627879,1,2,2,2,3,0,4.470801834128895
Student,5.881833878503263,3,10.062043673085284,4,1,4,1.3839017441932169,4,3,4,3,5,5,0.0
Student,8.262044293954313,3,5.18918206012286,2,4,2,4.00897002178346,2,1,1,0,3,0,4.472078964689889
Professional,7.5455951780484085,4,4.407211988416195,3,5,2,5.0585511897874005,3,4,0,1,3,0,2.9777850606855134
Professional,6.370714364378958,1,8.236830035215718,5,2,5,2.1679971127751294,3,3,2,4,4,5,0.0
Student,4.014720579477557,3,11.180771626957004,4,3,5,1.9374687494104519,4,4,2,5,5,5,0.0
Student,6.807801758329139,1,5.01895040219223,3,1,4,1.2588267919261278,4,5,3,5,1,5,0.0
Student,7.7943883862694445,4,6.9500137188925155,3,3,3,3.3819121411504987,1,0,1,1,2,0,2.459498230499162
Student,7.561652442253941,3,4.984674584786843,2,3,3,5.208352347447745,1,1,2,3,2,2,1.5136628049669532
Student,7.525049209407492,4,5.748221482955471,3,3,3,3.941897764391302,3,3,0,1,2,0,2.145719737715768
Professional,7.403499374076487,5,2.1588916991123357,5,4,3,7.462285494632519,1,2,2,3,2,0,5.475962998027118
Student,8.055592803512674,4,4.360192763764919,4,4,1,7.650496996642243,0,0,3,2,2,0,4.586616720256197
Student,8.46358682920269,5,4.225291740648755,3,4,3,3.0059533453757132,2,3,0,4,1,4,0.8547908942286673
Professional,7.051605804792802,5,4.9967031512598545,4,4,2,7.450207461710422,2,1,1,2,2,1,5.666233384053049
Professional,5.648807378339635,2,8.61843181274391,5,3,4,1.547140186167086,3,2,1,4,4,5,0.0
Professional,8.841634976462618,5,3.377257350736386,3,5,2,6.446959634737659,2,3,1,2,1,0,6.0339568392220535
Student,5.73977203974047,1,9.29723591037029,4,2,4,3.4965636494862884,2,1,0,4,5,5,0.0
Professional,5.018207049933283,1,7.80583512656497,4,3,5,1.5134919730666017,4,3,3,4,3,5,0.0
Student,5.533154719109762,3,9.48468092215643,2,2,5,2.1257716531112147,3,4,1,2,2,4,0.0
Student,7.719388406055094,4,6.365999954226129,2,5,3,3.9151784747560567,1,0,2,2,3,0,3.635894540550016
Professional,6.640557291490458,5,5.666738125443524,3,5,3,5.5800286311450895,1,0,1,3,1,0,4.771413892534695
Student,4.997300935579206,1,10.802310192549752,5,1,4,1.8445694982364846,5,5,2,5,4,5,0.0
Student,6.8395507877096335,1,7.42990094273121,2,2,5,1.4483790174909132,3,2,2,3,1,4,0.0
Student,6.171234213445571,2,11.770898632602012,5,1,5,1.4405270860867034,5,5,3,5,4,5,0.0
Professional,7.559767381054693,4,3.6605506552477594,3,3,3,4.351278012711861,0,1,2,3,1,2,1.9289108329694837
Professional,8.223415019195313,4,5.604336759645578,2,4,3,5.979178855438152,1,2,1,2,3,0,5.755126412260919
Professional,4.711484773521341,3,8.599762863146427,5,3,5,1.0863956259032714,4,5,4,4,4,4,0.0
Professional,8.419460075831852,3,5.2784536350310445,3,5,2,3.670726218212749,1,1,1,2,3,0,4.257759814777827
Student,8.155119471170696,5,4.3470614328153,3,4,3,6.627814862013283,0,0,1,2,1,0,4.428571560988743
Professional,4.722220250111191,2,7.311925483125046,2,1,4,1.9300586519672551,3,2,1,2,2,4,0.0
Professional,4.163184255643224,1,7.554950820547331,4,1,5,3.549418387307917,1,2,4,5,3,5,0.0
Student,5.382775789905055,1,7.978576256130087,5,1,5,3.9298399587304456,4,4,2,5,5,5,0.0
Professional,5.380863177816393,3,7.2840090862824045,5,2,4,2.278987585964483,1,0,3,3,3,4,0.0
Professional,8.005477672778673,4,6.805460958789916,2,3,2,5.691638047872477,1,2,0,1,4,0,3.3886501385830803
Student,4.676710606479831,3,8.684202212010641,2,2,4,2.1934980563504496,3,2,1,1,3,4,0.0
Professional,5.834935385057262,2,9.02620300717663,5,2,5,1.120607334187249,4,3,2,4,3,5,0.0
Professional,5.8479977177123725,3,9.036365531041698,5,2,4,1.7358386834357917,2,1,4,3,5,5,0.0
Student,7.4756428711560705,5,3.9889146295241393,5,4,2,5.561885888452338,0,0,1,4,3,0,4.367024942723542
Professional,5.0542780631261985,1,7.537362436915551,5,1,5,2.9255648331018573,3,2,4,5,3,5,0.0
Professional,8.46921642513515,5,5.956344127393201,5,4,3,6.7549824587289375,1,1,0,3,2,1,4.669149454723619
Student,7.0551229430808915,4,3.1522739153369583,3,5,2,4.140083056717442,0,0,1,3,2,1,4.502078800257069
Student,5.784828512888661,3,8.107446507896405,3,2,3,2.4393024672268293,2,3,0,3,5,2,0.0
Professional,5.790881919987388,3,7.089988614763183,2,2,5,1.3105015400338895,1,1,3,1,3,3,0.0
Professional,8.228446266380018,5,5.511811889488715,4,5,1,5.607976337022999,2,2,0,5,2,0,4.066159625393031
Professional,5.533003643808826,3,5.6537167873942025,3,2,3,1.4331939836281684,2,3,3,2,3,2,0.0
Professional,7.783314372745894,3,4.127605602944848,3,5,3,4.256623095783144,0,0,2,3,1,1,4.64504920657979
Professional,5.263962321329672,3,8.921082601153461,4,2,5,2.7809996344474532,2,3,3,3,2,5,0.0
Professional,7.2318221487943655,4,2.7415232474006213,5,5,1,7.123101311826217,0,0,0,2,1,0,6.860223150655626
Student,6.03722486343233,1,8.476009719929458,5,2,4,2.7186569047856675,3,2,2,3,5,5,0.0
Professional,6.298273798633176,2,9.9698283861143,4,1,5,3.330247792963405,4,4,2,2,5,4,0.0
Professional,7.681166242953327,5,4.5463955046787525,2,3,3,5.268212407101025,2,1,2,2,3,3,2.2298912587147623
Professional,6.748155831054339,3,6.1493243369747645,2,4,2,3.921992489304614,2,2,2,0,4,0,3.460934853395779
Student,6.200492073072912,1,9.412843355160014,5,3,5,1.1176470191810033,3,3,3,5,3,5,0.0
Professional,8.273154985558932,4,6.0485037443848535,3,3,2,4.253943420530839,2,1,0,3,3,2,2.894660406905412
Professional,7.945094190123515,4,5.899362143739544,3,4,3,6.747303667207117,2,1,2,5,2,2,2.9248098386974783
Student,6.539569319336622,5,5.170059773080857,3,3,3,5.888361803254103,0,1,1,3,1,2,1.4461084237590374
Student,8.07271493217952,3,4.465324291166203,3,5,3,3.0230576162855494,2,2,1,1,3,0,3.340814677273463
Professional,4.880773101974106,3,9.795103343752634,5,1,5,3.544028916454714,4,5,4,4,3,5,0.0
Professional,6.348137420554087,3,9.73437204533175,5,3,4,2.1106909623567196,3,2,4,3,4,4,0.0
Professional,6.504209648485349,1,8.442402484527198,4,1,3,2.491217190590681,4,4,0,4,5,5,0.0
Professional,4.953727221667425,2,9.837705791015969,4,1,5,1.9349778816887018,3,4,3,4,3,5,0.0
Student,8.188516636992453,3,3.9687547120311835,2,3,2,4.149541353327652,0,1,0,2,1,0,5.657887260401332
Professional,6.923325787128393,2,5.358983297836788,2,2,5,3.4813115101559435,3,3,3,3,2,5,0.0
Professional,6.432611105459477,3,9.229917805136708,4,3,4,3.3652456033415947,5,4,4,3,5,4,0.0
Professional,6.598745233761772,3,3.7542394647229713,3,4,3,5.263137339916311,0,0,1,2,1,1,4.163183440388208
Student,4.429365868553081,3,10.976783899589744,4,2,4,2.8261529106651104,3,4,1,4,4,5,0.0
Professional,5.758508924690107,3,7.516835271947604,2,2,4,3.682962190572552,2,2,2,4,2,5,0.0
Professional,5.980576000242019,2,8.138323905068535,5,3,5,1.478781078693863,3,3,2,4,4,5,0.0
Professional,7.9523131035115195,4,6.3129664680267155,2,5,3,5.627080959564014,1,1,1,3,4,1,5.236543480164915
Student,7.959361558616418,3,4.719545673656677,2,5,3,4.925413405180806,2,1,1,2,4,0,4.303957458393377
Professional,6.708675167433823,5,5.638877622651451,3,5,2,4.128087385958388,0,0,0,2,3,0,4.0454676870489985
Student,4.317420953835865,3,7.232878378409371,4,3,4,3.964426619845482,3,4,2,1,4,2,0.0
Student,4.2470840293345455,3,9.663565867467339,4,3,5,1.4981719079984042,2,1,2,4,4,5,0.0
Student,6.689340780871344,4,4.9197201661398555,3,4,2,4.514431293597308,1,2,0,0,0,0,4.156290084347285
Professional,6.416076821379628,3,7.43749211773414,4,1,3,3.814155211941156,2,1,1,4,2,5,0.0
Student,7.514716473437077,5,4.730394517559104,4,4,3,7.135912405872513,1,0,0,4,1,2,5.1892490826919175
Student,4.999167066910703,2,8.460520002607314,4,3,4,1.4007908145190298,4,3,2,4,4,4,0.0
Professional,4.867221690580393,2,5.6221842461894385,4,1,3,1.5257795842605104,1,2,2,5,2,5,0.0
Professional,7.033812259984369,3,6.461281923975689,2,5,3,4.974275366778587,1,1,3,1,4,0,2.6846442758954288
Professional,5.643779166536363,2,10.525605380091294,5,2,4,3.6732464707541803,3,2,0,5,5,5,0.0
Student,8.187547820075213,5,4.906667896202078,5,4,1,7.676412451316001,0,0,0,2,1,0,7.037114038718008
Professional,5.004310347543013,1,9.722294868409186,2,2,5,2.072281618241144,4,5,3,3,5,4,0.0
Student,8.34502958214321,5,4.805921257769958,5,5,2,6.541394972246568,1,1,2,3,3,0,4.396457451539714
Professional,6.6618408166779535,4,3.337964677579618,2,3,2,5.267801962926331,0,1,0,1,0,1,4.3935766742022455
Professional,6.651208499844794,3,7.461789217995065,4,2,4,2.916526235803877,3,2,1,3,2,4,0.0
Professional,8.417419920549166,4,4.557830078423965,3,3,2,4.266166695113383,0,0,0,2,2,0,4.321054566993137
Professional,5.6116238445320645,3,5.5985723680032295,2,2,4,2.49661917593275,2,1,3,2,3,4,0.0
Student,6.807424412108318,1,8.475888405501037,3,2,3,1.9063540573214208,3,3,2,1,3,1,0.0
Student,7.657153517294456,3,4.019168891321094,2,3,2,4.559694629789659,1,0,3,2,2,1,3.1664853551746814
Student,8.6857165621691,5,2.7498009639015826,4,4,2,6.6507197050519,1,2,2,3,1,0,4.077835492433106
Student,8.260004188087727,4,6.491909803599261,2,5,2,5.169763729240889,0,1,0,1,3,0,6.74930988544421
Student,5.356755609839408,2,8.316720975045724,4,1,5,3.5116662328210415,4,3,2,3,5,5,0.0
Student,5.765419529355522,1,8.693477180618654,4,1,5,1.941884768029627,3,2,2,3,4,5,0.0
Student,4.221302403882612,1,8.960884167846778,5,1,4,1.6747045581469202,3,2,1,3,5,5,0.0
Professional,5.052014666183748,2,9.771704657153442,2,2,5,2.6301470723738314,4,4,2,3,5,5,0.0
Student,7.375125336043553,4,5.562721261064917,4,5,3,6.537077253485656,3,3,1,3,2,1,1.5981282419027236
Student,5.7013913645144205,2,9.780808255212008,4,2,5,1.0071613157785744,5,4,4,3,4,5,0.0
Professional,5.960806930554367,3,5.5232516224047785,3,2,4,3.054158929194444,1,0,3,3,3,5,0.0
Student,5.582860444454544,1,5.655867474306121,2,1,4,1.757811905154829,1,1,2,1,2,4,0.0
Student,7.9929691115460155,5,4.272192629531109,3,5,3,4.872176762317274,0,0,2,3,1,0,5.1688770717259205
Professional,6.584061888345289,3,7.276093462040594,3,2,5,3.7211739404934843,2,3,4,4,3,5,0.0
Student,7.952824426492464,4,4.934156204388852,2,5,3,4.123865269257659,0,0,2,2,2,0,4.194624416427998
Student,5.936652719855726,1,5.87661000943955,3,1,3,3.3234822720027464,2,3,3,2,4,3,0.0
Professional,8.372558471597554,4,6.695281379404614,2,5,2,5.5569528205606105,2,3,2,2,0,0,4.626322057017165
Professional,8.453257901895444,3,6.279417393375856,3,3,3,3.9662910233851836,2,3,1,1,4,1,1.0763013716421632
Student,4.766607838889137,3,10.528452985691121,4,2,4,1.2623990231563593,4,5,1,3,5,5,0.0
Professional,8.80239892668345,5,5.127372326097377,3,4,2,5.90203895602929,3,4,1,2,2,1,5.188017955100911
Student,4.210267586268076,3,8.468467887519557,5,3,4,2.8836419323739357,2,1,1,5,5,4,0.0
Professional,8.328597796190877,3,6.036398550545773,2,3,2,4.61157232442153,2,1,0,0,3,0,5.028447105960489
Student,4.236371415515947,1,11.947991049567662,5,1,4,2.3906663709755773,4,4,4,3,5,4,0.0
Professional,6.283961178778525,3,8.951644053316906,4,2,5,3.014312991055837,1,1,4,3,3,5,0.0
Professional,6.152799734455767,3,10.747117466978,5,3,5,2.1030602745766527,5,4,3,4,5,4,0.0
Professional,6.980014547461229,4,6.309090845505297,3,3,2,5.965686586669231,3,4,1,1,1,0,1.5897750513756292
Student,4.609083338556103,1,9.097213039528413,4,3,5,3.9578780588449116,5,4,2,4,5,5,0.0
Professional,7.741807339978056,3,6.758919405907395,3,5,3,5.988861826481569,2,3,1,2,3,1,2.6240671340015815
Professional,6.530609610508046,2,7.748001990675908,2,1,5,3.107169689367467,2,1,2,2,3,5,0.0
Professional,5.549433131006062,1,7.793459822276949,4,2,5,3.5099638047079074,2,1,2,4,4,5,0.0
Student,5.097877028332535,3,9.73897107545443,4,2,4,2.8282782485833096,3,4,3,5,5,5,0.0
Professional,5.1639332644843545,3,8.430874328938701,4,1,4,1.2822389651656136,4,4,2,3,4,5,0.0
Student,7.280457921825332,4,4.654867604554918,3,5,2,5.346244652774777,1,1,1,4,0,1,5.0497002238577275
Student,6.237831602846496,3,10.610835024124022,4,2,5,3.9537847132389556,2,2,2,5,3,5,0.0
Professional,6.799818777270397,3,8.390287080509498,3,2,3,3.855593458222754,3,4,2,0,3,1,0.11132191999341362
Professional,7.589362950612084,5,5.206746120387059,3,5,3,7.009773618029511,1,0,1,3,0,0,5.98768612394213
Student,8.218733665022832,4,2.314193434001261,4,4,3,6.656304746857708,0,0,0,4,3,3,2.0174574636948024
Student,5.887290544824152,1,8.695247665494117,4,1,5,1.8969959396639817,4,4,4,4,4,5,0.0
Professional,5.391254842013618,3,10.195748408869887,5,3,4,3.4286279708186846,3,4,2,5,5,5,0.0
Student,5.854612474591928,2,7.612338864325108,3,1,3,3.627911029125489,2,1,1,4,2,5,0.0
Professional,4.131685319705249,1,9.985719197988107,5,2,5,1.48818267125336,4,3,2,5,5,5,0.0
Student,7.686325236663892,5,5.440977479720824,4,4,2,7.430305988697997,3,4,2,3,3,0,3.0526838551199638
Student,8.070077918158487,5,5.048379550070073,3,5,3,4.515832613923512,1,1,1,3,3,1,4.862819749191251
Professional,8.736046946776293,5,2.3487932539237812,5,5,2,6.623589682063871,0,1,1,3,2,1,6.938675108091969
Student,5.3528352816215286,2,11.047274026804006,5,3,5,3.0344723595635985,4,3,3,4,5,4,0.0
Professional,6.857963105272788,4,3.8182808067219502,2,5,2,4.281558343221468,0,0,1,0,1,0,6.496261876121359
Professional,8.079738813866609,5,5.181261106274935,3,3,2,3.389414481932368,0,0,2,2,4,0,3.4997155776498174
Student,7.666897975257876,4,5.127399379354653,5,4,1,7.870307164398607,2,1,0,3,0,0,5.091289989320296
Professional,7.650682747483738,5,2.9046120095555894,5,5,3,6.73511215763912,0,1,2,5,0,2,4.981629602165734
Student,4.3578752365556195,2,7.338676358035114,4,1,5,2.8969862906377593,1,0,4,4,2,5,0.0
Student,7.65489582568644,5,4.124148662244377,2,5,3,5.1954494459200475,0,0,3,3,2,0,5.544057611384101
Student,7.728687411477768,5,3.7224938600247794,4,4,2,6.656688948039479,0,0,1,2,0,0,6.570294462017661
Professional,8.257904173097018,5,4.193433942574474,3,5,2,3.4859307779900743,0,0,1,1,3,0,6.272790239216767
Student,5.450040776733526,2,11.072125269471986,4,2,4,1.3554614362673203,4,3,3,3,5,5,0.0
Professional,7.070647330274067,4,4.469495003188692,2,5,3,5.066031629169695,0,0,2,1,1,0,5.445021565319119
Student,6.553612782401405,5,4.703113319383929,3,4,2,3.2705010047235032,1,2,0,4,3,0,1.5934585687630227
Student,7.38213123582452,5,4.297341041584243,2,4,2,5.5711062899268615,0,0,0,2,0,0,5.902112445292345
Student,5.778362247874971,2,9.384104223298188,5,2,4,1.3081799094932633,5,4,1,4,5,5,0.0
Professional,7.9663609020525765,4,5.331895102434634,2,3,2,5.913630103614434,2,1,0,0,2,0,6.110325892270457
Student,4.455214844001665,1,11.69555247893383,5,3,5,2.1402964800675606,4,3,1,5,5,5,0.0
Professional,5.599283438299168,3,9.064503046290332,5,2,4,3.4234934242923116,4,4,0,3,4,4,0.0
Professional,4.206960018845572,1,7.098126556666416,5,3,5,2.136634957593912,1,1,1,4,4,5,0.0
Professional,4.787142662112151,1,9.191161143161548,4,2,5,2.8722341127547972,3,3,2,4,5,5,0.0
Professional,4.923889222744121,3,8.893535257792,4,2,3,3.931200265582972,3,3,2,3,4,3,0.0
Professional,8.068405429789,3,4.644143555305527,2,3,2,5.803772747281638,2,3,0,1,3,0,4.300956037479752
Student,5.357485055814809,2,10.390692876373132,4,3,4,3.3314048066391275,3,4,2,4,5,4,0.0
Professional,6.638616338468597,4,3.7165862744545333,2,3,2,4.32951499615709,0,0,0,0,2,0,5.229591398429305
Professional,7.443546388732136,3,3.4831183173739526,2,3,3,3.431722517672841,0,0,0,3,2,1,2.2125433170394486
Professional,4.100962886214013,2,11.562308945107064,5,1,5,2.3213863208061642,3,2,2,5,5,5,0.0
Professional,5.260959915937434,2,8.491693443360065,4,2,4,3.6111861205616718,2,2,2,4,3,5,0.0
Student,6.594605474006982,2,8.78102032220962,4,2,3,2.1941508408118824,3,2,3,5,3,5,0.0
Professional,5.189461924911025,3,10.719047704488904,5,2,4,3.504074715166281,4,5,2,2,5,4,0.0
Student,4.757444540702617,3,7.299389657546741,3,1,5,1.7548604866121484,2,3,3,5,2,5,0.0
Professional,7.298300552473615,3,6.520906491254365,2,3,3,3.0745507536224355,2,3,0,2,1,2,1.5565201163975335
Professional,7.732088356806478,5,5.349820998173665,2,3,3,4.618040040178402,2,3,1,2,0,2,2.258184427907491
Student,7.428895579317239,4,4.656789179033006,3,5,3,4.491503850629071,0,0,0,1,2,0,4.238306101683227
Professional,6.790756087963813,4,4.150276743351489,2,3,3,5.247003529776203,0,1,2,0,2,0,3.9932726849948583
Professional,6.4991424048791036,1,7.109172381644127,5,2,5,2.8688777881989074,2,1,3,5,2,5,0.0
Professional,7.861712922191081,5,2.521532752348405,4,4,2,5.183546770581119,0,1,0,4,2,0,3.0651123939949874
Professional,8.240429757607362,5,6.20968462127218,2,4,2,3.977098893149712,3,2,2,0,5,0,5.0937465173235665
Professional,5.573933030768627,3,9.627792331970017,2,1,3,1.935663237625778,2,2,2,1,4,4,0.0
Professional,6.643470090693869,3,5.167476406224251,2,2,3,2.6546936130882037,1,0,1,4,1,5,0.06870113913480436
Professional,6.734496710629883,5,4.496652093872971,2,4,2,3.0081379257849377,2,3,1,3,2,0,4.229232198499017
Professional,7.360830230718752,3,6.045890410625491,3,4,3,3.610372756565431,2,2,2,4,2,3,0.0
Professional,7.354778370293286,4,3.6805401064395937,2,3,2,4.589118448862593,0,1,1,2,3,1,3.128960681029782
Student,8.494351085122776,4,6.394593390791054,3,5,3,4.995611104545372,1,2,1,4,4,1,5.153916175733128
Professional,6.938061097007489,3,3.3844971098974486,2,4,3,3.6232267694832228,1,1,2,2,2,0,3.0764143332625444
Professional,6.079905882068303,3,8.088516551293429,5,2,4,2.5983892418991994,2,3,2,4,1,5,0.0
Student,6.690042479566269,4,6.370155200689697,2,3,2,3.7315260763338536,0,0,1,4,4,3,3.0021203158838037
Professional,6.062929176118441,3,8.654691171815676,4,3,4,2.3083306505552783,3,4,3,3,3,3,0.0
Student,5.311348705667576,3,5.457707142034939,3,2,5,1.0231604838790704,2,3,3,3,2,5,0.0
Student,7.479256736989999,4,5.423224623894324,3,4,2,6.029409404950339,1,0,0,2,1,0,4.368954146111773
Student,5.870753369490076,1,8.988893695070217,2,1,4,2.959380248056477,3,3,1,3,3,5,0.0
Professional,7.522575796018632,4,3.03304297777674,2,3,3,4.79879283947788,0,0,2,0,2,1,4.879801247616514
Professional,5.171157411246924,3,7.293969301003869,4,3,5,3.9139750078485616,2,1,3,4,4,5,0.0
Student,4.2332937702791495,1,8.099853284448894,4,3,4,1.9811452626575554,2,2,2,5,2,4,0.0
Professional,6.914979348560703,3,5.591925546741609,3,5,3,5.404912364376992,0,1,0,2,2,0,5.1733509909330175
Professional,6.832287409189612,3,5.223490088730895,3,5,3,3.2682722771710515,2,1,1,3,1,2,3.110656827534598
Professional,8.128467507292019,4,5.710654837265212,3,5,1,5.264611148527317,1,2,1,1,3,0,5.225528415427189
Professional,8.421747399440662,4,3.819997312737398,3,5,3,5.443164256146565,0,0,1,2,2,0,4.739971562739457
Professional,6.429993769867064,3,9.617279190339762,5,1,4,2.831187520552373,4,4,1,4,5,4,0.0
Professional,4.297129772979345,1,10.017268789224644,4,1,4,1.219981014146559,2,3,3,3,4,5,0.0
Professional,5.812060869924691,2,7.056992526147996,5,2,4,3.615061403824896,3,4,1,5,4,5,0.0
Student,7.206450195575077,3,6.2575868803753405,3,4,3,4.3180072641324525,0,0,1,2,3,3,2.3220409017761505
Student,7.4028171148780135,3,4.253344887988154,2,3,2,3.8753328876616786,1,2,1,2,2,0,3.895667120913865
Professional,8.245674398040425,3,3.9758771631388212,3,4,2,3.222256168668231,0,1,1,2,4,0,3.7767849763047194
Student,7.980237208531538,4,4.933891208358686,3,5,3,4.890651571367326,3,4,0,1,3,0,3.191761925871426
Professional,5.609223914833633,2,6.488447552084969,2,2,5,1.8997084368716592,2,3,2,3,3,5,0.0
Professional,5.626582666623271,1,8.3735848417199,4,2,4,2.7917460245531496,3,4,2,5,5,5,0.0
Student,7.691246900676158,4,4.989882717727401,5,5,3,7.337106834116621,1,0,1,4,1,0,4.5288010599658035
Professional,7.351922728582185,5,3.0960389406334454,2,5,3,5.905143967569626,0,1,1,1,1,0,4.627601364859543
Professional,4.91827176225851,2,11.40897971335978,5,1,5,2.693523818379773,5,5,4,5,5,5,0.0
Student,7.757403904024407,5,3.6781799479358797,2,3,3,5.322910251014239,1,1,0,2,2,1,3.61259568610002
Student,6.737136142732018,3,4.608002917692382,2,4,2,3.2445775686908327,2,3,1,2,1,0,2.579599568831321
Student,6.864552802586849,3,5.874059211396455,3,4,3,4.49813138929156,0,0,1,3,4,2,1.6327468368510694
Student,8.795001586025142,5,3.7841039818946034,3,4,3,7.372771507240492,1,2,0,1,1,0,6.73196076069244
Professional,8.250170771060002,5,3.617038420779672,4,4,2,5.690785596864989,1,2,2,3,4,0,4.47520395172744
Student,6.130347338384721,3,10.015084503564736,5,2,4,3.4869545929609878,4,4,1,4,5,5,0.0
Professional,4.526548772173166,1,8.342951578278553,4,2,5,1.1384764970926025,3,3,3,3,3,5,0.0
Student,6.034271785159894,3,7.861304297328728,3,1,4,2.7132164340385607,3,4,2,1,4,4,0.0
Professional,7.37177567694551,4,4.38560900507201,2,5,2,4.373328142132603,1,0,0,2,2,0,5.773572927982888
Professional,7.2291596880179645,5,5.502113163742761,3,3,2,3.8758273369388636,1,1,1,2,2,0,2.6997034000129245
Student,6.867566129220568,4,4.620928770410496,3,4,3,4.981314211929918,0,0,3,3,1,0,2.738706465965277
Student,8.248964749039615,4,2.6095685169867067,4,4,1,7.297935232633799,0,1,0,2,2,0,7.713431508761049
Professional,6.117703809662151,2,5.390550683606819,3,1,5,2.7097147942931374,2,3,4,5,2,5,0.0
Student,7.7889453950194,4,3.3098733787153987,3,3,3,4.729567484337565,0,1,3,3,0,4,2.2406746655118
Student,5.396456595433347,1,6.567655003910436,3,2,4,1.2187175361331974,3,4,2,2,0,4,0.0
Professional,5.472858468720132,1,8.945939687261095,3,2,4,2.1801882764619513,3,4,2,4,5,5,0.0
Student,7.579364806493765,3,3.875709338094322,3,3,2,4.6025070025290775,1,1,0,3,1,2,2.0448188587841267
Professional,6.0546601397251445,3,11.761877320785294,4,2,4,2.840354068761468,5,5,1,4,5,5,0.0
Student,4.533599450939097,3,11.147505491079166,4,1,5,3.163365400018821,3,4,3,5,5,5,0.0
Student,6.699555797283695,3,6.677483356502081,4,2,5,2.6513356920865174,0,0,1,4,2,5,0.0
Professional,7.930138419428954,4,4.984300140156726,2,5,2,5.551673115560099,0,1,0,2,2,0,6.036562483127027
Professional,7.029515684250228,4,4.7365917457698545,5,4,3,6.346514753421231,2,1,2,2,0,0,2.2072801332757255
Professional,8.155966286845379,3,3.965415689189844,3,5,3,4.518578392430575,0,0,2,3,0,0,4.313904523345854
Professional,7.709182864325723,4,3.862077218550807,4,5,2,7.851580813646135,1,2,0,2,2,0,4.453228761230875
Professional,4.985891091230859,1,10.322926075352125,5,2,5,3.835964815607818,3,3,2,5,5,5,0.0
Student,4.879589994593715,3,7.045299461946551,5,2,4,1.401528383401133,1,2,3,4,3,5,0.0
Professional,6.26231416827215,2,6.518857067474936,4,1,5,1.104392950860312,1,2,3,3,3,5,0.0
Professional,6.716890590684331,3,6.001396720928017,4,1,3,2.8531290450996747,1,1,1,2,4,5,0.0
Student,6.82259374032208,1,7.474452165479488,4,1,4,3.9811552738648857,2,2,2,4,3,5,0.0
Student,8.065457134770643,3,6.005809166412224,2,5,3,4.5121227097063095,3,4,1,1,0,0,4.870575221466072
Student,7.6801928295603865,5,4.338605141404124,4,4,1,7.890788128045168,0,1,0,2,0,0,6.654225005982998
Student,7.872850410901552,5,5.585825398663545,2,3,2,5.430624626806148,2,1,0,1,1,2,4.515304105612427
Student,5.098244967457979,3,8.538033934055578,4,3,5,1.5250250553879439,3,4,3,4,5,5,0.0
Professional,5.128531137056421,3,9.604955801539585,4,3,4,2.2568099897634206,4,4,0,2,3,2,0.0
Student,4.51830022020485,2,11.75421741832383,4,1,5,1.0120912496034604,5,5,4,3,5,5,0.0
Student,4.26613297148401,3,11.152997236776587,4,3,4,2.852994990599204,4,4,2,4,5,5,0.0
Student,5.298735833411625,1,8.522338809062402,2,2,3,1.2205936580269534,2,1,1,3,3,3,0.0
Student,8.049798228395462,5,4.180132641802832,2,4,2,5.089113686521536,1,0,2,2,2,0,5.009639529204773
Student,7.466415826204954,5,4.170118749593083,5,5,2,6.448868985607188,0,0,0,3,1,0,7.210541786665936
Professional,4.2047780602811375,3,11.383554596954292,4,2,4,3.01446226774308,5,5,1,5,5,5,0.0
Professional,8.053777411131152,5,4.843780909329594,3,4,2,5.376939977812297,2,3,1,3,3,0,3.980629767754771
Student,8.266337079377285,5,3.718726791525481,2,4,2,3.2870563450738337,0,1,1,3,0,1,4.5358011923048585
Professional,5.835482502290889,3,8.520508814670283,4,2,3,3.2003034427048993,2,3,1,4,3,5,0.0
Student,6.930834034530212,1,5.242519762230022,2,2,3,3.028123453244469,1,1,0,2,3,1,0.0
Professional,5.166697294986929,2,6.250867825328938,4,1,5,2.6523860008035136,3,2,2,5,4,5,0.0
Professional,5.345967351266604,1,7.255506598511948,2,2,5,2.200368837389113,1,0,2,1,4,4,0.0
Professional,6.621714452238312,4,5.453567573281287,2,3,2,3.9054399874514476,1,0,1,2,2,1,3.7957858248046215
Professional,5.2068631577501225,2,9.969318546390436,5,3,4,3.826939289536361,3,2,2,5,5,5,0.0
Professional,8.244201442539485,5,4.945531661232381,5,4,1,5.976718037115896,1,0,0,4,1,1,4.760700099641197
Student,5.732870173459519,2,9.84453188357626,5,1,5,3.9529854071801624,4,4,3,5,5,5,0.0
Student,5.245684571948637,3,9.382070725404795,4,1,5,2.0367617516995145,3,2,3,3,3,5,0.0
Professional,5.036643780501512,3,9.684713884825028,4,1,4,1.4238188177882551,3,2,2,3,3,5,0.0
Professional,4.760070831748804,2,9.195572297915717,5,2,5,2.465468507408063,1,2,1,5,2,5,0.0
Student,5.857254000819344,1,11.10812657263715,4,3,5,3.2561255374101754,4,4,3,5,4,5,0.0
Student,8.098771113387144,4,5.381043388147209,3,3,3,3.698182639438728,0,0,2,1,3,0,4.923460176869738
Professional,5.183085113550987,3,9.356512402675293,5,3,4,3.342289163848841,3,2,2,4,4,4,0.0
Professional,4.876507864478805,2,10.174127375411464,4,1,5,1.450641702169401,3,3,4,5,5,5,0.0
Student,4.234812287329839,2,10.770700914672297,5,3,5,2.3731221839051697,5,5,1,3,3,4,0.0
Professional,6.624436804372337,3,4.518747137367628,3,3,3,4.404314664301467,0,0,3,3,2,1,0.2511489710277599
Professional,8.304390696383203,4,2.923441582812639,5,4,3,6.101777388444661,0,0,0,3,0,2,3.789768600784665
Student,7.508069849551277,4,5.247086725735838,2,4,3,3.44725014073512,3,3,2,2,2,0,2.4998316558341656
Student,5.588730053120115,2,11.529032298618585,4,1,4,3.2772231588509118,2,1,1,2,5,5,0.0
Professional,8.643696797773316,5,2.6992260977353952,3,5,3,7.71630983055179,1,2,2,3,1,1,6.817450820472659
Student,4.070410245817234,3,10.858132422443262,5,1,4,1.3557451939061815,3,2,3,4,5,5,0.0
Professional,7.818386587586598,5,5.166118487734298,2,5,3,3.047216059392855,0,0,1,1,2,0,4.884575897785514
Student,8.376973465977315,5,5.668740684889828,4,5,1,5.369172895109713,2,3,0,1,2,0,6.6938810706356735
Student,4.813305991987458,3,10.629365400689876,4,2,5,3.69938578376032,5,5,2,4,5,5,0.0
Professional,7.299296136205143,5,3.2732255088950946,3,5,3,5.504004666286874,0,0,2,2,1,0,5.85648659360721
Student,8.963571015579406,5,5.034865038606318,3,4,1,5.148743254768165,0,0,0,2,2,0,6.874921774213984
Student,7.198534514831824,4,2.152840484307028,5,5,1,7.96766908201883,0,0,0,3,1,0,7.08463045856419
Student,4.562956885622057,2,10.552698113644512,5,2,5,3.715935151860963,3,4,3,5,5,5,0.0
Professional,7.358163611453465,5,5.7118828240240855,3,5,3,4.505363619902554,1,0,1,3,2,0,5.4242050363159
Professional,7.627838969653711,5,5.859201710936214,3,5,3,3.6926151829841958,1,0,2,1,2,0,3.282690905590554
Student,5.192663179179245,2,7.4341048353525,5,1,5,2.8785710355592626,3,4,4,5,5,5,0.0
Student,5.506917722007422,3,9.27251888006792,4,3,4,3.86893602600763,4,4,1,1,5,1,0.0
Professional,5.602905515108008,1,7.3013223976993835,5,3,5,1.5438068730231156,2,1,3,5,4,5,0.0
Student,7.420326774354085,3,4.677885123647078,2,3,3,5.571737214373669,1,2,1,1,2,1,3.5170677029416564
Professional,6.614650385837484,5,6.934215183926848,3,4,3,3.7608905589651385,1,1,2,3,3,1,2.5099338845124466
Student,6.362452778934515,1,10.333168025501486,5,3,5,1.2563826780749074,4,4,2,4,4,4,0.0
Professional,7.845243354995343,3,6.661397875468054,3,4,2,4.7418806242810145,4,3,1,4,2,1,2.440488357324435
Student,8.181042897410721,4,2.74453319751018,5,5,2,6.755731519752867,0,1,0,3,0,1,3.789008693830644
Professional,6.756789326280219,5,3.344791584370137,2,5,2,4.709879152156388,1,0,1,2,0,0,6.699976501219614
Professional,6.390902736690746,1,7.400698052412764,5,1,4,3.62496261631875,1,1,1,4,4,5,0.0
Professional,6.038027176630031,3,7.812863266754386,4,2,3,2.8429685526587054,3,4,2,4,4,3,0.0
Professional,7.402875391835935,3,5.998661369900235,3,3,3,5.392327404025513,1,0,2,2,2,1,2.4082795433065796
Student,4.253551310973083,1,7.423756686540187,4,3,5,3.682706738990598,3,4,4,5,3,5,0.0
Student,7.677905002897215,5,3.0535737916015893,2,3,2,5.95780977622609,0,0,2,2,1,0,5.649103012177712
Student,8.339761686128213,5,5.819474891957576,4,4,3,5.3136091309100895,2,2,3,2,5,0,2.9632532426764926
Professional,6.483927872724037,1,8.746426755143176,4,1,5,2.9452371626940477,4,5,3,5,3,5,0.0
Professional,4.745884837654462,1,10.380614590557922,4,1,4,2.58591800451111,3,2,3,4,5,5,0.0
Professional,5.729228020035986,2,8.689910312596618,5,3,4,1.4293651858313279,4,4,3,5,5,5,0.0
Professional,6.210850375257943,2,5.3681625572556415,3,1,4,2.32284679270418,1,1,3,3,2,5,0.0
Professional,8.460899772437951,5,6.273346351381322,3,4,3,5.888951656802644,3,2,1,4,4,2,2.6489411681115733
Professional,7.894488473929943,4,5.401794250311739,2,3,3,3.4388300449257962,0,0,1,1,1,1,3.935190563500701
Professional,6.72981060087009,3,6.217179764171267,4,1,3,1.6705547225206994,1,2,0,2,3,3,0.0
Student,6.234162690321941,2,10.250318224783527,5,1,4,1.200558296516545,3,3,1,3,4,5,0.0
Professional,4.5368388443823715,2,8.261314008104113,2,1,3,1.8991484619186854,4,4,1,3,3,3,0.0
Student,6.256745712685635,1,9.333516232850766,4,1,4,1.1634384726601623,1,2,4,4,4,5,0.0
Student,5.025941691415782,3,6.323108626370933,2,2,5,2.72702921951925,2,2,3,2,3,5,0.0
Professional,4.867051438088453,1,8.451979444211092,5,3,5,3.4277484588718243,4,5,3,5,2,5,0.0
Student,8.722796996445288,5,2.7373487196671022,5,4,2,5.4496106647189375,0,0,0,3,1,2,5.482781707278509
Student,5.547279864377845,3,7.427455693144694,4,2,3,2.912745149049142,1,0,3,5,3,3,0.0
Student,6.003957061623709,3,10.051478207946008,5,3,5,1.1994129621026033,4,3,1,5,5,5,0.0
Professional,7.210623514929479,3,3.798006579575533,2,3,3,4.314145479731712,0,0,1,2,0,1,4.071595384763596
Student,8.260595050080838,5,5.210138929141539,2,5,3,3.7702426948105834,2,2,2,4,2,2,4.643188648779464
Professional,6.923215444641016,3,6.802636381503076,2,4,3,3.36131599780685,2,1,0,2,3,0,2.402365022270002
Professional,7.463722388534023,3,5.631663839400775,3,5,3,3.6581173961756757,1,1,2,0,3,0,4.009072910332617
Student,8.148555564481445,3,5.489471831643241,2,5,3,5.062115216054128,1,1,0,4,2,1,3.613705582045798
Student,5.331112152812539,1,10.132178151759517,5,2,5,2.535775064015677,2,1,3,5,3,5,0.0
Professional,6.4599629753836005,2,9.973990500941259,5,1,4,2.794116648990572,4,5,2,3,4,4,0.0
Student,4.270285638561747,3,11.954661989400956,4,1,4,1.3481982944302544,5,4,3,3,2,5,0.0
Professional,7.091131025951817,5,5.952985898271576,5,5,3,7.9513041033177245,0,1,0,3,3,1,5.436706061846608
Student,8.06364669410824,5,4.974100259106885,3,5,3,3.8496105949835013,1,2,1,1,2,0,4.008430649016991
Student,8.19213503575849,5,3.8316605876899,3,4,2,4.277919995952726,1,2,1,2,2,0,4.343918051800443
Student,7.047431635647358,5,3.978504563173309,2,5,2,4.800121942955122,0,0,0,1,2,0,6.527621323490067
Student,5.57863884191874,1,10.420113656893996,5,1,5,1.8443590970349435,4,4,4,5,4,5,0.0
Professional,6.918561256161077,3,5.242356514987284,3,5,3,4.16913188083856,3,3,1,3,2,2,1.5201440031231006
Student,7.336135667245258,3,4.871147126496046,2,5,2,5.337833870924041,3,4,0,1,2,0,4.212043022741316
Student,5.523592239645382,3,7.114090065985976,4,2,4,2.102496829309999,3,4,2,5,4,5,0.0
Student,6.593353720225027,3,7.77094754865329,2,1,3,3.086890116350151,2,2,0,3,3,5,0.0
Student,7.479214428151105,5,6.776156456332469,3,4,2,4.028926812502307,2,1,1,2,3,0,2.4943774663317093
Professional,7.8350719898097605,5,2.3811441402708593,5,5,2,6.052823910613498,0,0,1,1,0,0,7.274675545687426
Professional,8.395015989084493,5,4.7374876575481295,4,5,2,5.373831891349697,0,0,1,4,2,0,6.744212594395614
Professional,8.7913431080294,4,5.165385425827855,3,4,1,7.523642879307053,2,1,0,1,2,0,6.424880717634056
Student,6.676590205000071,1,5.754944030373428,2,2,3,1.2772464558191552,1,1,3,2,3,4,0.0
Student,7.869006958078294,4,3.6826347675862516,3,5,3,3.633030807233799,0,0,0,3,2,1,4.0305504592771415
Professional,7.968874815759319,4,5.719623735507221,3,4,2,4.683093312809561,2,1,1,2,3,0,4.006483691960854
Professional,6.545728195947705,2,7.3910989166018535,2,2,4,1.9881913080616953,2,3,2,1,3,2,0.0
Professional,4.853634472930198,2,11.282735877182883,4,2,5,3.1694548179632003,4,5,2,4,4,5,0.0
Professional,5.2652524721269955,3,7.631370451646132,5,1,5,3.0576659340113315,0,0,3,4,4,5,0.0
Student,7.68298857804432,4,2.062506006825826,3,4,3,7.543528672667867,0,0,1,2,1,2,5.938003667302215
Student,8.679845767343705,4,3.249851456185979,3,4,1,5.329813333753334,0,0,0,1,4,0,6.875566721357263
Professional,5.213248468224172,1,9.921699238404505,2,2,4,2.693021749588552,3,3,4,4,3,5,0.0
Professional,6.726104222899871,2,7.025973024088725,4,1,4,2.526042196918545,3,4,2,4,3,5,0.0
Student,8.23170574194621,4,4.07473390593718,5,4,1,7.495830618591541,0,0,0,2,3,0,6.441984672594666
Student,8.255042043767514,5,3.8559987096566477,3,3,3,3.442033169630432,2,2,0,2,0,2,3.9813989064307806
Student,6.156879450239113,3,6.66902274046814,3,2,5,1.5890465264238287,3,4,3,3,5,5,0.0
Professional,6.720525707811094,5,5.105952856910125,3,4,3,4.842470854463991,1,2,2,3,2,0,3.9315850826569605
Student,8.266119341181795,4,3.0943605022981573,2,3,2,3.6093330078822596,0,0,0,1,1,0,6.838667022154758
Professional,4.629442084074074,3,7.862066373766943,4,1,3,1.888330312842045,4,3,1,2,3,3,0.0
Student,6.999739430851549,5,3.7888664358428623,2,3,3,5.9187906114927085,0,0,0,2,2,2,4.425562689442917
Student,7.312616321327611,5,6.502029283952509,2,4,3,4.648356434940537,1,0,0,2,1,0,3.2668260993819866
Student,8.190063200448114,5,3.603970095791437,2,5,3,5.912083143027878,0,1,4,0,1,0,6.4355179323010105
Student,4.600705366626468,3,9.779458890588415,2,2,5,3.8641431886971125,1,1,3,3,5,5,0.0
Professional,4.544701775952935,1,11.184322058266261,4,3,5,2.749827253949112,4,5,3,2,5,3,0.0
Professional,8.593611019617628,5,2.703793949407067,4,4,1,5.789424683114526,1,0,0,1,0,0,9.150533958737862
Student,7.395705103913402,3,3.10694172079429,2,5,2,3.7026835350941747,0,0,2,3,2,1,5.101400708923776
Professional,8.751309832951101,4,4.823492337090865,5,5,3,6.770979660620551,4,5,3,5,1,2,2.823159107947333
Student,7.015367111769938,4,4.791593311522449,3,5,3,6.152829669249196,1,2,1,3,2,0,3.4436777096381936
Professional,7.616472004059421,4,3.354418100777332,3,4,3,5.847970098262891,1,2,1,2,0,0,5.850045747306561
Student,5.2109161719900055,2,8.697113318347409,4,3,4,2.463438732812069,2,2,2,3,5,3,0.0
Professional,8.070861861881326,3,6.466910201305985,2,5,3,5.827371650344096,2,3,2,0,3,0,4.01712422141124
Student,5.631006013581356,3,8.940137101953791,4,1,4,3.2329200457312384,3,3,2,4,5,5,0.0
Professional,7.8637728191606655,4,5.638236080708726,4,5,2,7.955603972672858,3,3,1,4,3,1,3.2499213479849978
Student,5.781985964958732,3,8.642590268199172,2,1,5,2.548742438947087,2,3,3,3,4,5,0.0
Student,6.880185505849266,3,3.6690731112922603,2,4,2,5.450873815888494,0,1,2,2,1,0,5.279577375634979
Professional,8.303187735116222,5,4.2415130147795,4,5,3,5.055833269839578,2,2,4,3,2,1,3.9273658558834796
Professional,7.088588113472889,4,5.225825384896156,3,5,2,7.886537355938565,1,2,1,2,2,0,4.704181657681256
Student,7.003222047115969,5,2.8515747880911024,4,4,1,5.264771148003335,0,1,1,2,2,0,5.313619203619698
Student,5.1610533431424805,3,6.652566103662252,3,1,5,3.102922624338855,1,2,1,4,3,5,0.0
Professional,5.650804105809714,1,7.254427526982062,4,1,5,3.385345437133787,3,2,2,4,4,5,0.0
Student,7.133140261060113,3,4.320671060366674,2,5,2,4.678761777759872,0,1,1,1,3,0,5.649109427809124
Student,8.459417546218113,5,5.842189302981005,4,4,2,7.684428250579844,2,2,1,4,2,3,2.7259883882511193
Professional,8.008802051727626,5,4.067616720309296,4,4,1,5.350994983066491,2,2,1,2,1,0,5.5525422131033135
Professional,6.289366695961668,2,7.5140097431791695,4,2,5,3.610382866051811,1,0,1,4,5,5,0.0
Professional,7.911823453434847,3,3.342167212456261,3,5,2,4.813433454396009,1,2,0,1,2,0,4.82954168791606
Professional,6.100209888054906,2,10.790501682280997,5,1,5,3.164734014371545,4,5,2,4,3,5,0.0
Professional,8.110523749326116,4,4.13373423479269,2,5,3,3.395042853219591,0,0,2,1,0,0,7.276396020956295
Student,5.921483033100795,3,7.952329139445767,5,3,5,1.0453812634808406,2,2,2,4,4,5,0.0
Professional,8.006829652669955,5,4.190865947815579,3,4,2,6.582770728724042,0,1,1,2,1,0,5.852738936481826
Professional,8.478029974326136,4,5.104913595127627,3,4,2,6.008154071988522,2,1,1,3,2,1,4.332244776678336
Professional,7.090113506007757,4,5.018345638157384,2,5,3,5.7556875761616,2,2,1,1,2,0,4.8433231461900865
Student,4.6295178803689065,2,10.905849695734016,5,1,4,3.0656146056374953,5,4,0,4,5,5,0.0
Professional,7.19573167217699,4,4.816149892040915,2,4,2,3.9797358460696675,1,0,1,1,1,0,5.050297711539997
Professional,7.990432555231305,4,3.463380368628229,2,3,2,3.044795090378427,0,1,1,2,0,1,4.475942835569609
Professional,8.28490684082443,4,2.3306421176681784,3,5,3,7.336515827365257,0,0,2,3,0,1,5.558661369387576
Student,6.9143122563067045,1,6.938973073964493,4,1,5,2.0379541421252103,2,1,2,4,5,5,0.0
Professional,4.500336889047432,3,7.138682194754244,5,3,4,1.7689253530540472,1,0,1,4,3,4,0.0
Professional,8.753852365878169,4,5.364000191609756,5,4,3,5.830229886859347,0,1,3,3,3,1,1.7896506501955622
Student,5.580031608224445,2,7.1876270138461935,3,2,3,2.860496944708707,1,1,3,2,3,2,0.0
Student,6.857813554295113,1,5.590063521065122,3,2,4,2.6668910582620073,3,2,1,3,0,5,0.0
Professional,6.504694419701845,5,6.9205682175186585,2,5,3,3.1466933499533782,2,2,2,2,3,0,3.2125955889670905
Professional,4.964284105382592,1,9.705474724672086,4,2,4,3.0574497073721045,4,3,2,3,3,5,0.0
Professional,6.123949081772346,2,11.057593433062454,4,1,5,1.5240553612039527,5,4,4,5,5,5,0.0
Student,7.5594583231000545,5,3.543132207551639,3,3,2,4.793336945774129,0,0,0,1,1,1,4.94522519755357
Student,8.285321913139596,4,5.271330356420529,3,5,3,3.6567883982548652,0,1,3,3,1,1,4.5479524552275175
Student,4.933633334774162,1,9.339212407454479,4,1,4,2.4968523519309898,4,4,2,3,4,5,0.0
Student,7.536023776028826,3,4.669050964408962,2,3,2,5.474607848219386,1,0,1,1,3,0,3.159113536886216
Student,7.5122426958755,4,3.266886536051799,3,4,3,4.927862629666045,0,1,2,1,3,0,2.6049210395373192
Student,8.180932783495269,4,5.03570805637842,2,4,2,3.334562356791613,2,1,0,3,0,0,5.491546297422482
Student,5.017497038245194,2,8.752628510497107,2,1,5,1.6073936510457467,1,2,5,4,4,5,0.0
Professional,6.028558633195178,1,8.144611115947818,3,2,3,2.617285716090173,2,3,0,3,3,3,0.0
Professional,6.563270792811048,5,6.254032139324967,2,4,3,4.028627615575216,2,1,1,2,4,1,2.2315578543319994
Student,6.388232075803229,3,5.426785759859749,3,1,3,3.0843776016090514,2,2,0,2,3,5,0.0
Student,5.3084361797111566,3,7.389472027246694,2,1,4,2.446854957166119,1,1,1,4,2,5,0.0
Professional,8.427314196793665,5,2.2248639827401915,3,5,3,7.46715922304052,0,0,3,4,1,3,4.826310043544484
Student,8.22605711897992,5,5.841892094673341,2,4,2,3.9396402855641806,0,0,0,3,4,0,4.671280455028202
Student,8.446693269504138,4,5.123292193826037,4,4,1,6.169970434604888,1,2,0,1,2,0,5.971428450906073
Professional,6.920417084065006,2,9.50946873797809,4,1,4,2.068452663522353,5,5,4,2,2,4,0.0
Professional,8.91485262492127,5,2.5102331701212246,4,5,3,5.366636813917973,0,0,1,2,0,0,6.854530101213863
Professional,8.394326852942203,4,5.659878621411375,2,5,2,5.942089865668601,4,4,0,1,2,0,4.542215986058917
Professional,4.339022742132947,3,9.273220580201397,4,3,4,3.887210561189352,4,5,0,5,5,5,0.0
Professional,8.906432134588778,5,2.6408565407820968,4,5,3,7.266622169617562,1,0,2,3,1,0,6.45274393635097
Student,5.647223608415519,3,8.212907775443554,5,3,4,3.4150591579812497,3,2,1,5,3,5,0.0
Professional,8.234106950609368,4,4.13389001129789,2,4,3,4.87282501448194,1,2,2,1,1,0,4.742842513661786
Professional,7.480462849813643,5,6.43789740854818,3,3,3,3.9060731031954643,2,3,2,4,3,4,1.3716191197261085
Professional,6.615164831783968,1,5.18688141104674,3,2,5,3.6109606319306105,1,0,3,5,3,5,0.0
Student,5.717580972860524,2,7.305933387531835,3,2,3,3.764418106146948,0,0,0,2,4,4,1.5034763324734701
Professional,8.135747811152712,3,6.877659703706124,3,3,2,4.782931012162788,2,1,1,2,3,0,1.6397304195283127
Student,6.400835084315206,3,8.850854233289397,4,2,5,1.3151785187650724,3,4,3,3,4,5,0.0
Professional,7.470726546383572,5,6.691078931309351,3,5,3,5.923168753396233,2,2,2,3,5,1,3.1928127490238483
Student,8.127138716315889,4,3.2314741589511056,5,5,2,6.209254423107266,2,3,1,3,1,0,3.5827403493229917
Student,8.664219375139261,4,2.2251383768810733,4,4,1,6.553257472754599,1,2,0,4,1,2,5.944951752503341
Student,5.550122086868914,1,5.433568497801087,4,2,5,2.6374799077324225,0,1,3,4,3,5,0.0
Professional,5.473515783282165,3,9.36142604563739,4,2,5,1.5313473262799258,4,3,2,5,4,5,0.0
Student,8.301606411463624,3,6.81371570014778,2,4,3,5.7881929546714606,2,3,2,2,3,0,2.872450965427265
Professional,4.946845719914494,3,5.89137045563617,2,1,5,3.748412054139427,0,0,3,2,2,5,0.0
Professional,7.754351741027906,3,5.974362142742187,2,3,3,4.126914498264965,1,2,1,1,2,0,2.6827401496670005
Professional,7.292095068101267,4,2.949984796331472,4,4,2,5.597898644103921,1,1,0,2,1,0,4.605722016349463
Student,7.9907317607831345,5,2.046127000589671,5,4,3,6.583139245170709,0,0,3,2,2,1,3.029989967069027
Professional,8.378057192926944,5,5.696056086835995,3,5,1,7.331784948545226,2,2,0,1,0,0,7.258430891431344
Professional,6.817485650538455,4,6.972859420047139,2,4,2,5.273169045614754,3,3,0,0,3,0,3.589440897057052
Student,6.4037380982705185,3,9.332148571978815,2,2,4,3.3568887484633323,2,2,1,2,3,4,0.0
Student,6.6684200533255265,4,3.3938705143633605,2,4,3,4.03198773064054,0,1,0,3,3,3,2.743430851667381
Student,7.972331210056638,5,5.8568722976568495,3,5,3,5.973473220677411,0,0,1,3,3,0,6.348013683524011
Professional,8.707925948337767,4,3.053783498180167,3,4,3,6.750611323505641,0,1,1,1,1,0,4.889964170914658
Student,5.305638501630593,3,7.4947610007057515,5,1,5,1.2430933287340502,1,0,2,5,5,5,0.0
Student,6.987043832115064,2,8.826076418591878,2,2,3,2.317109840045256,2,3,1,2,2,3,0.0
Student,5.1742929677659415,2,7.763517239595042,4,1,5,2.2063130023512683,4,5,4,4,2,5,0.0
Professional,6.8155553866976275,4,3.4557062855346636,2,4,2,4.60012064564711,0,1,0,0,3,0,5.289178084221003
Professional,4.908118158059849,2,6.776324459657642,4,1,4,2.1125996632640813,1,1,1,3,4,5,0.0
Professional,5.20797851963434,3,8.395698763406982,4,3,5,2.237562105674774,3,4,2,3,4,3,0.0
Professional,7.465996995742078,4,6.592942579330229,2,5,3,5.34694824783838,2,1,1,3,1,1,2.991185178806245
Student,8.979436163667508,4,5.519881394357661,3,5,3,5.426316020906994,1,2,1,2,4,0,5.089408485287009
Student,4.214645234913784,1,8.31939852788291,4,2,5,2.0418202137771884,2,3,5,4,3,5,0.0
Professional,8.246875446884726,5,3.1202416758332494,3,5,3,7.311148399287617,1,2,1,2,0,0,6.093179575937374
Professional,6.180090179225206,3,9.204072235050774,4,2,5,1.8422024588822077,3,3,2,3,5,5,0.0
Student,5.405329346380048,3,6.0827259478920865,2,2,5,1.0710842981745443,2,1,1,1,1,3,0.0
Professional,6.571138141816306,1,9.329097028760442,2,1,5,1.8262528338514554,4,5,2,3,3,5,0.0
Student,7.9400707209874195,5,2.6171458180436398,3,5,2,7.545726451635076,0,0,2,1,0,0,9.243628998764464
Student,7.727660926289753,5,3.000583757563381,3,3,3,4.957418148003596,0,1,0,3,1,4,3.1496567612221504
Student,5.764757413131101,3,8.602768233386737,2,2,5,3.832575267758961,3,3,0,4,4,5,0.0
Professional,8.425634892826707,4,4.232490990685202,5,4,2,7.759540241579397,0,1,0,2,1,0,6.398255698297499
Student,8.089247500075007,5,3.6463820977484493,4,5,2,6.97349494588701,0,0,0,3,1,1,5.236912290456698
Student,4.977185616579944,2,8.28475712210598,4,1,5,2.215957599243418,3,4,2,3,4,5,0.0
Professional,5.555525976685717,1,8.396698357143691,4,1,5,3.766713645986561,2,3,3,4,2,5,0.0
Student,8.011850453864007,4,3.0458733560856666,3,4,1,6.427489829493707,0,0,1,0,0,0,6.363326583966156
Professional,8.304728633496659,5,3.3511419367524664,3,5,2,4.60472799772417,0,0,0,2,1,0,6.5394106948041975
Professional,4.640624804774535,2,8.88987475642858,4,2,5,2.49280602079917,4,3,2,4,4,5,0.0
Student,5.633281128735465,3,9.464679112306674,3,2,4,2.6004680909280964,3,3,2,3,2,5,0.0
Professional,7.132105668311843,5,4.634321383656591,2,4,3,4.826754067839106,1,0,1,2,2,1,4.81797750115285
Student,6.821237984513491,1,8.529145298482037,2,2,3,3.0119460180038775,3,2,2,1,5,1,0.0
Student,7.539945840944508,5,3.532334307634639,3,5,2,6.491857495903522,1,0,1,0,1,0,7.451404964958362
Professional,8.328307850874307,4,4.68535909077408,3,5,3,6.541965734723514,2,1,1,3,3,1,4.744455097840125
Professional,7.441171303101045,3,4.802991968091164,2,3,2,3.701752648848493,0,0,0,1,1,1,5.91062185885425
Professional,7.312933028792615,4,6.847173549991808,3,3,3,5.347914293076739,3,4,1,4,4,5,0.0
Professional,5.291857027130225,1,6.058715996608984,3,1,3,2.9328212391129598,1,0,1,3,2,5,0.0
Professional,6.609818544343844,4,5.253480846268508,2,3,3,5.788789115476755,2,1,2,2,2,0,2.7377556701296
Professional,8.180617103629524,5,3.697963215227517,5,5,1,7.259950065221112,0,0,0,1,2,0,7.689963226807784
Professional,4.072929408558198,2,9.770585606143012,5,1,5,2.0376839108194003,2,1,2,4,5,5,0.0
Student,7.666867875455313,4,5.264719321320527,2,4,2,5.51873468253327,1,0,2,0,1,0,6.068787503216669
Student,6.9385403299438195,5,3.95801460699126,3,4,2,5.416417977945853,1,0,0,1,2,0,5.15413759762145
Student,5.99916338894354,3,7.866269165665301,4,2,5,1.9516127706735373,2,3,2,2,3,4,0.0
Student,5.952341594307715,3,6.611865529291431,2,2,5,1.5568844320039412,1,0,2,0,3,0,0.0
Professional,5.831885489176398,2,11.27198332153126,5,3,5,2.284841243921696,5,5,2,5,5,5,0.0
Student,5.076136930687576,1,10.394564027886036,5,3,5,2.9677720326984316,4,5,3,5,3,5,0.0
Professional,8.184980421073123,3,6.419532026512536,3,5,2,4.9325141602253275,1,1,0,1,4,0,4.907033890762981
Student,5.040416874010461,1,11.798640300655347,4,3,5,1.5222489870676241,4,5,3,5,5,5,0.0
Professional,6.3741077886969215,3,7.457946996779534,5,3,5,2.3392994094669533,1,1,2,3,4,3,0.0
Student,6.6212166459995405,1,9.212439279658394,4,2,5,2.4323662652072127,1,1,2,3,3,5,0.0
Professional,5.299811539056581,3,7.89713421817886,5,2,4,3.3152589449646843,2,2,2,5,3,5,0.0
Professional,6.030453628590479,2,8.469409609597491,4,1,5,1.537457830175587,4,4,5,4,3,5,0.0
Professional,6.583119059466568,5,3.051300771644017,3,3,3,5.1814635756251395,2,2,1,3,2,1,2.8249496673732097
Professional,6.5837024264804445,1,6.219752768078632,4,2,5,3.182413663616002,2,2,4,3,3,5,0.0
Professional,6.9366030697790055,4,3.1337961367635154,2,5,2,3.487710912604742,0,1,2,2,1,1,4.000423361942527
Student,6.788912073248624,4,6.975908566943015,2,4,3,5.473303901495541,2,2,2,2,2,0,2.4968785437999923
Student,7.527993436442897,4,4.1199207173838195,3,4,1,6.054320786410403,0,1,0,2,2,0,5.741206855323542
Professional,5.431148952971879,1,8.639680252130397,5,1,5,1.0354980442495858,2,3,2,5,4,5,0.0
Student,6.279132516679708,1,9.691661281299105,4,1,5,2.374804891227369,2,3,2,3,5,5,0.0
Student,4.498085083537185,1,7.546474579485334,4,2,4,1.2670077644054367,3,4,2,3,2,5,0.0
Student,8.596740948171163,5,4.602997070869149,5,4,2,5.448187636850598,0,1,1,4,1,2,4.197179335237454
Professional,7.520571082881185,3,5.664879732501037,2,4,3,3.244104240119899,3,2,0,2,1,2,2.2629481356067944
Student,5.353147430809141,2,7.774694432291879,4,2,3,1.0541969709712666,3,2,1,3,3,3,0.0
Student,8.855185113230815,4,5.231663039248344,4,4,2,5.2569570895886955,2,1,2,3,2,1,3.943645610187366
Professional,5.888293079934029,2,10.305375563904613,5,1,5,3.208202536686545,4,4,0,5,4,5,0.0
Student,5.940555929129945,1,11.980594466046716,5,1,4,1.8849209478730904,5,4,0,3,5,5,0.0
Student,7.671780746700134,3,3.1719690066752726,2,5,2,3.806374921444968,0,1,0,2,1,0,4.817583593648094
Student,7.969033955159752,4,4.188801038588755,4,4,1,5.521396354713429,0,0,2,2,1,0,5.728436384424414
Professional,6.387695238760943,1,10.608982237602696,5,2,5,1.2690395600559627,3,2,3,5,5,5,0.0
Student,7.463083416919135,3,5.8333552623742335,3,3,3,3.8272623690257777,2,1,1,3,1,3,0.0
Professional,4.983230984105942,3,7.580874917733587,4,1,5,1.2384678096156436,4,5,3,2,5,5,0.0
Professional,6.850351647849285,3,8.018142950328288,4,1,3,2.685162595842442,3,2,1,3,1,3,0.0
Professional,6.118220295160926,3,8.36467939606064,4,2,4,1.4222842076377011,3,4,1,3,3,5,0.0
Student,5.375072662263916,2,7.443418880196894,4,1,5,1.8192534270741136,2,3,2,5,2,5,0.0
Student,6.6490328337600495,3,5.7175357206438875,2,3,2,3.045590619067132,1,0,0,1,2,0,4.952296251205772
Professional,6.693148511064926,5,4.390914156230574,3,5,3,3.32048223483348,1,1,1,1,0,0,5.126973301703668
Professional,7.664810086132297,4,4.151258764176049,2,3,3,5.380895767891242,0,0,1,1,2,1,4.459064654972324
Student,4.451280479151692,3,9.370644450642464,4,1,4,1.4801651108889609,2,2,3,5,3,5,0.0
Professional,8.364703383098274,4,3.221206343557203,3,3,3,5.974734474887359,0,1,2,4,2,4,3.05119834519377
Student,7.63482780728388,4,5.614168556249002,3,4,2,5.264184627185513,3,3,1,2,3,0,3.1748994096869323
Professional,6.2105059286538244,3,7.623746086171472,3,2,5,2.3831871960293007,1,1,4,3,3,5,0.0
Student,5.301801373150401,1,6.833342113935171,4,2,5,1.6702728613229034,0,0,1,4,2,4,0.0
Professional,8.208376502534069,4,3.6294739110457965,4,5,2,6.673296291796556,1,1,1,4,1,1,4.15671251318495
Professional,7.405238820870924,3,4.051624747577008,2,5,2,4.314883453865869,1,2,0,0,1,0,6.482114424511576
Professional,8.157893665764465,3,5.621875120252668,2,4,3,5.933458796077934,0,0,1,2,4,0,4.040842851655365
Student,7.605411417109249,4,5.719040759331458,2,3,2,3.103418159674967,0,0,0,2,2,1,4.264631559404586
Professional,8.74571164013358,4,4.341373532589927,5,4,3,6.312320284568218,0,0,2,4,1,2,3.2133323382901287
Student,6.522298219834903,3,7.433538886788407,4,1,5,2.6711204677876164,4,3,3,4,4,5,0.0
Professional,4.96023267446868,3,8.44623921329875,5,1,4,1.3545579164836687,4,5,2,3,3,5,0.0
Student,8.145463902390672,4,3.630159258451988,2,5,2,4.711251896817176,2,2,0,1,3,0,4.217098269169869
Professional,4.73141950558672,2,8.969196931065403,4,3,5,1.9427258259738145,5,5,3,4,3,5,0.0
Student,6.780251242588581,3,4.351144435898955,3,5,3,3.7360135648824335,1,2,2,3,1,0,1.1914129590916596
Student,5.993645171541663,1,8.341013058361812,4,1,4,2.6364463326744656,3,2,4,2,3,4,0.0
Professional,8.185095358024377,4,5.000229742168697,4,5,2,6.469102251392525,1,0,2,4,3,0,5.124563282937578
Student,7.770116003031112,4,3.134361140365433,5,4,2,6.17305760534699,0,0,0,3,1,0,4.4801015179415
Professional,7.33343586526585,3,6.750397530989824,3,4,3,5.234425356354743,2,1,1,1,3,0,2.9322932798303376
Student,7.21040427201903,4,5.764899676241297,2,4,3,5.675556063124196,2,3,2,3,4,3,2.2502249776821905
Professional,5.920869831589118,1,5.145044951737801,2,1,3,3.8146663602382485,2,2,1,1,2,3,0.0
Student,7.579057178259067,5,5.254777792912149,2,3,3,3.0979254076760014,0,0,1,4,1,4,2.189326702598233
Professional,7.397714592708284,5,4.242332927716205,2,4,2,4.561000625390657,1,1,1,1,1,0,6.227257133560968
Professional,6.655099811642314,5,4.354191009781511,2,5,3,3.973808425693515,0,0,1,1,0,0,5.022922483356668
Professional,7.258680602482743,3,4.509016622939798,3,3,2,4.932008376396772,1,2,1,2,1,0,2.7194223080430677
Professional,5.079999443741599,1,7.937846506602548,4,3,4,2.6158508141134638,3,2,0,4,5,5,0.0
Professional,6.6872446228868565,2,6.602909767414535,2,2,3,2.727790002035754,1,0,1,3,4,3,0.0
Professional,7.242452092473922,3,6.922690936463354,2,3,2,3.6371949614734334,1,0,1,3,3,1,1.3432139498548703
Professional,6.380955881318126,3,10.942537151161421,4,2,4,2.7601636211913094,3,2,1,4,5,5,0.0
Student,8.82718098100091,5,3.2941658023334273,4,5,2,6.498440003037368,0,0,2,2,3,0,6.666074767650894
Professional,6.066491384558627,3,9.450098426108664,5,2,4,2.2870044509708403,2,3,1,2,3,3,0.0
Student,6.404261730305062,1,5.554135844803842,4,1,5,3.172377233084771,2,1,4,4,2,5,0.0
Professional,4.982156575914623,2,7.997754770974945,2,1,4,1.0160415626291806,3,2,2,3,3,5,0.0
Professional,7.030186164596998,5,6.071476204233025,3,5,2,3.496620234674242,1,0,0,3,4,0,3.3162571771810376
Professional,8.307575714684319,5,2.693935681407211,3,5,3,5.31801284822225,0,0,2,5,0,3,3.090961780942261
Student,4.0891233251995605,2,10.37148748946547,5,1,5,1.0027307885585346,3,3,4,5,2,5,0.0
Professional,5.074300210107192,2,7.264519925399294,3,2,5,2.802685150146772,2,1,3,3,2,5,0.0
Professional,4.762381507004724,3,11.12340409404063,5,2,5,2.4331118619786913,5,5,4,4,3,5,0.0
Student,5.017432099523983,2,8.36204276356364,3,2,4,2.9800870754397257,1,0,3,5,3,5,0.0
Student,8.225014426291594,4,5.375366131465353,5,4,3,7.438654469305207,1,1,2,4,0,3,3.668122161723951
Student,6.75677057669092,4,6.283586009475192,3,5,2,3.129978211354155,2,2,0,2,3,0,2.7233597997603796
Student,4.379100935682247,2,9.581059449609846,5,3,4,3.616530005095453,2,3,0,3,5,3,0.0
Professional,6.370756673218138,2,7.630695208880014,4,2,4,3.8060555956207667,1,2,0,4,5,5,0.0
Professional,6.069500082329389,2,9.296048593316584,3,2,4,2.3064492478892396,3,2,3,1,2,3,0.0
Student,7.323596727172951,5,5.844486428615602,3,4,2,5.2724094589247255,1,0,2,3,1,0,3.680000761682441
Professional,7.657710506265809,5,2.4248376345675777,3,4,2,5.3505152809017735,0,0,0,1,0,0,6.735071631674372
Student,7.150575644662126,5,5.269968287471746,3,5,3,5.162918764755696,0,0,1,1,1,0,4.435399438494399
Student,6.694630979390635,4,5.6387342959110285,3,3,3,5.39167495815501,1,0,1,3,3,4,1.245482843717575
Student,4.593792207943057,2,7.411881176439393,5,2,4,2.4165279824532604,2,2,3,4,4,5,0.0
Student,8.320238560493262,5,6.497947990816048,2,3,2,4.966937849009351,0,1,1,1,3,1,4.5202352681040345
Professional,4.83114725529003,1,5.731327263742406,2,1,5,2.442683519562948,1,1,3,3,2,5,0.0
Student,7.386424937304801,3,6.690388761973665,3,4,3,4.006842550314852,0,0,1,3,2,2,3.3180366102315766
Student,6.365360569840358,3,8.760600608680695,4,2,5,2.534204271281942,3,2,4,5,3,5,0.0
Student,7.438304670584704,5,4.998879204350038,3,3,2,4.848204433600332,2,2,0,1,4,0,5.140789264501835
Professional,6.50592909366381,3,6.947265988496539,2,4,3,4.894171056842932,2,3,1,2,0,0,1.6911344983689802
Student,6.729615522649431,4,3.623356187970978,3,4,3,5.215474079861122,0,0,1,4,2,1,3.9194366889020977
Student,7.850231766612662,4,4.192186290981853,3,3,3,5.313708003291131,3,2,0,3,1,2,1.8235689766518721
Professional,6.7420190753468425,4,4.7438455109554845,2,3,3,3.388248019559066,2,3,1,2,0,0,2.535818184878195
Student,7.496281704878024,3,6.284044403153586,3,4,3,3.0561120515753664,1,1,2,3,3,1,1.6209597464043517
Professional,5.262055409791408,1,9.093120075338454,4,1,4,2.561811035483849,4,4,2,5,5,5,0.0
Professional,7.2065199980693535,5,5.857620750916722,2,5,3,3.5926920215932228,0,1,0,4,3,3,2.205765427465228
Professional,4.6838108648605346,1,10.382101640682428,5,3,5,3.831115130556481,4,3,2,5,5,5,0.0
Student,6.286568136500723,2,7.952586810041687,5,1,4,2.1451334461107776,5,5,3,3,3,5,0.0
Student,5.657117905820588,1,8.606473101329598,2,1,5,1.2331324304981357,2,1,3,2,4,5,0.0
Student,5.351465357609919,2,9.122331889169963,4,2,5,3.851092270356955,2,2,2,5,3,5,0.0
Professional,4.866905751791813,2,7.150070865228994,4,2,5,2.5037617847152926,2,2,2,2,4,4,0.0
Student,8.133042540862688,4,3.130449293217661,2,4,3,3.1211533114958345,0,0,2,1,3,0,3.684632370825917
Professional,8.453254058098743,5,5.78144452114724,3,5,2,5.359412957959241,0,0,1,0,2,0,5.995770957561901
Professional,5.9973621586369745,1,6.3300523354248295,2,2,5,3.759000253315147,1,1,3,3,3,4,0.0
Professional,6.80890546870917,5,6.269682875913812,3,3,2,5.036218814907485,1,0,1,4,2,3,2.70049670027444
Professional,7.300272426998196,5,4.3786428699455655,2,3,2,5.9893950157039395,3,2,1,1,4,2,4.290005237641227
Student,7.275896637624676,4,6.220028389531951,3,3,3,5.916449616429299,1,2,1,2,5,1,0.6348885219641609
Professional,7.393994624037049,3,6.262420237627522,2,4,2,4.022967934455934,2,3,0,0,4,0,2.7298319499888732
Professional,8.419117967596714,4,6.232253754188669,2,5,2,3.977061850060922,1,1,1,3,2,0,5.0803488728692745
Professional,8.767234859894307,5,5.094320922398614,3,5,1,5.973498570205171,1,2,2,2,3,0,6.489590468548706
Professional,8.047341372221316,3,6.29647974022391,2,5,2,4.53722352136445,2,2,1,1,1,0,3.7559367838655264
Student,7.780496408151037,5,3.9410723043054205,3,4,3,6.626763142413824,0,0,3,2,2,2,3.8087772421491346
Professional,7.485310778857565,3,3.462402989370367,3,4,3,3.6458950201033384,0,0,1,2,1,0,4.237579590316313
Student,8.377500650365503,3,3.5616273546207817,2,3,2,5.099487445426021,0,1,1,3,2,1,3.5285804868357067
Professional,6.601864057925479,3,6.565472968777884,3,1,5,1.7584443609910583,1,1,2,3,3,5,0.0
Professional,7.830783623628794,5,4.868006723789608,3,5,2,4.050866796344355,1,0,1,1,3,0,5.06190098339892
Student,6.597688337355333,2,9.846764711330525,4,1,4,1.6673686450057628,1,1,1,3,5,4,0.0
Student,5.904823748544684,1,8.499762604947245,4,3,5,1.1042489073799724,2,3,3,5,4,5,0.0
Student,8.370254101915137,4,4.369897821731217,2,5,2,5.204915746765461,0,0,0,3,1,0,6.020147647782987
Professional,6.907917621663483,2,5.952315683559912,2,1,3,3.301098814638347,1,0,1,1,2,3,0.13977195949439175
Professional,7.3839466912716665,4,5.651066572884772,2,3,3,5.260224464569483,1,2,2,2,3,1,2.1681034362909974
Student,5.404053686428056,1,8.437168209304865,3,2,4,3.9219494624720403,1,2,2,3,4,5,0.0
Professional,6.779167105926291,3,6.0849140997366264,2,5,3,3.5742135548695626,3,2,1,2,5,0,2.204566457440237
Professional,6.653602612547596,3,6.74282756332767,2,1,5,3.0149328390182744,1,0,2,3,5,5,0.0
Student,6.994203362348113,3,5.550959932627784,2,3,3,3.036212408474203,1,2,2,2,2,2,0.4745815575153235
Student,5.113803505704569,3,7.422619564295282,5,2,5,3.442696186878216,2,1,3,5,3,5,0.0
Student,8.930216176252344,5,4.176039553849246,3,5,1,5.928069232896115,0,0,0,2,0,0,8.975530792833426
Professional,4.86729588326954,2,7.282850340131042,4,1,5,2.9322075355450554,3,3,3,2,3,5,0.0
Student,5.534058136373317,1,8.469248371565758,3,2,4,3.5576770649833667,2,3,3,2,3,4,0.0
Professional,6.658781364781781,1,6.907488672183289,4,2,4,1.701382906841869,0,0,2,3,4,5,0.0
Student,5.904259293062269,1,9.779914024588333,3,2,3,2.0195243593144325,3,4,1,4,4,5,0.0
Professional,7.258213209987886,5,4.630354018748866,2,5,3,4.649898003942185,1,0,2,2,2,0,4.980644195549786
Professional,8.350509454039402,4,6.728051965106415,3,5,2,5.519609828891381,1,2,0,1,4,0,2.9201776593511517
Professional,8.03224494882246,3,6.635625596079402,2,4,3,5.844194678221331,3,3,1,4,2,1,1.8999884465733292
Student,4.96755556141156,2,11.488806950427255,4,2,5,1.9345377216678354,4,5,3,4,5,5,0.0
Professional,4.127158564703317,1,10.475990052210763,5,2,5,1.1840237623378553,5,5,3,5,5,5,0.0
Student,4.83480470244624,1,7.82195118909218,4,3,5,2.61499185484979,4,5,3,5,4,5,0.0
Professional,8.135864043754816,4,3.9019325887149425,2,3,2,3.525710865674225,1,2,0,0,1,0,4.887506461338113
Professional,8.881945160125825,5,3.3769752577445398,3,4,2,7.873678482187025,0,1,2,2,0,0,7.19771707255027
Professional,8.277693682313451,5,5.977870727813407,2,3,3,5.166674089664522,1,0,3,2,3,2,2.632058166329716
Professional,8.489398267227132,3,3.5648542515656962,3,5,2,4.990756623230595,1,2,0,3,1,2,4.984453312719793
Student,4.439806483177222,2,7.437333848318074,4,2,5,3.855159778097151,3,4,3,4,3,5,0.0
Student,8.707188351542282,5,5.092858664044502,4,5,3,6.086470799599718,1,2,0,4,2,1,5.317153386450737
Student,8.170951001288655,4,2.639000814354208,5,4,2,6.063076209067187,1,0,2,3,0,0,5.3500306287014014
Student,8.697388522792096,5,4.031796733491024,4,4,2,5.392839667547558,2,1,0,2,1,0,4.956870158867545
Professional,7.3053103060660955,4,6.559354126003889,3,5,2,5.441093344615863,4,3,2,2,2,0,3.852299746342824
Student,5.049905606378067,3,9.893164904585408,5,1,4,1.6869614481958426,4,4,2,4,3,5,0.0
Professional,6.643337433554792,4,5.622991648098157,2,5,3,5.573799175344647,2,3,1,3,3,0,2.883436765990415
Student,6.344466595464325,1,9.265544878797108,5,2,4,2.8738838921318224,2,2,2,4,4,5,0.0
Professional,5.595611485918619,3,7.887981376845698,5,1,5,1.899135495244454,4,5,3,5,2,5,0.0
Student,6.8563112913458415,3,5.4742078863218815,2,3,3,5.945886405330353,0,0,2,2,1,1,3.557761875079706
Student,7.236387679615003,5,5.8045496840595145,3,3,2,3.7509144542716437,3,2,2,3,5,2,1.656278789100393
Student,5.944218848455893,3,8.795060724779537,3,2,4,3.644108138015882,3,4,3,5,2,5,0.0
Student,5.587276284928335,1,8.127420084831689,3,1,3,1.4845031945341158,2,1,1,2,4,3,0.0
Student,5.386576742140022,2,11.949413688911534,4,3,5,1.7534005617538944,5,5,3,5,5,5,0.0
Student,7.703346579691158,4,3.9450350408979467,3,5,3,5.257456286841004,2,3,1,3,0,0,3.8211113792036575
Student,8.098258215264241,3,3.92153425903139,3,4,2,3.336423451361935,1,1,2,2,2,0,3.2300104090407236
Professional,5.480275087304913,3,8.702957039614773,4,2,5,2.8654966676804605,0,0,3,4,5,5,0.0
Student,5.256017146362734,2,6.132878852797196,4,1,5,1.7040319704262867,0,0,2,4,0,5,0.0
Student,6.595325352427516,5,3.492432758024617,2,3,3,4.32114877189713,0,0,1,2,0,3,2.187607935219896
Student,8.884208435406038,4,4.716694486660985,5,5,1,6.640973731581125,1,1,1,2,2,0,7.087426247739792
Student,7.2945546521143445,4,4.5378481957244095,2,3,3,3.640249152688493,3,4,1,2,1,0,1.7072771579027766
Professional,6.8145200136595125,1,5.781699626893823,4,2,4,1.2128586675715476,0,0,3,3,2,5,0.0
Student,5.298603688939343,3,7.566222496080686,4,3,4,1.3471880644943213,0,0,0,5,2,5,0.0
Student,7.500321139753554,4,2.740099910219105,3,5,2,7.111987836535079,0,1,0,2,0,1,6.292119500730026
Student,7.1270905250834495,5,5.641227177487898,3,5,2,4.182790641582693,1,2,0,2,3,0,4.658991074560119
Student,7.293414937664058,4,5.017658249749475,4,4,3,5.279219959399667,0,0,1,2,1,0,3.2473239073018436
Professional,8.26281162523932,5,5.977195130456189,3,5,3,5.82958059397348,1,2,1,3,2,0,4.850209662259442
Student,6.979126872704283,5,5.803544013907205,2,4,2,4.842254931758965,2,1,0,2,1,1,4.62930372634757
Professional,6.785918143171852,3,5.599765304243466,3,2,4,1.7854541874857193,2,3,3,4,1,5,0.0
Professional,5.046733169991132,2,9.6024951929443,2,2,3,3.3423366624038273,4,5,2,3,4,3,0.0
Professional,6.331733964777898,2,9.140167623424434,2,2,5,1.3060775578451571,4,4,3,3,5,4,0.0
Professional,8.519126258189187,4,2.949210607562023,3,5,3,6.690619657504086,1,2,3,4,1,2,4.75705381123111
Student,4.630555541194849,1,6.903420012486081,2,1,3,3.055580213185491,2,1,0,2,1,5,0.0
Student,7.391377573972161,5,5.854352328014225,3,5,2,3.844707924892509,1,2,1,1,2,0,4.5282917325746235
Student,6.677845194989156,5,6.153704995500038,2,3,3,3.651111525228106,0,1,1,5,1,5,0.8444236272720789
Professional,7.452732278842589,3,3.2113526404616914,3,5,2,5.179023473419821,1,2,3,1,1,0,4.246453080285464
Professional,8.437630625337775,5,3.4538907559738377,4,5,1,7.937568982125964,0,0,0,3,1,0,8.104853918354959
Professional,6.119291272873308,3,7.610250775684244,4,1,5,3.864232859447298,1,2,3,4,5,5,0.0
Student,6.659942762885809,3,4.24138599180902,2,4,2,3.4994472239287955,1,1,1,2,1,0,3.4179570369989323
Professional,4.620861516745185,2,11.150174214782666,5,3,4,1.5558721582105104,2,1,3,4,5,3,0.0
Professional,6.180092725207292,3,5.363312008272637,2,1,4,3.2658372971589107,2,1,2,4,1,5,0.0
Professional,4.257376130790605,2,11.731203380125699,5,1,5,1.8953006663629368,3,2,4,4,4,5,0.0
Professional,7.433295471377887,3,5.930060230589933,3,3,2,3.9238679973373864,1,1,1,3,2,3,0.6464081964109274
Student,7.473450884866618,5,6.762151481426004,2,4,2,5.995091314385023,1,1,1,1,3,0,5.905833884915371
Professional,6.544179957420442,4,3.015718416326011,3,5,3,5.533735755400338,0,1,3,4,0,0,4.320392627629321
Professional,6.512332774046035,3,5.923715679494967,3,3,2,3.5171422670081185,2,3,0,4,3,2,0.13300731214067002
Student,8.057507460186992,4,5.076701683013811,4,4,2,7.844784571983307,1,2,0,5,3,3,2.687408382850749
Student,7.010806982162628,5,4.269004419514577,3,5,2,6.277944533173889,0,1,0,4,3,2,3.979862156097807
Professional,7.755851186065362,5,2.2872530558724935,4,5,2,5.303675062576296,0,0,0,1,4,0,5.607845611154219
Professional,5.906143905656714,1,9.272106431144945,5,1,5,2.2539178254132746,3,4,2,4,3,5,0.0
Professional,6.13843770752347,1,9.350703528737002,3,1,3,3.8033034838656814,2,3,2,3,4,5,0.0
Student,8.195222799384474,3,6.512437400742282,3,3,2,4.528996764151206,3,3,0,2,2,1,3.3207472447721047
Student,6.337146608691871,3,9.648381259028831,4,2,4,1.2545770101084797,4,3,1,0,4,2,0.0
Professional,5.014652275934706,1,5.7373335339989495,2,1,4,3.4108743965762125,0,1,1,3,2,4,0.0
Professional,6.717128911689298,4,6.76762328259548,3,3,3,5.351458337348058,2,2,1,2,3,2,0.823211768231705
Professional,7.7443821692039965,5,5.232656056939442,2,3,2,4.505152258433513,2,2,1,2,2,1,2.5666714176170364
Professional,6.317521477620159,1,7.362741218851983,2,2,3,1.5305705835534769,2,2,0,2,2,2,0.0
Professional,7.588083964524304,4,4.125798406132503,2,5,3,4.328797212292204,0,0,3,1,3,0,5.401720063426968
Student,7.284354339162064,4,4.57280901458308,5,5,1,6.739283224976376,1,2,0,4,4,1,4.3378759738465975
Professional,8.10988730527997,3,5.669875676779571,3,3,3,3.0061068057042926,2,3,0,4,1,2,0.6494030648261034
Professional,8.735530302093402,4,3.189160307924847,5,5,2,7.48866579223622,0,0,2,2,1,0,6.772263743765993
Student,8.086604074354716,4,3.7657246625830805,3,4,3,3.3882376040994293,1,0,1,2,2,0,3.319555109249034
Student,7.585509176779001,5,6.776327433503125,2,4,2,3.982055899134657,2,1,0,1,3,0,5.710203470006855
Professional,8.51570835904829,5,4.6869791716651665,3,5,1,6.29810255386129,0,1,0,3,2,0,5.808824866233009
Professional,8.332868430676271,5,6.211279674789711,3,3,2,5.077356410193697,2,3,1,4,2,3,3.0559936213849594
Student,4.851419371526445,3,11.552180578265833,4,1,4,1.4531005000801152,3,2,1,4,4,5,0.0
Professional,6.604261705141082,4,3.18964992023848,3,3,3,4.540341202233421,1,0,0,2,1,1,2.3713522748444946
Professional,7.945049768797775,4,6.42190620589707,2,4,3,4.444321825425325,3,2,1,4,3,3,1.0789517729915088
Professional,7.177677321315072,3,6.205014075316496,2,3,2,3.476639550016634,3,3,1,1,2,0,3.753400662491013
Student,7.08319439908457,4,3.671309360427289,2,4,3,4.723091271548039,1,0,2,3,3,1,2.786348210972071
Professional,5.54917254600276,3,6.085128904590427,3,1,3,2.3419862730213,0,0,3,5,2,5,0.0
Student,7.679547307197954,4,5.396521805063983,3,4,2,5.320291526592865,0,1,2,3,3,0,4.114451847763645
Professional,6.060446283706875,3,7.188171879422613,4,2,4,1.7692574745663276,2,1,2,4,3,5,0.0
Student,8.37064042164797,4,4.813596848588148,2,5,3,4.321104601270803,0,0,0,2,3,0,5.696757473475059
Student,7.46427882253723,4,4.2179180760727935,3,4,3,3.684682997808695,1,2,1,2,1,2,1.2008798067324213
Professional,5.275906646479013,1,5.350267429046826,2,1,4,1.301563164039274,2,3,1,4,2,5,0.0
Student,7.781422110368719,4,6.1889743339487655,2,4,3,5.906563413870801,2,1,1,4,3,3,2.154884504428695
Student,6.343833518577566,1,9.519422728091623,2,2,4,1.1706839901992043,5,5,2,2,5,2,0.0
Student,7.856698390288534,5,6.320590472847181,2,4,3,3.3354065741026684,2,2,1,1,2,0,3.347549709527405
Professional,7.140224049460534,4,2.0589820578425164,5,4,1,6.254264663274869,0,0,0,3,0,0,6.340289079682586
Student,5.707623097509887,2,9.017266322942326,4,2,4,3.952816964464346,4,4,1,2,4,3,0.0
Student,4.615370925789849,3,8.5342835106131,4,1,5,3.205797202536886,4,4,3,4,4,5,0.0
Student,6.464418363133834,2,8.198541726728875,5,2,4,2.2296715403866916,3,3,2,5,4,5,0.0
Student,4.577470536530202,1,7.1019974060236795,5,1,4,2.249884413374259,2,3,3,5,4,5,0.0
Professional,8.356547921663768,5,5.587766278225481,2,5,2,3.675237855698197,0,0,0,1,2,0,6.355152466276463
Student,6.871963797941026,5,5.293808837489644,3,4,3,5.635063521694219,1,0,1,2,1,0,4.803294198621406
Student,5.935706496623466,2,5.981175163434665,4,1,5,3.293700259062229,2,2,2,4,2,5,0.0
Student,7.147500854436499,5,5.308930896239895,3,5,2,3.2403469407552663,1,0,2,3,2,0,4.496195624285622
Professional,5.1677116598187105,3,11.110979976133825,4,3,5,2.229614286937687,4,5,2,3,5,5,0.0
Professional,7.767959224941967,5,2.5997900564536027,3,5,2,6.331019576077499,1,2,0,0,0,0,7.225385929641566
Professional,7.13141692787269,5,6.337409619156583,2,5,2,5.407156675708823,0,0,0,2,1,1,6.304675578306491
Student,4.7905591381323,2,5.080598694907729,2,1,5,2.92876201753805,2,1,4,3,3,5,0.0
Professional,7.9268432717179955,5,4.652422000854749,4,4,1,6.707975229087628,2,2,0,1,2,0,5.62657650157291
Professional,4.667923256842533,1,8.318283557223193,4,2,5,3.565253603093779,3,3,4,3,4,5,0.0
Student,5.59161556282773,3,9.139628591086726,3,2,3,2.29575416396755,3,4,1,4,4,5,0.0
Student,8.344904431835172,5,4.1761477866667,3,3,3,3.2367826135655506,0,0,1,2,0,2,3.6581153569440747
Professional,8.272029322973607,5,4.552710165360818,3,3,2,3.1513593378751596,0,0,0,3,0,0,4.127046720518825
Professional,5.415750940792715,1,7.173460924923888,5,3,4,2.586293014137007,2,1,3,3,2,4,0.0
Student,6.9008824221128595,5,5.922372566354701,3,3,2,3.645930235172709,1,0,1,2,3,0,4.0169392668758475
Professional,7.578268951934515,5,3.4399106619456097,3,5,3,6.958369252395114,0,0,1,3,3,0,5.414703945036845
Student,4.984119161528249,1,8.094567785564784,4,1,5,1.7122902505827589,3,2,3,5,2,5,0.0
Student,4.394231517531186,3,10.878689356563374,4,3,4,2.266074991132887,5,4,3,4,5,4,0.0
Student,6.902335568203423,3,4.825487314097541,3,4,3,5.378208433167132,0,0,1,2,2,0,4.9019956166264045
Professional,6.46432014801864,3,6.653112839351026,2,2,4,1.4304834642184523,2,1,1,3,3,4,0.0
Professional,4.007666048707782,1,11.950047078923452,5,1,5,2.718551535631351,5,4,2,5,4,5,0.0
Professional,5.33980113975493,1,7.56621393306364,4,2,4,1.187509832003021,2,3,1,3,3,5,0.0
Professional,6.252545407368608,2,7.738271309390537,4,1,4,1.7585371356585413,3,4,2,3,3,5,0.0
Professional,5.325702757249863,1,9.584568694797703,3,2,3,2.6560346217190482,4,5,2,4,5,5,0.0
Professional,4.553012332213978,1,11.021626278214779,4,1,4,1.0972701689058795,3,4,1,5,5,5,0.0
Student,7.311144107719973,4,3.361816979679442,5,5,1,7.280498832697751,0,1,0,2,1,0,6.676428606487138
Student,6.202922927091846,3,7.605750178270552,3,2,3,3.2750462267005482,3,4,1,3,4,5,0.0
Student,8.220135386600829,5,6.63711252275879,2,3,2,4.585013596506611,3,2,2,2,4,1,2.8050619003719426
Professional,5.142178275710149,2,11.685189359338377,5,1,5,2.101420627778351,3,2,2,4,5,5,0.0
Professional,6.897005786563353,2,5.009421724754153,3,2,4,3.1012016227858297,1,0,2,2,3,2,0.20790609357512524
Student,4.367954924516315,3,9.796285789051012,5,2,4,3.7475001467241333,2,1,0,4,5,5,0.0
Professional,8.872253887061529,4,2.6073516207923384,5,4,1,5.6345239636306985,0,0,0,3,0,0,5.883120491936502
Professional,6.220684913978213,2,5.032712368823023,2,2,3,3.9044868139512507,0,0,0,2,2,2,1.1223587669412856
Professional,7.810875059270975,4,5.660300444292048,3,5,2,7.538514123799735,1,0,1,2,2,0,6.269551669601355
Professional,8.863114480636739,4,4.779599860037783,5,4,1,7.949138283107695,2,1,0,1,1,0,6.203557815318502
Student,5.199545688863344,1,5.542220192824208,2,2,5,1.1475230213993386,2,3,2,3,2,5,0.0
Professional,6.0818544524499565,3,9.70963947424655,3,1,3,1.7535370740072158,2,2,2,2,5,4,0.0
Student,5.311499140977502,1,10.404830879682024,5,2,4,3.8020932391248197,3,4,2,4,4,4,0.0
Professional,8.434764416859839,3,5.743171406427022,3,3,2,3.561650303265121,1,1,1,3,3,2,2.141285421953344
Student,5.097266676162395,3,8.680768638893419,4,1,5,1.8790997075721294,0,1,3,5,4,5,0.0
Student,7.694430977930263,5,4.836719582698988,3,5,2,6.178759923666182,1,1,0,1,2,0,5.66292691330643
Professional,4.091450917424579,2,9.745504192776163,4,1,5,3.1702944460852285,5,4,3,5,5,5,0.0
Professional,7.969029871855076,5,4.365463745355932,3,5,2,5.099933131333916,1,2,0,1,2,0,6.471299516300879
Student,4.628527635537951,2,8.570044773519335,5,2,5,1.7428327982918532,1,0,1,5,3,5,0.0
Student,8.080279625772903,5,2.18116313435256,5,4,1,6.656267542071401,0,1,0,2,1,0,7.713600146134525
Student,7.857865939989406,5,4.220271900748466,3,4,3,3.319294258954412,0,0,2,1,2,0,3.7553745320180405
Student,7.215967264897218,4,3.9598762582526903,3,4,2,7.091207832115945,0,0,0,2,0,0,5.732909560374827
Student,5.32266831630945,2,8.034500137178782,4,3,4,3.998307161615432,1,0,1,4,2,4,0.0
Student,8.287939635002088,4,4.861163142103287,2,3,3,3.364738927952322,2,1,0,1,2,1,2.882286077990694
Professional,7.738863439701962,5,5.966582980599704,3,5,2,3.42228671661135,0,1,0,2,2,0,6.086065286180535
Professional,7.906035935129006,5,2.276640261678977,4,5,1,7.979474883921074,0,0,0,4,0,0,6.177526081756902
Professional,6.236305816380257,1,10.592426861790901,5,3,5,1.9317147450876178,4,3,3,4,5,5,0.0
Professional,7.716391207853825,4,6.060113529726504,2,5,3,3.0029099027873025,3,3,1,1,3,0,3.236642826645775
Professional,6.8126938718906,1,6.067296553976487,3,2,4,1.0393404434614282,0,0,3,3,2,5,0.0
Student,8.3073461919961,5,5.282539263394655,3,5,3,5.760613785921219,0,1,2,2,2,0,6.1158000375384445
Professional,6.811019166298982,3,9.378477062994772,2,2,3,1.101517663530467,0,1,1,2,3,2,0.0
Student,5.129405025437302,2,7.097133136065578,4,1,5,2.993597276495432,2,2,1,3,3,5,0.0
Student,5.674127889713832,1,8.601194958238448,5,3,4,3.8021447869418368,4,3,2,4,3,3,0.0
Professional,4.812149752700138,3,5.844923521469792,4,1,3,3.7486522821292105,3,4,0,2,3,4,0.0
Professional,4.510535431716424,3,9.52629838423299,5,3,4,3.763788409781585,4,3,0,5,5,5,0.0
Professional,7.486095251476652,4,4.285824322356808,3,4,2,7.2723992211353385,0,0,1,3,2,1,5.214180646873161
Professional,8.28370367793605,4,4.832936634949123,3,4,2,4.832373244464178,2,3,1,3,1,1,4.090709344325903
Professional,5.168609026044296,1,9.109629423728595,4,3,5,1.2434532395140185,4,3,2,5,5,5,0.0
Student,6.658788802815547,3,6.311258485781025,2,5,3,3.2586152186048554,2,1,1,3,4,0,0.5472556442510856
Student,6.947846198506796,5,6.027980325761673,2,4,3,5.577714068854554,0,0,0,1,3,1,5.305763664086248
Student,6.620795098027177,3,5.869171773179378,2,5,2,5.216429464487909,3,4,1,1,2,0,5.296514085274362
Student,7.819962668269101,5,6.418743554801763,2,4,3,3.7996616312260247,0,0,0,1,5,0,4.895669168898137
Professional,6.203022278875962,2,7.530941400725469,3,1,4,2.5235968849996175,3,3,3,2,2,4,0.0
Professional,7.48788403880709,3,4.708796735652759,2,3,3,3.7825687055865194,0,0,0,2,2,1,3.0582167331591803
Student,8.71839242373821,5,5.458709221040429,5,5,1,6.086762791671463,1,1,1,2,3,0,4.80968434425334
Professional,5.459542140156494,2,5.189217105103875,4,2,3,1.733088962512376,1,0,2,2,3,2,0.0
Professional,5.143801979174881,3,11.392070755695748,4,3,5,2.573708409959253,5,5,3,4,5,5,0.0
Professional,7.054149609738922,5,4.472733825363903,2,3,2,5.913868199783966,2,3,1,0,0,0,5.52526289040551
Student,8.957116873049415,5,4.1984804679024315,3,5,1,6.510024654533815,0,1,0,2,3,0,6.356404972467837
Student,8.25259077501902,5,5.535617294735449,5,4,1,7.035597262244441,0,0,0,1,2,0,7.6327412535480486
Student,7.393661853716022,5,3.776866750142577,3,4,1,7.528560548442897,0,0,0,1,3,0,7.502567487387736
Professional,7.62577743507154,5,4.871659015798725,3,4,3,7.990894412812059,0,1,0,4,2,3,3.5239031684473456
Student,6.24297546790316,3,5.5133588721977675,3,2,4,3.174775209610176,1,1,1,4,1,5,0.0
Professional,4.036755414868062,3,11.846692637718844,4,2,4,1.2006466577197168,5,5,2,4,4,4,0.0
Student,7.537672982277432,5,3.0985260232518237,2,3,3,5.677893586120501,0,0,0,2,1,2,4.823538854935098
Student,7.108775333641525,4,5.900673826888446,5,4,3,6.511756380371267,1,1,2,2,2,1,1.7271919809624316
Student,8.349175791869078,4,4.747487314040468,2,3,3,3.027421033583434,0,0,1,2,1,2,2.6085421579667005
Student,4.556859348054566,3,9.208509619090844,4,2,3,1.8720825339336358,2,3,2,3,4,4,0.0
Professional,7.871686892635084,4,3.5564488548038637,3,4,3,3.167221081694463,1,1,3,2,1,0,3.361903556052805
Student,8.477168788298922,3,3.6865209780601678,3,4,3,5.551893218222448,0,0,3,2,1,0,5.8440456578147
Professional,6.605670291322657,2,8.926283504169515,3,2,4,2.418292904906171,3,2,4,4,4,5,0.0
Student,6.008760064741635,2,11.195557699670564,4,1,4,1.8720055612604969,5,5,2,3,5,5,0.0
